source	n_prior_targets	n_evaluated_nonself_targets	n_supported_targets	mean_abs_rho	median_abs_rho	max_abs_rho	fraction_supported
SP1	1294	1293	650	0.13104696210982186	0.10051329624585394	0.6046153755074171	0.502706883217324
MYC	880	879	485	0.1348959387704991	0.11523493222114214	0.5010473017467935	0.5517633674630261
TP53	967	966	422	0.10170407640436153	0.08859380577679274	0.3539176188848322	0.43685300207039335
JUN	656	655	396	0.1633334153347296	0.13348722184272668	0.6242514699612616	0.6045801526717557
RELA	556	555	305	0.13519756179011305	0.11063996406427777	0.5476882603528604	0.5495495495495496
HIF1A	459	458	292	0.18546777909421008	0.15350844330031332	0.558905708714071	0.6375545851528385
STAT3	432	431	248	0.13518924527840717	0.12154473923851884	0.44466324202923907	0.5754060324825986
CEBPB	446	445	241	0.13441780004962847	0.11032075982704585	0.4546406237776149	0.5415730337078651
CREB1	462	461	239	0.14151767539864624	0.10561414089828389	0.6521552931060499	0.5184381778741866
AR	506	505	230	0.113863711928103	0.09036060672177353	0.4197540902349354	0.45544554455445546
NFKB1	426	425	225	0.12580710589658145	0.10587359984108191	0.4831839187529861	0.5294117647058824
E2F1	314	313	212	0.2617782715711264	0.20299386093511074	0.7054801151939246	0.6773162939297125
CTNNB1	339	338	211	0.15607561317914054	0.14032045064478765	0.462092317553518	0.6242603550295858
PPARG	365	365	211	0.14842084058957628	0.1281340304824814	0.5056074292230915	0.5780821917808219
SPI1	338	337	203	0.15289067600309544	0.1360137043497276	0.5270280438243817	0.6023738872403561
ESR1	625	624	198	0.07751315161203805	0.06701422002004137	0.2665184881962963	0.3173076923076923
STAT1	302	301	194	0.18282759491964287	0.1492927917259003	0.6051726805775142	0.6445182724252492
EGR1	356	355	189	0.11690394695845688	0.10799219494897956	0.6952690069280268	0.532394366197183
FOS	341	340	174	0.1198915555812105	0.10279448708623269	0.8426841743193065	0.5117647058823529
TFAP2A	314	313	164	0.13046491382300743	0.10603213465791478	0.5026634719968213	0.5239616613418531
HNF4A	275	274	156	0.15264634413566844	0.11728172842919365	0.5795315950764681	0.5693430656934306
NR3C1	291	290	153	0.13598024199780165	0.10716541596646449	0.48777938466698095	0.5275862068965518
SP3	436	435	138	0.10106291619725787	0.06431722700530196	0.5716358564931271	0.31724137931034485
NFE2L2	198	197	135	0.16626203747907126	0.15152861648073926	0.49494542298672345	0.6852791878172588
MYB	180	179	130	0.21403925186916362	0.20078020739074648	0.5645017910733634	0.7262569832402235
E2F4	168	168	128	0.23907285772287204	0.2347695733915113	0.5589660540326282	0.7619047619047619
ETS1	213	212	127	0.13304968895868877	0.1292924165801349	0.46049398937031355	0.5990566037735849
AHR	188	187	123	0.1843137417892624	0.14880644327332418	0.5342003771740251	0.6577540106951871
YY1	265	264	119	0.11492658541649545	0.08871401777818057	0.5725843223397035	0.45075757575757575
SMAD3	188	188	118	0.19142778079989328	0.14551030099107193	0.5879330303670763	0.6276595744680851
USF1	224	223	113	0.13099738443338985	0.1002070469172134	0.45755977867122993	0.5067264573991032
IRF1	166	165	112	0.20956407774555344	0.16674419882339694	0.7167985853819532	0.6787878787878788
EZH2	157	156	109	0.20184937987932675	0.1576917502887205	0.6892154681397082	0.6987179487179487
CEBPA	233	232	107	0.11195192022000834	0.09072648830065055	0.37861222003042105	0.46120689655172414
DNMT1	185	184	104	0.1695821104707489	0.12813619670791423	0.6787482493259062	0.5652173913043478
PPARA	267	266	103	0.09231350739310443	0.07549170740007932	0.3511574245651708	0.38721804511278196
ESR2	208	207	100	0.11622484321916297	0.09671213050202875	0.39810534634065453	0.4830917874396135
TBP	163	162	99	0.1696591048400601	0.13135834885670805	0.5185414112419382	0.6111111111111112
FOXO3	195	194	99	0.11578066486677321	0.10174772694212662	0.34088728375262767	0.5103092783505154
TP63	203	202	99	0.11324182259007043	0.09694108535745696	0.48172259444885995	0.4900990099009901
HNF1A	145	144	98	0.169102072492337	0.15948115923121722	0.4482833195968387	0.6805555555555556
RUNX1	195	194	96	0.12069990065555439	0.09537049519891555	0.4404364036464757	0.4948453608247423
GLI2	148	148	93	0.17858873873680586	0.15386695895054697	0.5259597970069467	0.6283783783783784
KLF4	129	128	89	0.18468976657896388	0.16149574474535633	0.5401251592224813	0.6953125
GLI1	179	178	89	0.11561391736806412	0.09954292516949054	0.4022524503833181	0.5
GATA1	142	141	87	0.1417010363013594	0.1276174309691871	0.3840347063059239	0.6170212765957447
VDR	151	150	87	0.13386158468414705	0.11630495062710788	0.3763140703761073	0.58
PAX6	166	165	87	0.11010668078541426	0.10579945672837167	0.28985517974219305	0.5272727272727272
TCF3	127	126	84	0.1623967155446496	0.1418385124145578	0.5390629792445794	0.6666666666666666
CEBPG	203	203	84	0.10167007325375226	0.07939590699091911	0.597375051030684	0.41379310344827586
CTCF	144	143	83	0.1719863080976481	0.12780496888153436	0.6302901568454131	0.5804195804195804
RBPJ	155	154	83	0.1240723969558459	0.10653001692876549	0.39718993274711023	0.538961038961039
FOXA2	135	134	82	0.15973835596687544	0.12346777775151899	0.5648619240941274	0.6119402985074627
TCF7L2	117	117	79	0.1678395135186312	0.16717510754276643	0.45512017426077533	0.6752136752136753
MYCN	139	138	78	0.1142116885844031	0.10689129684721213	0.3192628409009131	0.5652173913043478
NR1I2	228	227	78	0.08840251392158296	0.07325392646967697	0.3099389442817318	0.3436123348017621
TP73	126	125	77	0.13361699997609297	0.11970354012340045	0.428118119588421	0.616
SMAD4	141	141	77	0.1414346917840209	0.11763794968003446	0.5086232695456119	0.5460992907801419
STAT5A	211	210	75	0.0897619883047942	0.07178588854818442	0.37143705131142984	0.35714285714285715
RUNX2	129	128	74	0.15277711383682752	0.12520943756091035	0.4331341757391151	0.578125
STAT5B	104	103	73	0.15549063935926183	0.144454858035826	0.41841227331236874	0.7087378640776699
MITF	111	110	73	0.16870049786606778	0.13933250477242354	0.45082978836268783	0.6636363636363637
POU2F1	123	123	73	0.15351787244018977	0.12081408931530785	0.52093264698222	0.5934959349593496
NR1H3	136	135	72	0.11980020587422052	0.10748590773053283	0.40212920091004506	0.5333333333333333
ATF4	127	126	70	0.1349768350550607	0.11108208067568714	0.5795573243393296	0.5555555555555556
SSRP1	147	147	65	0.13361667618487005	0.09309544085286962	0.626082278868596	0.4421768707482993
EPAS1	92	91	63	0.19470191281164664	0.1726695318986608	0.5224641095915796	0.6923076923076923
JUNB	109	108	63	0.1468982788529398	0.12376322734943915	0.6099388356634745	0.5833333333333334
SOX9	105	104	62	0.15051792599645622	0.13573671477767676	0.46905554179986314	0.5961538461538461
CEBPD	96	95	62	0.1728569875648001	0.13415241092366942	0.5133702109457984	0.6526315789473685
REL	112	111	61	0.13349802586066806	0.10879466321906885	0.5187917989273555	0.5495495495495496
MYOD1	142	141	61	0.09701118579782901	0.09103081987957497	0.33765673394317136	0.4326241134751773
NFYA	94	93	60	0.17190039276884064	0.15484085938684775	0.46881002412628825	0.6451612903225806
USF2	115	114	60	0.13168198721100127	0.11383114993276104	0.5025169291617833	0.5263157894736842
NR0B2	118	117	59	0.11440131948555245	0.10298574061307927	0.34937862982191403	0.5042735042735043
PITX2	141	140	59	0.09388237949085923	0.07979663988941457	0.31177888308181506	0.42142857142857143
GATA6	85	84	58	0.17727731673587566	0.15275411142362838	0.5044968855761822	0.6904761904761905
YBX1	92	91	58	0.17267589662943977	0.14496995739889795	0.5887984826463344	0.6373626373626373
NR1H4	134	134	58	0.09315960465962562	0.09094894727349032	0.32554950263503324	0.43283582089552236
KAT7	83	83	57	0.17992233184957251	0.15514210750158117	0.5381775838987435	0.6867469879518072
NFIC	82	81	57	0.17654237953057877	0.14630021616726552	0.4761156348315718	0.7037037037037037
NRF1	91	90	57	0.1780323517769813	0.14421972615488182	0.6394744903335154	0.6333333333333333
SRF	105	104	56	0.13128706901535328	0.1114259654387339	0.4454594023432561	0.5384615384615384
GATA3	190	189	56	0.07486218993234539	0.05978478068826992	0.2544909898847481	0.2962962962962963
SOX2	89	88	55	0.1405117604985449	0.13304719581597813	0.4576079980099371	0.625
FLI1	95	94	55	0.13519316587127084	0.12186071447659971	0.44430679976536636	0.5851063829787234
TAL1	96	95	55	0.11956056346286428	0.11116589015130791	0.3921813483165905	0.5789473684210527
LEF1	120	119	55	0.09808360527589557	0.08774282354044347	0.36472941620444926	0.46218487394957986
ATF2	119	118	55	0.11793109202984499	0.08277334590401143	0.4646022100003037	0.4661016949152542
SREBF1	130	129	55	0.11425062612930728	0.07595794002045392	0.4961641652566249	0.4263565891472868
RARA	186	185	55	0.0791625384960044	0.06424546251502988	0.3508516766184673	0.2972972972972973
PPARD	99	99	54	0.1545323098678612	0.1374421246773697	0.44317109665435894	0.5454545454545454
RXRA	111	110	54	0.12497894685355	0.09797953101813087	0.3793322775327227	0.4909090909090909
FOXO1	279	278	53	0.06296767338113093	0.05555957438033564	0.20938477825232016	0.1906474820143885
PAX3	116	115	51	0.11652372774160104	0.08321354936828827	0.35314040587536366	0.4434782608695652
IRF3	83	82	50	0.13434730222722882	0.11735264630348544	0.40943253150447656	0.6097560975609756
PGR	133	132	50	0.09156962655095306	0.08163498261362892	0.2921747033917779	0.3787878787878788
GATA4	137	136	50	0.08670228598165496	0.07518829911437275	0.2516736704301742	0.36764705882352944
TWIST1	78	78	49	0.19708425248557698	0.17890915510969616	0.6037872514670034	0.6282051282051282
PAX5	66	65	49	0.2014233963625783	0.1742636535024941	0.4579599211640461	0.7538461538461538
FOXA1	69	69	49	0.2093386017785778	0.16102915429640882	0.665946149099003	0.7101449275362319
KLF5	76	75	49	0.20698967675573415	0.15064518685474929	0.6861136032941116	0.6533333333333333
ASCL1	70	69	49	0.14922536025002828	0.13643859491134064	0.481166276341794	0.7101449275362319
ID1	77	76	49	0.16020754425244135	0.13570799364797487	0.509553334149618	0.6447368421052632
SNAI1	99	98	49	0.11498569944522907	0.09741509614389188	0.35694123647563514	0.5
ZEB1	63	63	48	0.27642311121946095	0.24435422126327414	0.6942332834409631	0.7619047619047619
E2F3	68	68	48	0.2530214969331712	0.2385497204276473	0.567467316509224	0.7058823529411765
THRA	83	82	48	0.13166342289071728	0.1176953630271878	0.3508516766184673	0.5853658536585366
HNF1B	64	63	47	0.21315128647743695	0.1751724404457103	0.5129379541793576	0.746031746031746
CDX2	75	74	47	0.1851903221032119	0.15681658551838754	0.43195761076903133	0.6351351351351351
NR4A1	109	109	47	0.10172034720196595	0.0843190965704934	0.4697833495374343	0.43119266055045874
MEF2A	117	116	47	0.1068880808380156	0.07311566396113817	0.3596022320006759	0.4051724137931034
HDAC1	83	83	46	0.14310042281392146	0.1105596683339738	0.5140036756054476	0.5542168674698795
FOXM1	96	95	46	0.18292478748191315	0.09875822630745222	0.722153334717118	0.4842105263157895
STAT6	125	124	46	0.08486922147126955	0.06651422325500313	0.3289423153211623	0.3709677419354839
NCOA1	90	90	45	0.13364549556816224	0.10001214941885686	0.516524220088852	0.5
CLOCK	67	66	44	0.17126856272947003	0.16020683981051553	0.4285402749039095	0.6666666666666666
NKX2-5	74	73	44	0.12308072925680873	0.11740137875178185	0.30539594906927936	0.6027397260273972
NCOR1	90	89	44	0.1338317943049789	0.09843957678731781	0.460310567494607	0.4943820224719101
E2F2	50	50	43	0.3923552454996625	0.41825053674722484	0.7305938679576008	0.86
IRF2	61	60	43	0.17527775798066017	0.1348407625843469	0.5042631156064699	0.7166666666666667
NCOR2	69	68	43	0.15193690441087068	0.13141454085940268	0.5225845050819675	0.6323529411764706
MBD2	89	88	43	0.1314702971185652	0.09634462463000416	0.4315424245619785	0.48863636363636365
HR	92	92	43	0.10761512357391269	0.09044098292428648	0.425636973281412	0.4673913043478261
MYBL2	51	50	42	0.2388971244558946	0.17794083937320543	0.7054801151939246	0.84
SREBF2	71	70	42	0.18702882242004762	0.17321956633283073	0.6220429937011641	0.6
SMAD7	67	66	42	0.16803825924139568	0.1617208266170091	0.39624001399576736	0.6363636363636364
NFKB2	77	76	42	0.17616832297905027	0.15243842201024332	0.7637481093218559	0.5526315789473685
KMT2A	70	69	42	0.20023346566456965	0.14013553465319503	0.592863666452528	0.6086956521739131
NR5A1	107	106	42	0.09583034560715491	0.08253554452175058	0.24748722454696365	0.39622641509433965
NFATC1	120	119	42	0.09055678865749804	0.06644428772554947	0.34396622356181294	0.35294117647058826
TFCP2	75	74	41	0.1253996719601072	0.11306691482023501	0.39065793267869375	0.5540540540540541
HES1	92	91	41	0.11924314970222698	0.08852630665814941	0.5122990419177199	0.45054945054945056
DDIT3	100	99	41	0.10661961873138008	0.07265085380290767	0.5511730559844966	0.41414141414141414
WT1	156	155	41	0.0740656005208621	0.06712342905016723	0.27377886580070265	0.2645161290322581
DNMT3B	70	69	40	0.14265608331479715	0.1238786354719681	0.40589438572006736	0.5797101449275363
EP300	74	74	40	0.15896933233756447	0.11190050376557706	0.7219980726179563	0.5405405405405406
NFATC2	93	92	40	0.09951685237000367	0.07940646546689714	0.36005859395290524	0.43478260869565216
BRCA1	61	60	39	0.20293353005930098	0.14634305537136466	0.6652820169084691	0.65
NCOA2	64	63	39	0.154501698365506	0.12446216615568663	0.5414694974874602	0.6190476190476191
FOSL1	51	51	38	0.28635330831774874	0.24971992950510108	0.719273695387636	0.7450980392156863
SNAI2	49	48	38	0.221087782746295	0.20158318934073832	0.49243869444305666	0.7916666666666666
IKZF1	52	52	38	0.20932853230557724	0.18187315450280328	0.5383257051046486	0.7307692307692307
ATF6	58	57	38	0.1930538514399014	0.17043952204890872	0.5499443631934409	0.6666666666666666
ELK1	61	61	38	0.13487162514512505	0.15060330252325724	0.37379107690506597	0.6229508196721312
KAT5	58	57	38	0.1595659380703943	0.11879771761865823	0.4374891443945873	0.6666666666666666
ETS2	109	108	38	0.08599234050440531	0.06282453904416695	0.26856598876587046	0.35185185185185186
RUNX3	69	69	37	0.12313514306645225	0.10678844399568081	0.3379913857929953	0.5362318840579711
GATA2	100	99	37	0.09832297708189155	0.08269398811294923	0.3374941766847198	0.37373737373737376
TCF4	58	58	36	0.17114132267390897	0.1464550231234698	0.4773537375314853	0.6206896551724138
NKX3-1	72	71	36	0.16591381795412544	0.10739676365318988	0.4826786752445871	0.5070422535211268
NEUROD1	72	71	36	0.11834386990891488	0.10109855610302251	0.3664520952607229	0.5070422535211268
NCOA3	75	74	36	0.1049313841459872	0.0958810011981218	0.33559834216020845	0.4864864864864865
BCL6	99	98	36	0.09274030092293742	0.07869106864723824	0.3445877861684543	0.3673469387755102
STAT2	49	49	35	0.1873376983817987	0.17344786819974578	0.5405127149909955	0.7142857142857143
MTA1	53	52	35	0.1669285209779711	0.14867338149049214	0.5340748606243773	0.6730769230769231
KLF6	60	60	35	0.15313437854724507	0.13685637387564714	0.5118265773592952	0.5833333333333334
EWSR1	59	58	35	0.17114282272844633	0.13152481199261568	0.7655251404729737	0.603448275862069
TBX21	54	53	35	0.13178679138097463	0.12343863919538782	0.2960455925758619	0.660377358490566
IRF8	69	68	35	0.1285975472590276	0.11076539742063332	0.4733384696780451	0.5147058823529411
MEF2C	90	89	35	0.10300184235308898	0.07379276567672036	0.3888328579878652	0.39325842696629215
JUND	108	107	35	0.07779796848712522	0.07327586619298589	0.23104826654021876	0.32710280373831774
POU5F1	91	90	35	0.09411187935787038	0.0725519562096589	0.3588690552662948	0.3888888888888889
ATF3	110	109	35	0.09186780444480107	0.07206393357126469	0.3886057957195401	0.3211009174311927
DNMT3A	61	60	34	0.15124964702368854	0.13101935232061407	0.5100199603638944	0.5666666666666667
THRB	58	57	34	0.1450606590124268	0.12017981607969731	0.4305596743442321	0.5964912280701754
PBX1	62	61	34	0.12596072812107206	0.11907102080965538	0.3973961157309607	0.5573770491803278
ARNT	67	66	34	0.12078892650414641	0.10149640796326334	0.3929685824757208	0.5151515151515151
NR2F2	79	78	34	0.1229307537669414	0.08398988052094386	0.49355625183954965	0.4358974358974359
SMAD2	107	107	34	0.09777969923545304	0.07114406955217618	0.6719288159194416	0.3177570093457944
E2F6	41	41	33	0.23966838978509286	0.2319029061883671	0.5335782868390117	0.8048780487804879
RARB	53	52	33	0.132630684406705	0.1304100326558939	0.30414414013402025	0.6346153846153846
GFI1	55	54	33	0.15356098071761115	0.12156409797768838	0.48372830088790186	0.6111111111111112
RORA	89	88	33	0.09027835550666855	0.07597235115251952	0.32830892175994814	0.375
MAZ	48	47	32	0.17300362757329485	0.13637462877680806	0.5645916437584071	0.6808510638297872
RELB	58	57	32	0.16844173231944867	0.12142403931896978	0.6945464515971809	0.5614035087719298
IRF4	59	58	32	0.15255151145195034	0.11711395555020221	0.49883296317446585	0.5517241379310345
PDX1	85	84	32	0.11326462341214764	0.08430221012304474	0.44764462794832655	0.38095238095238093
ELF1	79	78	32	0.1138213633154125	0.07901507206184773	0.4006371589116681	0.41025641025641024
CREM	88	87	32	0.09253532972289881	0.07726695508957912	0.31506791556233127	0.367816091954023
FOSL2	42	42	31	0.24050368149376086	0.21622251367084794	0.5628783427101176	0.7380952380952381
ESRRA	49	48	31	0.14007654542074807	0.12808739023227064	0.4055730404663678	0.6458333333333334
TCF12	52	51	31	0.16712628615477274	0.12595262754431788	0.49494396641624727	0.6078431372549019
SMARCA1	54	53	31	0.14489635876927878	0.12569125943907686	0.4857632490093214	0.5849056603773585
BMAL1	59	58	31	0.11842787184483078	0.11020855172661301	0.2969319583482876	0.5344827586206896
NR1I3	60	59	31	0.1043310605865107	0.1018582044028735	0.4412830291256363	0.5254237288135594
MYOG	65	64	31	0.10957768830943823	0.09831532700073434	0.3318714281267485	0.484375
KLF2	67	66	31	0.10653187705614069	0.08860660144862913	0.3005245823854437	0.4696969696969697
PRDM1	67	66	31	0.10579036467236855	0.08833188458848566	0.35850127583783165	0.4696969696969697
HSF1	99	98	31	0.09154109972645323	0.07167813134856268	0.3509107130393997	0.3163265306122449
NR2C2	60	59	30	0.16782946377062422	0.10307021533861375	0.6167787629074637	0.5084745762711864
NKX2-1	62	61	30	0.12048353406685712	0.09858265664112442	0.31041854871372077	0.4918032786885246
DLX5	38	37	29	0.17986602440869778	0.15723855339428605	0.7666699806490042	0.7837837837837838
RARG	40	40	29	0.1780952840273139	0.1449259235743226	0.4627698063229933	0.725
NFAT5	52	51	29	0.1421495347194352	0.1065861976594048	0.41889467315029183	0.5686274509803921
GLI3	44	43	28	0.1651649656588621	0.1585047363219477	0.4386377601697536	0.6511627906976745
SP4	49	48	28	0.18360746373620707	0.13315482414103635	0.4816547044620763	0.5833333333333334
MSX2	47	47	28	0.1504059893608312	0.12517334405701738	0.4138373358602053	0.5957446808510638
REST	74	74	28	0.09541500396610546	0.07584909906608492	0.4064478603422706	0.3783783783783784
ISL1	42	41	27	0.12813966450521713	0.12987879331265226	0.28072898176959477	0.6585365853658537
TAF1	42	42	27	0.1719192109921007	0.12692937866208226	0.49429984546283706	0.6428571428571429
POU2F2	48	48	27	0.1317025475339018	0.11421241336308201	0.3766516831333664	0.5625
SIRT1	62	61	27	0.11897858797500904	0.0943651060479389	0.368748323768875	0.4426229508196721
NR2F1	58	58	27	0.12298628540858328	0.08983269401228149	0.38190136072403824	0.46551724137931033
TTF1	61	60	27	0.09878761710883212	0.08189685298395072	0.30583190009861083	0.45
ATF1	85	84	27	0.0865335999451508	0.0598149159786073	0.44341572869953605	0.32142857142857145
TFDP1	31	31	26	0.27399942334040284	0.2523168864526751	0.5496159589572849	0.8387096774193549
ELF3	32	32	26	0.2985019173323151	0.21235129008684095	0.7886119115852157	0.8125
TFAP2C	34	33	26	0.2103382680986218	0.19784308843969406	0.5026634719968213	0.7878787878787878
TBX2	33	32	26	0.2048749734466335	0.17427535090615848	0.4346694933371677	0.8125
ZBTB17	44	43	26	0.14123508932099693	0.1164843054445868	0.4731300149659867	0.6046511627906976
XBP1	55	54	26	0.11912851628374474	0.09333186144746752	0.40276028033719635	0.48148148148148145
HMGA1	73	72	26	0.0889561555662065	0.0759366230712891	0.3066477694740263	0.3611111111111111
CUX1	110	110	26	0.06666845748990766	0.05681212155886174	0.3629776816667418	0.23636363636363636
TWIST2	35	34	25	0.23038266731844964	0.1617548370305236	0.5328829165462541	0.7352941176470589
SOX10	37	36	25	0.18383074726865795	0.1491850816624692	0.6109430606071913	0.6944444444444444
APEX1	42	41	25	0.14270428854316342	0.12014843209804192	0.4564057692885164	0.6097560975609756
HBP1	48	47	25	0.11214440803308277	0.10509660154225138	0.35542835720192684	0.5319148936170213
FOXP3	54	54	25	0.10931040739500125	0.09598915993697887	0.29377479421679603	0.46296296296296297
ETV4	67	66	25	0.09391964508345545	0.0708353847206965	0.5993220649346627	0.3787878787878788
ID2	66	65	25	0.08396886571253867	0.06258574320579365	0.3539392619069053	0.38461538461538464
TFAP4	37	36	24	0.17931894106925392	0.1750308340956565	0.46764529090277324	0.6666666666666666
EBF1	34	33	24	0.165836520501898	0.15188936345411655	0.354399550527563	0.7272727272727273
CDX1	44	43	24	0.11726322346597	0.11495586411595901	0.2846380237873496	0.5581395348837209
ZNF699	55	55	24	0.12193272914176946	0.07256019012224266	0.4060982303556839	0.43636363636363634
TFE3	37	36	23	0.20291706036370413	0.1785815570988421	0.575565242602862	0.6388888888888888
HAND2	41	40	23	0.1660652638928641	0.15219045403759923	0.44743328331071136	0.575
CEBPE	36	35	23	0.14924131681094913	0.1335861006551614	0.31820804045877066	0.6571428571428571
NFATC3	40	40	23	0.1422583832528323	0.12395974132328597	0.541211803128319	0.575
HMGA2	43	42	23	0.15531001365527347	0.11791116628748002	0.6887935682878961	0.5476190476190477
BHLHE40	43	42	23	0.14749566547951157	0.11354496890071732	0.42247745339303144	0.5476190476190477
SOX17	46	45	23	0.09426060602889473	0.10163161179763178	0.21407317762710307	0.5111111111111111
ZBTB16	51	50	23	0.10437922208719726	0.09298082320800685	0.25251556892386445	0.46
FOXN1	57	56	23	0.12870849777483565	0.08132394370514046	0.4761779575442536	0.4107142857142857
NOTCH1	67	66	23	0.08211132969278896	0.06588180286861402	0.26326125249139254	0.3484848484848485
EGR2	73	72	23	0.08366353483320281	0.06344054496342329	0.5538583202057509	0.3194444444444444
ZEB2	29	29	22	0.272815667185426	0.24531864073542559	0.6804274180778545	0.7586206896551724
GTF3A	27	26	22	0.19878506960586434	0.20080041210409483	0.36522606434016713	0.8461538461538461
GABPA	39	39	22	0.1610434892893709	0.13122908635249358	0.46003560091095086	0.5641025641025641
MAX	48	47	22	0.11651724789258068	0.08439736004199154	0.3580503464582724	0.46808510638297873
NR0B1	59	58	22	0.08203670617636999	0.06353660761646139	0.2763923122006699	0.3793103448275862
MAF	65	64	22	0.10339651659136853	0.06113112319408442	0.40627929613673763	0.34375
CIITA	30	30	21	0.26510254449634346	0.2493716736435402	0.7209252726548939	0.7
ZNF143	29	29	21	0.21751154293360803	0.15867201454189064	0.47519912318606705	0.7241379310344828
RB1	34	33	21	0.15539659704651845	0.1460043094440553	0.37589644066564726	0.6363636363636364
CREBBP	36	36	21	0.18708271614384134	0.13580485919925753	0.7219980726179563	0.5833333333333334
SMAD5	35	35	21	0.13145970876955623	0.11271465818146183	0.31862988056878294	0.6
ELF4	50	49	21	0.10770615764331559	0.08844731444335283	0.29843340197010415	0.42857142857142855
SP7	46	45	21	0.10272434236151208	0.08633527837293196	0.27488303012215554	0.4666666666666667
BHLHE41	29	28	20	0.16773859969489283	0.16271078455122773	0.38478892735930553	0.7142857142857143
SATB2	32	31	20	0.13875690375358402	0.13163866304497457	0.2745549462958323	0.6451612903225806
ATF5	31	30	20	0.13964149947935398	0.1256003872404549	0.3284354277072371	0.6666666666666666
IRF5	37	36	20	0.12938100969621716	0.11348404284958938	0.3860081676463804	0.5555555555555556
SMAD1	74	74	20	0.0757871696576713	0.061961109799200775	0.30245332625445787	0.2702702702702703
NFIX	28	27	19	0.1932755386520488	0.2045999576675159	0.44632733707395456	0.7037037037037037
POU3F2	30	29	19	0.14883797595451073	0.15945981258408232	0.37331234468822677	0.6551724137931034
KLF1	29	28	19	0.1625634142287253	0.15855786654454296	0.4408879324625606	0.6785714285714286
GRHL3	29	29	19	0.2050997572037287	0.15640103696583627	0.6409238525569717	0.6551724137931034
POU4F2	34	34	19	0.12832420994612107	0.12066853185359412	0.2898220758981756	0.5588235294117647
PROX1	34	34	19	0.12747239804635382	0.10827963432211503	0.34583737018514593	0.5588235294117647
NRG1	36	35	19	0.16945621105727499	0.10732057603089004	0.5287399438625832	0.5428571428571428
LHX2	42	41	19	0.10108570006108898	0.08802730920485281	0.26306967273360554	0.4634146341463415
RFX5	24	23	18	0.2325434609940408	0.2451157393280628	0.4277527284441349	0.782608695652174
HSF2	25	24	18	0.19827644405054623	0.22402384396576178	0.38231818138709717	0.75
BCL3	29	28	18	0.16817538619063468	0.14155118722660381	0.4325269514540743	0.6428571428571429
NFIB	26	26	18	0.13770120957145932	0.13487316803083102	0.2755218818942124	0.6923076923076923
MTF1	33	32	18	0.14191454635258535	0.12287974632228271	0.4083920017265519	0.5625
ID3	36	35	18	0.12624809794024247	0.10664785947521113	0.3539392619069053	0.5142857142857142
ZBTB7A	37	36	18	0.14091048524246746	0.09653776462425268	0.38179793816091057	0.5
FOSB	39	38	18	0.14016871790390348	0.09227882835995149	0.8426841743193065	0.47368421052631576
NR4A3	41	40	18	0.08972141943530328	0.08953208966162157	0.24362468863251663	0.45
TBPL1	40	39	18	0.12610458262439422	0.08807367569931755	0.4473134780057366	0.46153846153846156
NFATC4	43	42	18	0.1046178674233533	0.07795852845975376	0.31868980472225933	0.42857142857142855
ERG	59	58	18	0.07918325964362785	0.058250843131863905	0.25881270502388787	0.3103448275862069
IRF9	28	27	17	0.2661652136172882	0.228005763049852	0.6160277111488089	0.6296296296296297
ELK3	28	28	17	0.17484575544627684	0.12350000339870776	0.5816087783123969	0.6071428571428571
FOXO4	30	30	17	0.13660105527199923	0.1084317102638607	0.3168874129752157	0.5666666666666667
DBP	35	35	17	0.11251395550289783	0.09941443174680732	0.35704652147639754	0.4857142857142857
KDM5B	36	35	17	0.1014899262097461	0.09849983768086741	0.39223325406825293	0.4857142857142857
NR1H2	50	49	17	0.09286042658318512	0.0734197298987101	0.34228363137932943	0.3469387755102041
NR5A2	65	64	17	0.07101069187402197	0.059762719629528865	0.27206628386285353	0.265625
MAFB	47	46	17	0.09922025947885377	0.05489874987173863	0.37232501215667513	0.3695652173913043
SFPQ	29	29	16	0.18895325856781167	0.1721634646795757	0.5449521423756728	0.5517241379310345
NEUROG2	26	25	16	0.12075501365564437	0.14011977302375186	0.2773745641636066	0.64
SMAD6	25	24	16	0.14733881862233097	0.13563373902632567	0.3332797294195781	0.6666666666666666
TEAD1	25	25	16	0.1687165187559817	0.1296509594840468	0.43970768585427916	0.64
GATA5	28	27	16	0.11252593501124049	0.12497918277572269	0.25272986464419156	0.5925925925925926
KLF10	30	30	16	0.15277554429083115	0.10964774792816438	0.4267639616313628	0.5333333333333333
PPARGC1A	33	32	16	0.1035369734103806	0.09908972997658388	0.24914621227298472	0.5
NEUROG3	36	35	16	0.10368300033195668	0.0967408573591242	0.2677754205652444	0.45714285714285713
OTX2	43	42	16	0.09553186692672185	0.08626986625272323	0.2550149197653301	0.38095238095238093
NFYB	40	40	16	0.11087257241770447	0.08462558658965114	0.4614605079125007	0.4
NFIA	55	54	16	0.07296861688584427	0.05062291710791252	0.28416118609012936	0.2962962962962963
KLF9	26	26	15	0.11460617123251428	0.11908631238765813	0.2691848932732573	0.5769230769230769
ESRRG	26	25	15	0.12229891876583662	0.1143777060871962	0.3992764629008776	0.6
HESX1	31	30	15	0.11307038964927646	0.1001476643483508	0.23413241475400945	0.5
POU4F1	32	31	15	0.11399026927896835	0.09575587256162159	0.3464511225235248	0.4838709677419355
JDP2	33	33	15	0.0954531895070205	0.07161955398210354	0.3189023034967312	0.45454545454545453
NR3C2	56	56	15	0.07279425003038971	0.06262353000844059	0.226513450585559	0.26785714285714285
DLX4	42	42	15	0.07401010442837663	0.05609875584904498	0.20565122700944594	0.35714285714285715
SATB1	45	44	15	0.07958052589305621	0.051495904549251334	0.3407996133957739	0.3409090909090909
ZNF91	49	49	15	0.0760082534302785	0.0484042790748087	0.30238032811895577	0.30612244897959184
HOXD13	21	20	14	0.18503418581103415	0.17382871647090756	0.3963953243552625	0.7
CREBZF	21	20	14	0.19408225810483848	0.16591424782366287	0.514550210175181	0.7
VHL	24	24	14	0.15316073087422755	0.1543173298707604	0.36254475307924483	0.5833333333333334
FOXC2	24	24	14	0.17085762216260902	0.12901539850122307	0.5384856700803898	0.5833333333333334
SALL4	21	20	14	0.1264132156786471	0.11795341153897643	0.24876614801074268	0.7
RFXANK	18	18	14	0.12345971379323238	0.11655523719199365	0.205045751705165	0.7777777777777778
CRX	31	31	14	0.09221915497049599	0.0922036245404846	0.17960980220074155	0.45161290322580644
HEY1	34	33	14	0.11348929875135902	0.08959915657862529	0.29350532252231776	0.42424242424242425
IRF7	34	34	14	0.1414699009006268	0.0822123380777037	0.4687339272040893	0.4117647058823529
ZBTB4	14	14	13	0.320398609479153	0.298268752646731	0.5852627889248774	0.9285714285714286
SPDEF	19	18	13	0.24553688474187738	0.2026437301211038	0.610603060107063	0.7222222222222222
SOX5	18	18	13	0.16162718937003107	0.17751866656325083	0.31426198672528105	0.7222222222222222
FOXJ1	19	18	13	0.1724036279811274	0.17243742873600398	0.42478882763612436	0.7222222222222222
PTF1A	18	17	13	0.1305012926703777	0.14519220530835952	0.2058297006146434	0.7647058823529411
FOXC1	19	19	13	0.15026495512636992	0.14101097070657304	0.383737031721718	0.6842105263157895
DLX2	23	22	13	0.14970296129830862	0.1380195507614592	0.3517595330899722	0.5909090909090909
MECOM	20	19	13	0.17255590935776163	0.13323573448482318	0.47305271245597896	0.6842105263157895
SP2	23	23	13	0.1687993519870691	0.11321909682714788	0.5171854283489528	0.5652173913043478
SOX4	24	23	13	0.11185296182906403	0.11027575067214834	0.32395952388786187	0.5652173913043478
MZF1	24	23	13	0.14298608924605843	0.10754669966773453	0.5787066241053447	0.5652173913043478
TBX3	24	23	13	0.12481829226353236	0.10717114730917184	0.35158042890965574	0.5652173913043478
MEIS1	24	24	13	0.11674682912415595	0.1051278823177574	0.23191852419106	0.5416666666666666
NR1D1	29	28	13	0.13685185675433104	0.09490907330714957	0.3124995374893056	0.4642857142857143
NKX2-2	27	26	13	0.11740426509587186	0.09393902165829669	0.30515245404351865	0.5
ZNF148	30	29	13	0.11251273442233826	0.09230266579374236	0.35358774895848	0.4482758620689655
LMO2	30	29	13	0.10769824342385245	0.09151041958870353	0.2829439721257398	0.4482758620689655
NFIL3	37	37	13	0.09012023466438963	0.08696083894776198	0.23131926455382298	0.35135135135135137
ONECUT1	36	35	13	0.08666532761689219	0.07862265902464846	0.20086821450521958	0.37142857142857144
PITX1	40	39	13	0.08427673297190975	0.06650116745824841	0.24780618086050882	0.3333333333333333
SIX1	19	18	12	0.16927896687527508	0.17097098808295524	0.39083797032865764	0.6666666666666666
SKIL	21	20	12	0.1393551458373861	0.125429151245587	0.3697803657270017	0.6
CXXC1	21	21	12	0.15028253424633617	0.12353349676612006	0.3678287898908339	0.5714285714285714
ETV1	22	22	12	0.12376385981812867	0.1221378472895869	0.27252354387441996	0.5454545454545454
GTF2I	23	22	12	0.14630998466012612	0.11216257864126844	0.4101371424328285	0.5454545454545454
PREB	23	22	12	0.10505360078059879	0.10314167162496767	0.2283820587808976	0.5454545454545454
ARX	28	27	12	0.10092235271369349	0.09791952805845634	0.2671657294067062	0.4444444444444444
ETV6	27	27	12	0.10552954525682204	0.09655248968682464	0.24595979623519093	0.4444444444444444
ZNF354C	28	28	12	0.12055642516790972	0.09443828054837983	0.37847710844622856	0.42857142857142855
YBX3	27	26	12	0.09467933525973876	0.09397564315530561	0.23027882321476498	0.46153846153846156
MXD1	28	28	12	0.09805843098564994	0.09179416041863867	0.30868590478874963	0.42857142857142855
MSC	30	29	12	0.12127958610752558	0.08900474891691626	0.4985015690917842	0.41379310344827586
MECP2	33	33	12	0.10518750005609852	0.0816688463458545	0.33605260820267074	0.36363636363636365
STAT4	32	31	12	0.09982706518912535	0.07179545161596987	0.32670140968785566	0.3870967741935484
NR4A2	61	60	12	0.07097584437340036	0.060646392108748906	0.2458149236315843	0.2
SRSF2	12	11	11	0.4723774209476945	0.5259929438920695	0.7984447973475067	1.0
TGFB1I1	13	12	11	0.304421801689982	0.30156485265138055	0.6396292348112061	0.9166666666666666
PHOX2A	13	13	11	0.19659378954528023	0.21569914363107173	0.3695892675900773	0.8461538461538461
MLXIPL	16	16	11	0.19040272651380277	0.19088091690313025	0.37977093267628287	0.6875
SPIB	18	17	11	0.1822008249854962	0.16386441197342888	0.42993720437414185	0.6470588235294118
PHOX2B	17	16	11	0.16260574636199676	0.1547161836939794	0.3695892675900773	0.6875
DLX3	21	20	11	0.13154218575829774	0.14198750362155566	0.4572822865611316	0.55
DMTF1	18	18	11	0.1633723981449098	0.1406714034723221	0.572277627913636	0.6111111111111112
NR6A1	15	14	11	0.14899779368794303	0.13742181758562405	0.3343085146826544	0.7857142857142857
PML	19	18	11	0.17264901543549316	0.13722236164772875	0.6193801366340789	0.6111111111111112
NEUROG1	16	16	11	0.13212437300526822	0.13701255405365864	0.23971435449534362	0.6875
HTATIP2	17	16	11	0.16331184632640885	0.1326228591289132	0.4602688916904779	0.6875
BHLHA15	20	20	11	0.16393783580012905	0.12837226025543597	0.4215751854839861	0.55
FOXQ1	18	17	11	0.19641113909820196	0.12204745652787247	0.5308895845717412	0.6470588235294118
NRL	19	18	11	0.1159163080090016	0.11908745929695974	0.22103388936483545	0.6111111111111112
PAX7	19	18	11	0.11205143320776464	0.11622215842225425	0.266892349502157	0.6111111111111112
ZBED1	22	21	11	0.11793147795319928	0.11305074623402775	0.27527192893962954	0.5238095238095238
PURA	20	20	11	0.10677246406440329	0.11170341550481916	0.23034731101180964	0.55
HIC1	22	21	11	0.13335559509029837	0.10055032914047057	0.3601238022595321	0.5238095238095238
ZNF362	22	22	11	0.08513481786530444	0.09956834033562262	0.17135677002562608	0.5
PITX3	24	23	11	0.09509202023581205	0.09798200483939881	0.19754296929138962	0.4782608695652174
MAFK	23	23	11	0.11806790230815409	0.09683371811011679	0.3248859013496587	0.4782608695652174
PAX2	25	25	11	0.11891112384380031	0.09426301136164124	0.26605570273496065	0.44
TCF7	23	23	11	0.09854337158916385	0.09026490752432638	0.28153320623671807	0.4782608695652174
KLF15	28	27	11	0.10236958112962082	0.08865988338610499	0.29569866668634986	0.4074074074074074
ETV5	23	23	11	0.1039042990196401	0.08519059992964743	0.26656656587398175	0.4782608695652174
PAX8	34	33	11	0.09383490550339091	0.07666447927385378	0.24299565076947421	0.3333333333333333
NFYC	23	23	11	0.11826411536439607	0.0687936683455337	0.31647090108399495	0.4782608695652174
HOXA9	40	39	11	0.09062906700082175	0.06413301145238029	0.796975326301996	0.28205128205128205
HOXA10	50	49	11	0.08169282872842319	0.0556163405078872	0.796975326301996	0.22448979591836735
KDM5C	13	12	10	0.23024065883280934	0.2207776177866967	0.5563363440510325	0.8333333333333334
BATF	16	16	10	0.15064550015287964	0.16461355737835193	0.3191214648283439	0.625
TCF21	16	16	10	0.17320444616505903	0.15671342352126325	0.39210994960552226	0.625
TET1	15	15	10	0.2000986697232234	0.15597944467807848	0.4521725826516019	0.6666666666666666
HAND1	15	14	10	0.14575115878573688	0.14878822152310667	0.3319902455953748	0.7142857142857143
ATOH1	15	14	10	0.13360225372689954	0.13804780063665478	0.23712285366663824	0.7142857142857143
KAT2B	15	15	10	0.15896142380562084	0.13441102036639627	0.36103285758524134	0.6666666666666666
ERF	19	18	10	0.11967412724036144	0.12488936296685069	0.257443966047853	0.5555555555555556
TRPS1	17	16	10	0.12413066000784861	0.12106152252523494	0.24092942272141152	0.625
ZNF331	17	17	10	0.13501779813060508	0.10380522954357801	0.39525958020510227	0.5882352941176471
ENO1	19	19	10	0.14023455727287856	0.10238288202985019	0.5700169481008431	0.5263157894736842
CEBPZ	19	19	10	0.12319150784813986	0.10232860514395895	0.325861505110104	0.5263157894736842
PKNOX1	20	20	10	0.11318786533549911	0.1007563709434855	0.30468914253869317	0.5
POU3F1	25	24	10	0.10781105520506125	0.09723144656468781	0.25177467677763893	0.4166666666666667
SOX6	24	24	10	0.1085413211887322	0.08833782111242007	0.3155023823139186	0.4166666666666667
HDAC3	27	27	10	0.11018393536911074	0.0859266870143014	0.3956316121994793	0.37037037037037035
LITAF	25	24	10	0.09578273614155643	0.08103369985809147	0.2500167398315005	0.4166666666666667
MEF2D	29	28	10	0.11144011343155902	0.07362554171283556	0.38143798282221586	0.35714285714285715
GRHL2	10	9	9	0.5314549266957158	0.570774415654227	0.8447210220974536	1.0
WWTR1	9	9	9	0.26387881413184616	0.28944043690794435	0.54262705752823	1.0
TFAM	15	14	9	0.22969496969569447	0.23681220926030416	0.46824982160603396	0.6428571428571429
E2F5	12	12	9	0.17439185519328704	0.20109258988961715	0.325008665673665	0.75
NPM1	12	12	9	0.1824732146011415	0.18263528041698512	0.374592441615562	0.75
ZBTB33	11	11	9	0.17205610150922082	0.182232748229156	0.3839425080699793	0.8181818181818182
IRF6	16	15	9	0.23476609280474642	0.17195946149454144	0.7109339232056882	0.6
CREB5	12	12	9	0.15506810557484713	0.1706714164320604	0.26376105157266755	0.75
ETV3	12	11	9	0.16740585679292552	0.16449650561411172	0.35694559266933207	0.8181818181818182
HOXC8	15	14	9	0.16312407785799227	0.16255658049245275	0.350636858633065	0.6428571428571429
ING4	15	15	9	0.14527117894540342	0.1547196073139118	0.4582749639218871	0.6
LYL1	13	13	9	0.15008336627295885	0.15384709636344504	0.2813370503324339	0.6923076923076923
EN1	11	11	9	0.1685170142068387	0.13408071114742082	0.4160838341915062	0.8181818181818182
FOXG1	17	16	9	0.13129664467558053	0.11702389897508024	0.3263545584948804	0.5625
NR2E1	17	16	9	0.11201673303525508	0.11658599454406357	0.23654729394366797	0.5625
MBD1	18	17	9	0.14335041541690463	0.11635801866598938	0.4492782244456487	0.5294117647058824
ZKSCAN7	14	14	9	0.1445201657789166	0.11061197334694198	0.36205319907878825	0.6428571428571429
KDM5A	18	18	9	0.12442838275742046	0.10266741646147079	0.2532484730177413	0.5
HLF	18	18	9	0.11168007573678367	0.0968791457593536	0.24551366365483204	0.5
ZGLP1	26	26	9	0.08770212683392671	0.08299226977509216	0.21904043982354976	0.34615384615384615
RFX1	24	24	9	0.10630391712087332	0.08183722895779504	0.36598074471962394	0.375
MAFA	23	22	9	0.08746696851686259	0.07852813473749005	0.20320205395724447	0.4090909090909091
VSX2	30	29	9	0.08071118446091327	0.07824376274207351	0.1676176161582669	0.3103448275862069
HDAC4	24	24	9	0.09154619111585238	0.07716389722776872	0.3735997745394571	0.375
AIRE	24	23	9	0.0869688985391927	0.07710692241821064	0.20925749057094942	0.391304347826087
NR2C1	21	21	9	0.10841088452828658	0.07692245120457923	0.3076864652909346	0.42857142857142855
TBX15	29	28	9	0.08579857675867815	0.07556923474102378	0.33939760010393294	0.32142857142857145
NFE2	22	22	9	0.08549512521028862	0.07105151373029844	0.2747352815764341	0.4090909090909091
LMX1B	24	23	9	0.09662458084230184	0.0681524938871006	0.30159212017173115	0.391304347826087
HOXB7	23	23	9	0.10272093041787678	0.06766871922776323	0.2895981469105815	0.391304347826087
TFAP2B	25	25	9	0.07653719736207976	0.061470454325036845	0.2977244259631693	0.36
HHEX	29	28	9	0.06950694945104993	0.05898323925887186	0.15622111804395886	0.32142857142857145
KLF11	28	27	9	0.07727154857362385	0.045304420084909196	0.23051011575749902	0.3333333333333333
EGR3	32	32	9	0.10554150242658233	0.040232735189684954	0.5538583202057509	0.28125
UBTF	9	9	8	0.38384617880533756	0.33508220284759027	0.6595388803366925	0.8888888888888888
DLX1	10	10	8	0.18152625099579217	0.19190908721794409	0.34004183799100357	0.8
SF1	12	12	8	0.2559670001366905	0.1896991183320949	0.734579414410688	0.6666666666666666
FOXF2	13	13	8	0.17039682302181947	0.18845599767685492	0.367441145354639	0.6153846153846154
SOX11	12	12	8	0.1794644567029066	0.18648826994133028	0.36527826921643436	0.6666666666666666
ABL1	10	10	8	0.18382788414286808	0.16724147180244833	0.3106132955913501	0.8
SIN3A	12	12	8	0.19434590497890172	0.1648629891984841	0.457950773096847	0.6666666666666666
PRDM2	12	11	8	0.15955544000721242	0.15268860276982374	0.42015303624691197	0.7272727272727273
ATOH7	12	11	8	0.13801546161846506	0.14845968525623518	0.28072898176959477	0.7272727272727273
ELF5	11	11	8	0.17332153475568213	0.13800255775139353	0.36068030967612613	0.7272727272727273
TBX6	11	10	8	0.13940266440776472	0.12808215276140753	0.27116841787982443	0.8
SIX3	12	11	8	0.12278688066987523	0.12629347042003564	0.22211037074373302	0.7272727272727273
JARID2	17	16	8	0.14099565751118764	0.12400359101574908	0.3773574565472305	0.5
KMT2B	15	15	8	0.15818953758999582	0.11881881441716581	0.5909678080568241	0.5333333333333333
FOXA3	14	14	8	0.12223995494333881	0.11546987803149668	0.2347374096528686	0.5714285714285714
GSC	14	13	8	0.13646755930640442	0.11025652355411775	0.3199012424290199	0.6153846153846154
CTBP2	16	16	8	0.11732691534909062	0.1088447730422099	0.3113959668098974	0.5
KCNIP3	16	16	8	0.1205613437169114	0.10226442397451439	0.32451009126479674	0.5
ZFHX3	16	15	8	0.12220017732188711	0.1008551536170675	0.2760963352420514	0.5333333333333333
ZIC1	17	17	8	0.1036762044128883	0.09894407869985007	0.2932645503410531	0.47058823529411764
HOXA13	16	16	8	0.1439678307808686	0.09589583798333332	0.6470900033397884	0.5
NFKBIB	19	18	8	0.11117240436764216	0.09467674006208326	0.3066519776302709	0.4444444444444444
MED1	17	17	8	0.10676682324325802	0.09218154215959366	0.28100065476564395	0.47058823529411764
NONO	21	20	8	0.1612010471366182	0.0755159577726569	0.5485434979085031	0.4
KLF8	21	21	8	0.08588786372105342	0.0743243762533022	0.29146135552963165	0.38095238095238093
FOXL2	25	25	8	0.10529512797973022	0.069450410039378	0.31841220278818333	0.32
FOXP1	33	32	8	0.07645331449680154	0.062204332932930595	0.2172219989880742	0.25
HOXA1	27	26	8	0.09615596010629937	0.05789516786865741	0.6007531535289686	0.3076923076923077
MYF5	28	27	8	0.06954533279862939	0.04320063344122891	0.2788590762237924	0.2962962962962963
YAP1	9	9	7	0.31005530841996326	0.3376483413518271	0.574587645843623	0.7777777777777778
MYOCD	9	8	7	0.24701371463213556	0.26583410954694303	0.377075299548239	0.875
PBRM1	9	9	7	0.21930751470958068	0.2124604013674433	0.5047055396942028	0.7777777777777778
SMARCA4	10	10	7	0.21691086210756305	0.19950732876338587	0.4912896544880831	0.7
TBX18	13	13	7	0.1890532846673031	0.19161694758450543	0.4250235760532504	0.5384615384615384
CREB3L1	11	11	7	0.19971561333932356	0.17509765678309958	0.5805170570296889	0.6363636363636364
BRD4	11	11	7	0.25820394602325064	0.1747007307918705	0.5874311246260338	0.6363636363636364
ASCL2	10	10	7	0.19862246657697832	0.1648681746989891	0.4014273281099516	0.7
KAT6A	12	12	7	0.22725634544044826	0.151408379106035	0.609390798866562	0.5833333333333334
HOXD3	10	10	7	0.16731306002445603	0.14548321196243708	0.33255980088192105	0.7
HNF4G	11	11	7	0.13506236289655152	0.12922272747529404	0.38253152621391656	0.6363636363636364
KLF12	11	11	7	0.13150330952210298	0.12710659246790426	0.3034881411828121	0.6363636363636364
EBF3	9	9	7	0.14339960309758298	0.12467516424134617	0.29399601227989963	0.7777777777777778
ZFPM2	12	12	7	0.13759803133979095	0.11593137837359065	0.3419559384440657	0.5833333333333334
HDAC7	13	13	7	0.11888151018974863	0.10999660381445742	0.23924729598176595	0.5384615384615384
KLF13	14	13	7	0.10513872515323357	0.10994770802364658	0.22469996540357062	0.5384615384615384
EHF	13	13	7	0.1602132109632994	0.10850390404807655	0.542447867019054	0.5384615384615384
DEAF1	14	13	7	0.12494739043961463	0.10793407127654674	0.3217218322046798	0.5384615384615384
ZNF236	14	14	7	0.12068409561961244	0.09931168231890766	0.44136504371887353	0.5
SMARCA5	16	16	7	0.18901996245083952	0.09546515952974721	0.4945535009632936	0.4375
RCOR2	16	16	7	0.14487110661705838	0.0948809723377889	0.40246875991363334	0.4375
HEY2	20	19	7	0.09863030699690166	0.08720451180944593	0.3133057659287004	0.3684210526315789
BARX2	16	15	7	0.11464822419313392	0.08611848882542221	0.24265811608319104	0.4666666666666667
ZFPM1	16	16	7	0.10449873872033556	0.08377293617833513	0.29289056850786405	0.4375
IRX1	20	19	7	0.09507314672590635	0.08027909411815143	0.21226151907318042	0.3684210526315789
LRRFIP1	17	17	7	0.10979800891874546	0.07786031011655999	0.23695532489245522	0.4117647058823529
TRERF1	16	16	7	0.07676800812399798	0.07525519578581433	0.14569900396718763	0.4375
MSX1	27	26	7	0.08924160489416165	0.06267002533495492	0.3166992254325747	0.2692307692307692
HCFC1	8	8	6	0.38538073686070684	0.42589904893157404	0.6766985220722165	0.75
NAB2	7	7	6	0.28690258090566	0.26625211283898764	0.49951791770940035	0.8571428571428571
FOXN4	8	8	6	0.21020008851553304	0.24215313207542183	0.3229157452270461	0.75
FOXD1	6	6	6	0.25804239947788526	0.22579536163953234	0.4450742711580677	1.0
HINFP	10	9	6	0.20402089495579215	0.22442243358598285	0.5422320706973164	0.6666666666666666
HMGB2	10	9	6	0.1719355131941416	0.21496455491724473	0.29529051103911436	0.6666666666666666
KAT6B	8	7	6	0.17305977165908007	0.1905153989536683	0.3040344856893838	0.8571428571428571
FGF2	10	10	6	0.19977934327951882	0.18407720868978117	0.5309752526692684	0.6
HIVEP2	11	11	6	0.14577858225112492	0.1739313070002785	0.2981583913943628	0.5454545454545454
TADA2A	8	8	6	0.17369761379931473	0.17121690058655986	0.3803837085410215	0.75
ARID3A	7	7	6	0.14452141677053107	0.15421440131310227	0.22648244703895445	0.8571428571428571
MEOX1	8	8	6	0.1511093064586493	0.14811782945888474	0.2632539311803685	0.75
HES6	9	9	6	0.14123333003773844	0.1468549867901658	0.3428692186452393	0.6666666666666666
FEZF1	10	9	6	0.15387084936913348	0.14278926733131686	0.3826978803495302	0.6666666666666666
MNT	11	10	6	0.12852126059446708	0.1394722035290044	0.25198759287782413	0.6
POU2F3	10	10	6	0.15901931185934473	0.1296467356118133	0.3713208789817225	0.6
NSD2	8	8	6	0.21273306180430376	0.12679168451094702	0.5897783452776113	0.75
MYT1	9	9	6	0.13601719310704447	0.12365372555914879	0.3050606445459342	0.6666666666666666
HIPK2	9	9	6	0.15355278330998218	0.12339111131259653	0.3150101773659955	0.6666666666666666
HOXC6	12	12	6	0.1718796937553381	0.11098829827928577	0.6779870606419882	0.5
ZNF382	11	11	6	0.09879545499394266	0.10807117030951562	0.23076039854618977	0.5454545454545454
KDM2A	10	10	6	0.11135990279189178	0.10788814891116713	0.28015453710412624	0.6
PATZ1	12	12	6	0.11894005665777528	0.10384718340903126	0.26038655100175584	0.5
PAX9	10	10	6	0.10365084309869255	0.10308548548601001	0.2243018948793884	0.6
MYBL1	12	12	6	0.1214934332891509	0.10222198936889548	0.2506780647526555	0.5
LHX3	14	13	6	0.1036588232685654	0.09562493019114465	0.2441700598042619	0.46153846153846156
ZGPAT	12	12	6	0.09687982178666432	0.09373592471796162	0.2269452950647134	0.5
MTA3	14	13	6	0.12038273123154422	0.09361665963811774	0.2763054696245192	0.46153846153846156
HOXB13	13	13	6	0.10265223590838093	0.09264150768594547	0.2631942808627604	0.46153846153846156
TBX1	14	13	6	0.10914583730739522	0.09139130046856596	0.35114110223405437	0.46153846153846156
ID4	15	14	6	0.13577151995329978	0.09131258868766096	0.3373652882395951	0.42857142857142855
EGR4	15	15	6	0.09944018251802539	0.08827803514539179	0.22135203830331845	0.4
HOXB2	13	13	6	0.1435438298618979	0.08795729548182075	0.728295798106343	0.46153846153846156
MYF6	14	13	6	0.10271428376146556	0.08734580414292933	0.2788590762237924	0.46153846153846156
NKX6-1	19	18	6	0.11365789575185688	0.08389315019968177	0.3679249747168888	0.3333333333333333
LHX8	12	12	6	0.08395747697663115	0.0836614971602798	0.20453498219836308	0.5
ETV7	14	14	6	0.11128825841014148	0.08167876090686926	0.27683485451655354	0.42857142857142855
FOXD3	15	15	6	0.08794735918426193	0.08095484394460428	0.21186911768024702	0.4
NR2E3	15	15	6	0.08927544558983552	0.08059498177155071	0.25196970447678024	0.4
FOXH1	14	13	6	0.09700522611375889	0.07875143822555701	0.2579870623067739	0.46153846153846156
OLIG2	20	19	6	0.11208535980651498	0.07656755429693686	0.5377002596065464	0.3157894736842105
RORC	22	22	6	0.09466405789449826	0.07282457442901899	0.3339820452717097	0.2727272727272727
BACH1	16	16	6	0.09416340364926548	0.0727307693627012	0.24479434561492386	0.375
BCL11A	16	16	6	0.09084171626363097	0.07070836061080413	0.21953000633638756	0.375
HDAC9	19	19	6	0.08773316132508928	0.06761351988684486	0.26983970533128976	0.3157894736842105
CREB3	16	15	6	0.13835145385743344	0.06743606470435451	0.5730556635164974	0.4
RFXAP	16	16	6	0.09347534783476916	0.06395481120576689	0.3373271347997218	0.375
HLX	16	16	6	0.1088754079366765	0.05661318400702651	0.31790346879591175	0.375
ZNF384	25	25	6	0.09720351826125331	0.051401768592923745	0.5612256560570373	0.24
KLF17	5	5	5	0.3236098893575445	0.35430008798902446	0.5025468007755858	1.0
ARID3B	6	6	5	0.2780116235495022	0.2991034531199417	0.42840648677520776	0.8333333333333334
RFX3	6	6	5	0.19308975180270807	0.22803910441072794	0.281398532654361	0.8333333333333334
STOX1	5	5	5	0.2277239494555144	0.21471838094813597	0.3151230383035164	1.0
FHL2	7	7	5	0.22076700372252736	0.21426893233166672	0.4486960812436093	0.7142857142857143
CHD4	6	6	5	0.2078161661356157	0.21179822562245945	0.3393523527893116	0.8333333333333334
SMARCB1	5	5	5	0.20654656108028296	0.20926507077593295	0.2996099368635942	1.0
IKZF3	6	6	5	0.19577388158249465	0.1933365670845256	0.31303086260844093	0.8333333333333334
ELK4	6	6	5	0.21445405514003626	0.1888959246391559	0.4210020510644086	0.8333333333333334
FOXF1	8	8	5	0.1946844606976333	0.18749198184609012	0.38546498900258214	0.625
PAX1	6	5	5	0.188403411069402	0.18148726444541233	0.2555767787357447	1.0
ZNF76	7	7	5	0.16549617054636648	0.17805889752824344	0.3906756026743472	0.7142857142857143
IKZF4	7	7	5	0.17492509890527974	0.16416935440465646	0.3659755617105349	0.7142857142857143
NFKBIZ	9	8	5	0.1811902757025628	0.15971951028184656	0.451413934576731	0.625
BMAL2	9	9	5	0.15675253418681467	0.1415346758775402	0.41160210520615126	0.5555555555555556
NHLH2	6	6	5	0.1537713000070717	0.1390656511246698	0.27466654615993596	0.8333333333333334
E2F7	7	7	5	0.1795229214284175	0.1376429379547587	0.3530543722035571	0.7142857142857143
NUPR1	6	6	5	0.14171041348155708	0.1347777245995276	0.2708942238643812	0.8333333333333334
PARK7	8	8	5	0.10839041574434646	0.1261811681231487	0.2163499330104058	0.625
PRRX1	7	7	5	0.21909242557530414	0.12409909385232139	0.47006067694262965	0.7142857142857143
HES5	7	7	5	0.117181394752607	0.12150370951264071	0.15093205862868977	0.7142857142857143
DACH1	8	8	5	0.12352038948112519	0.1209160458333475	0.23566925327224603	0.625
SIX4	8	8	5	0.11653561640324284	0.11635152386035982	0.21973032739662177	0.625
NFE2L1	9	8	5	0.1385948366813602	0.11194734749998399	0.2563250864345675	0.625
HOXA11	9	8	5	0.1824836886046717	0.10885962366791205	0.7393514450739835	0.625
ZNF263	10	10	5	0.16328300984201788	0.10578966745643754	0.4824219838908046	0.5
NPAS2	10	9	5	0.10832003347934441	0.104657585489467	0.28299841896962297	0.5555555555555556
HDGF	7	7	5	0.12165549271424969	0.104273657988127	0.21694055409637905	0.7142857142857143
HOXB1	11	10	5	0.109417929840864	0.10409125813755842	0.2131745844919475	0.5
CTBP1	10	10	5	0.15858434765244542	0.1027531516718951	0.37018678795187093	0.5
KLF7	11	10	5	0.14378440032307188	0.10264127674641274	0.4851855955734791	0.5
NKRF	10	10	5	0.12025108404190224	0.09918093357401064	0.2475904544013132	0.5
SIM2	12	11	5	0.13486843437592638	0.09460739944323132	0.33801164016603114	0.45454545454545453
GFI1B	13	12	5	0.09790915371421231	0.08712753024585676	0.19128453547945862	0.4166666666666667
TEAD4	12	12	5	0.10784343317525763	0.08645012743145769	0.2797415488034868	0.4166666666666667
HDAC5	10	10	5	0.12164349880862661	0.0851483515659229	0.37633459179540196	0.5
TBX5	26	25	5	0.08250413637173189	0.08260059687299834	0.23496772475003055	0.2
PBX2	11	11	5	0.08142871914541462	0.0786526797321562	0.21016427265968515	0.45454545454545453
NEUROD6	11	11	5	0.09875795913369644	0.06919609717648083	0.22758355304422645	0.45454545454545453
TEF	16	16	5	0.08416677331814365	0.06816623497231845	0.22353123772064148	0.3125
ZFP42	19	18	5	0.06231609565929968	0.06761386685180013	0.11918050515623839	0.2777777777777778
RXRB	15	15	5	0.08790266917583398	0.05757908307977074	0.3695532095084055	0.3333333333333333
PLAGL1	20	19	5	0.06793917549110454	0.05580975732574526	0.20896962435085523	0.2631578947368421
ZBTB7B	16	15	5	0.07930010662969302	0.05326466422639487	0.23169023697972443	0.3333333333333333
KLF3	15	14	5	0.07686514285928736	0.04542667975257856	0.25512750599196815	0.35714285714285715
EOMES	26	26	5	0.06130511546445432	0.04317539861062615	0.2091004345079265	0.19230769230769232
PARP14	1	1	0	0.780756883912459	0.780756883912459	0.780756883912459	0.0
PARP9	1	1	0	0.780756883912459	0.780756883912459	0.780756883912459	0.0
GLIS1	1	1	0	0.49277055790688196	0.49277055790688196	0.49277055790688196	0.0
DLX6	2	2	0	0.4886002460592444	0.4886002460592444	0.7666699806490042	0.0
RBAK	2	2	0	0.4532561228683266	0.4532561228683266	0.6623053103188575	0.0
ZNF451	3	3	0	0.41890937050274407	0.45166080648581736	0.46313905726815857	0.0
PHF8	2	2	0	0.43948934626103964	0.43948934626103964	0.6966339232894777	0.0
SP100	3	3	0	0.420923836084774	0.42989050749466484	0.48461121504352705	0.0
TP53BP1	1	1	0	0.40411001214968484	0.40411001214968484	0.40411001214968484	0.0
MED12	1	1	0	0.39818044799898106	0.39818044799898106	0.39818044799898106	0.0
BRD7	3	3	0	0.3901348457093761	0.3943549780537568	0.4559206426192618	0.0
PER2	3	3	0	0.36717968709340426	0.3696129491434015	0.37400625239404084	0.0
ALX4	1	1	0	0.36209138661906415	0.36209138661906415	0.36209138661906415	0.0
IKZF5	1	1	0	0.36055073884009836	0.36055073884009836	0.36055073884009836	0.0
BTAF1	2	2	0	0.35875993062320466	0.35875993062320466	0.4427442175706759	0.0
GTF2A1	1	1	0	0.3536161846342594	0.3536161846342594	0.3536161846342594	0.0
DRGX	2	1	0	0.3519159580470041	0.3519159580470041	0.3519159580470041	0.0
HMX3	2	2	0	0.3510427910847247	0.3510427910847247	0.47878849791587835	0.0
MID2	1	1	0	0.33467260725419656	0.33467260725419656	0.33467260725419656	0.0
SPEN	2	2	0	0.3269905886066235	0.3269905886066235	0.4256610508881576	0.0
TRIM8	1	1	0	0.32682371075973243	0.32682371075973243	0.32682371075973243	0.0
HOXC10	2	2	0	0.3187433304211588	0.3187433304211588	0.3345290824417484	0.0
CDC5L	1	1	0	0.31450195369743256	0.31450195369743256	0.31450195369743256	0.0
TRIM25	1	1	0	0.3136132680044584	0.3136132680044584	0.3136132680044584	0.0
TAF5	1	1	0	0.3095327514395951	0.3095327514395951	0.3095327514395951	0.0
FOXK2	2	2	0	0.3073628779946371	0.3073628779946371	0.5972524933990448	0.0
CARF	3	3	0	0.23264060493424057	0.30431057658276667	0.3110023407249911	0.0
CREB3L2	2	2	0	0.3020539711519859	0.3020539711519859	0.31550536104801696	0.0
KDM2B	4	4	0	0.32165067573449585	0.2962171581005144	0.5044106304360065	0.0
TET2	1	1	0	0.29502951020899193	0.29502951020899193	0.29502951020899193	0.0
FOXL1	2	2	0	0.2840242820802339	0.2840242820802339	0.31242452552617456	0.0
TRIB3	2	2	0	0.27580426804016483	0.27580426804016483	0.49204494772503593	0.0
CREB3L4	3	2	0	0.2741041988793569	0.2741041988793569	0.29069035621290595	0.0
ZNF521	3	3	0	0.1788080007155676	0.2653204636336396	0.2664650082068828	0.0
THAP1	3	3	0	0.2060473939869513	0.25724913962551965	0.25847928682279003	0.0
MYCL	2	2	0	0.2554446495679116	0.2554446495679116	0.34297667590181175	0.0
CGGBP1	1	1	0	0.2548277149775489	0.2548277149775489	0.2548277149775489	0.0
SMARCE1	4	4	0	0.251151876762942	0.24813252258787732	0.40328716779081003	0.0
ZNF195	1	1	0	0.24612559991495828	0.24612559991495828	0.24612559991495828	0.0
FOXJ3	2	2	0	0.24510410553065304	0.24510410553065304	0.3932354693977855	0.0
PRDM5	4	3	0	0.20204743369135217	0.24418658792029455	0.2772861595526953	0.0
DNAJC2	1	1	0	0.2409985637577465	0.2409985637577465	0.2409985637577465	0.0
FOXI3	2	2	0	0.24094252881789183	0.24094252881789183	0.32799103350672265	0.0
SIX5	1	1	0	0.2404461114372785	0.2404461114372785	0.2404461114372785	0.0
PARP10	2	2	0	0.23849512770085807	0.23849512770085807	0.288979827130989	0.0
FLYWCH1	1	1	0	0.23767009688050755	0.23767009688050755	0.23767009688050755	0.0
EBF2	3	2	0	0.2372027202229739	0.2372027202229739	0.2586259136851317	0.0
ZNF711	1	1	0	0.23535819268040764	0.23535819268040764	0.23535819268040764	0.0
DR1	4	4	0	0.2330940990027826	0.23230478712502034	0.4607192325667823	0.0
SMARCD3	2	2	0	0.22993637941654807	0.22993637941654807	0.24325670820082737	0.0
RNF14	1	1	0	0.22954473320216004	0.22954473320216004	0.22954473320216004	0.0
OVOL2	2	2	0	0.226687280389046	0.226687280389046	0.23070156842132858	0.0
SMARCC2	1	1	0	0.22647699859204992	0.22647699859204992	0.22647699859204992	0.0
RBCK1	2	2	0	0.22235059704666482	0.22235059704666482	0.30753991705727773	0.0
FOXN3	1	1	0	0.21906103450305717	0.21906103450305717	0.21906103450305717	0.0
MRTFA	4	4	0	0.26676498383351976	0.2183134716665665	0.4454594023432561	0.0
GTF2F1	1	1	0	0.2175584203610061	0.2175584203610061	0.2175584203610061	0.0
SKI	4	4	0	0.19962784556547022	0.21710210168085775	0.31807217991973663	0.0
ZNF431	1	1	0	0.21693094074269514	0.21693094074269514	0.21693094074269514	0.0
SOX21	2	2	0	0.21628482633259877	0.21628482633259877	0.23870210771667028	0.0
NDN	1	1	0	0.21572913025251667	0.21572913025251667	0.21572913025251667	0.0
JAZF1	1	1	0	0.21503341724380207	0.21503341724380207	0.21503341724380207	0.0
PIAS3	4	4	0	0.1965621153867439	0.21463185482155128	0.330607385261483	0.0
ZNF250	3	3	0	0.2150795867958756	0.21408051083329435	0.3670799260225217	0.0
POU2AF1	5	5	0	0.22894140213217185	0.21188678977243888	0.41667590199840643	0.0
TLX2	5	5	0	0.17987393968116375	0.21015589414394464	0.24571328948114984	0.0
CREBRF	2	2	0	0.20597067459164237	0.20597067459164237	0.3931098397172573	0.0
DNAJC1	1	1	0	0.20588147826191286	0.20588147826191286	0.20588147826191286	0.0
PRDM13	3	3	0	0.2236571715733456	0.2058297006146434	0.3098942307920214	0.0
TRIM28	6	6	0	0.22118659885579825	0.20537465198059862	0.4662121357577155	0.0
KMT2E	4	4	0	0.20905538099764615	0.20523097451385716	0.2585048613087855	0.0
HOXC9	4	4	0	0.30245067113577373	0.2044739300856334	0.7897957466899344	0.0
SP140	1	1	0	0.20170130238853462	0.20170130238853462	0.20170130238853462	0.0
RUVBL1	1	1	0	0.20098348666877536	0.20098348666877536	0.20098348666877536	0.0
SMARCC1	9	8	0	0.235664694422075	0.19785042044531329	0.47797181000845296	0.0
XPC	4	4	0	0.18931034222929122	0.1957787754233376	0.35634743017132	0.0
E2F8	3	3	0	0.3133812479230756	0.1952148337419755	0.606542222687017	0.0
FOXP4	3	3	0	0.1468658933665792	0.19511608845849251	0.20020965524515624	0.0
PIAS2	4	4	0	0.18688370449374953	0.19447602517706544	0.30453205759486396	0.0
FIZ1	2	2	0	0.19414228196059097	0.19414228196059097	0.24814292694047752	0.0
ZMIZ1	2	2	0	0.19393140242104384	0.19393140242104384	0.2547414815565201	0.0
ZNF85	1	1	0	0.19092308856433	0.19092308856433	0.19092308856433	0.0
ARHGAP35	4	4	0	0.1721623003065618	0.18917162221583472	0.28253214501365503	0.0
THAP11	6	6	0	0.21829673487590306	0.18866643314215087	0.5013741657224525	0.0
SIX2	2	1	0	0.18579479781261632	0.18579479781261632	0.18579479781261632	0.0
ZBTB48	1	1	0	0.18383658493834784	0.18383658493834784	0.18383658493834784	0.0
HOXD4	6	5	0	0.23145671729545625	0.18357754454278682	0.6776959630110315	0.0
ZBTB12	1	1	0	0.1832781392014972	0.1832781392014972	0.1832781392014972	0.0
AHRR	6	5	0	0.16960828435101913	0.1823129570223154	0.3015248465708729	0.0
TRIM24	1	1	0	0.18028999338424145	0.18028999338424145	0.18028999338424145	0.0
NPAS3	1	1	0	0.17932074018984057	0.17932074018984057	0.17932074018984057	0.0
TAF12	1	1	0	0.17843143280879442	0.17843143280879442	0.17843143280879442	0.0
TFDP2	6	5	0	0.19974024243847546	0.1783221018775399	0.32154119648738544	0.0
TEAD2	6	6	0	0.14261434810234094	0.1775433934789833	0.23322263745078126	0.0
ZNF569	1	1	0	0.1775107297530952	0.1775107297530952	0.1775107297530952	0.0
LCOR	2	2	0	0.17642645865995507	0.17642645865995507	0.2367502100899613	0.0
HOXD9	3	2	0	0.17607379984416313	0.17607379984416313	0.3253153445477806	0.0
ZNF383	1	1	0	0.1755280382577286	0.1755280382577286	0.1755280382577286	0.0
CNOT7	4	4	0	0.14974623051664115	0.17537753757422148	0.2066950205987844	0.0
ZKSCAN4	2	2	0	0.174395185244522	0.174395185244522	0.19473427999037346	0.0
TAF4	2	2	0	0.17331864676661868	0.17331864676661868	0.31564466541694625	0.0
ZBTB10	2	2	0	0.17311176462048034	0.17311176462048034	0.33991694717898446	0.0
IKZF2	5	5	0	0.14828507024265872	0.17227003501073113	0.2641943604654207	0.0
NFKBIE	3	3	0	0.2178266580773087	0.17220537332836763	0.41970658311373543	0.0
BATF2	1	1	0	0.17101664872535643	0.17101664872535643	0.17101664872535643	0.0
FEV	6	6	0	0.16242656547304404	0.1695974604057922	0.2528341472870515	0.0
DMRTA1	3	3	0	0.18186573669563896	0.16927105964625444	0.3476197158435209	0.0
ZNF653	1	1	0	0.16913774950787516	0.16913774950787516	0.16913774950787516	0.0
LHX6	2	1	0	0.16879445664107254	0.16879445664107254	0.16879445664107254	0.0
HOXA3	2	2	0	0.16639917099539053	0.16639917099539053	0.1969064327995634	0.0
SCRT1	1	1	0	0.16585012564323975	0.16585012564323975	0.16585012564323975	0.0
DMAP1	5	5	0	0.2314838791609858	0.16581764918935563	0.4964803556049716	0.0
ZNF256	2	2	0	0.16103891762796385	0.16103891762796385	0.22422359531158415	0.0
GLIS3	8	8	0	0.18539411768006112	0.16100520487635575	0.3972452535155869	0.0
MED15	1	1	0	0.16020586186449876	0.16020586186449876	0.16020586186449876	0.0
PRRX2	2	2	0	0.16011611470295406	0.16011611470295406	0.3189729367692131	0.0
OLIG1	8	7	0	0.19082385546971165	0.16009240814059333	0.5377002596065464	0.0
ZNF135	2	2	0	0.15910871511728097	0.15910871511728097	0.24461692255813147	0.0
SOX15	2	2	0	0.1583953466091965	0.1583953466091965	0.16771227296382032	0.0
HMBOX1	3	3	0	0.16153052719332173	0.1583665199093681	0.23774826123152729	0.0
ARID4A	6	5	0	0.24682588985534198	0.15801108986370763	0.5313800562913219	0.0
DMRTA2	1	1	0	0.15759546059127483	0.15759546059127483	0.15759546059127483	0.0
ZNF24	5	5	0	0.1731192212158193	0.15717891960351013	0.3936875507727458	0.0
PPP1R13L	1	1	0	0.1570933542618194	0.1570933542618194	0.1570933542618194	0.0
ZNF205	2	2	0	0.15571884542130182	0.15571884542130182	0.2278183664781435	0.0
MYBBP1A	1	1	0	0.15544965978900618	0.15544965978900618	0.15544965978900618	0.0
TFEC	4	4	0	0.1278169752820146	0.15449403908286885	0.16240647383204437	0.0
TRIM31	1	1	0	0.15403733373852124	0.15403733373852124	0.15403733373852124	0.0
MLXIP	5	5	0	0.13658957392251603	0.1535670892195014	0.19675626723773357	0.0
OLIG3	1	1	0	0.15312622439574294	0.15312622439574294	0.15312622439574294	0.0
TLE1	1	1	0	0.15306597194434257	0.15306597194434257	0.15306597194434257	0.0
DOT1L	8	8	0	0.2458343192226568	0.1530045023124388	0.6794323761040103	0.0
POU6F2	4	4	0	0.16550010838517015	0.15257304777330216	0.25927750094498525	0.0
KDM3B	2	2	0	0.1512472644332992	0.1512472644332992	0.16354354245368177	0.0
RHOXF1	1	1	0	0.15121953433373114	0.15121953433373114	0.15121953433373114	0.0
GMEB1	2	2	0	0.15102868459541635	0.15102868459541635	0.26515804428421147	0.0
THAP7	2	2	0	0.15089455528043705	0.15089455528043705	0.2034192726816528	0.0
SOX1	3	3	0	0.12632099909723538	0.15063091896203143	0.15123372847429628	0.0
ZSCAN10	3	2	0	0.14908629362348652	0.14908629362348652	0.177368850978191	0.0
NFX1	5	5	0	0.1476466746192079	0.14851194596499698	0.27712532434436843	0.0
TSHZ3	6	6	0	0.12684867949252976	0.14754585093059397	0.23182572733687987	0.0
LMO1	1	1	0	0.14703397878707883	0.14703397878707883	0.14703397878707883	0.0
CNOT4	1	1	0	0.14687167712797106	0.14687167712797106	0.14687167712797106	0.0
HOXC4	3	3	0	0.12467275965786528	0.1466068073468891	0.19922869883939034	0.0
AKNA	2	2	0	0.14622590710319877	0.14622590710319877	0.2103899288322902	0.0
RERE	4	4	0	0.13264167369955543	0.1462065722401535	0.19024139528462775	0.0
TERF2	2	2	0	0.14590961190401402	0.14590961190401402	0.16933887519525403	0.0
TOX2	3	3	0	0.13280515379946614	0.14570287883701316	0.15157537471231908	0.0
EID2B	1	1	0	0.14544649788594669	0.14544649788594669	0.14544649788594669	0.0
ARID1B	5	5	0	0.18725405727818623	0.14516096679736934	0.43191186311668006	0.0
TRIM22	3	3	0	0.15313703318840943	0.1445874734305188	0.29520699157858526	0.0
MUC1	3	3	0	0.15440889853439566	0.14454295751734805	0.25962524766564166	0.0
ASH1L	4	4	0	0.1496502753108525	0.1441156690531428	0.21465755691463395	0.0
VAX2	4	4	0	0.12861939741495854	0.14409048641322025	0.18655063411041475	0.0
SP6	6	5	0	0.1428448204554281	0.1429778312259705	0.25905865798421984	0.0
LMO3	2	2	0	0.14284087015702077	0.14284087015702077	0.22795074645793237	0.0
PAWR	6	6	0	0.1375889107624023	0.14198523518317124	0.25369036354122176	0.0
CUX2	2	2	0	0.14164614957398858	0.14164614957398858	0.1759007017074956	0.0
NME2	1	1	0	0.14154898749951392	0.14154898749951392	0.14154898749951392	0.0
AEBP1	5	5	0	0.11410800194461075	0.14048953763938246	0.25667730857110227	0.0
SP8	2	2	0	0.1403359204303368	0.1403359204303368	0.18233342379658704	0.0
LHX9	3	3	0	0.11994649065104969	0.1397434418886498	0.19240932174155356	0.0
CBFA2T3	3	3	0	0.1429594249778847	0.13929656173213098	0.1799484892081038	0.0
ZBTB2	4	4	0	0.12076127245969592	0.13710620861633513	0.19669253666578923	0.0
GTF2B	1	1	0	0.13643051553354005	0.13643051553354005	0.13643051553354005	0.0
MXD4	2	2	0	0.13571881599193325	0.13571881599193325	0.23489710067022887	0.0
HMX1	3	3	0	0.13369835595578553	0.1351665233568938	0.1969509273755743	0.0
BTG2	6	6	0	0.17684073023387792	0.13353477980966322	0.4546367817775627	0.0
NKX3-2	8	7	0	0.16754204050100677	0.13332640577375876	0.316485076889879	0.0
TRIM27	1	1	0	0.13280806707298126	0.13280806707298126	0.13280806707298126	0.0
ZFHX2	2	2	0	0.13238012788553363	0.13238012788553363	0.14878955209282366	0.0
TOX3	6	6	0	0.13227308397575646	0.13218142307782865	0.22907156006352167	0.0
HOXD10	5	5	0	0.15429396939266662	0.13180759894953661	0.23662509777625387	0.0
ZSCAN21	1	1	0	0.13125962780494083	0.13125962780494083	0.13125962780494083	0.0
ZNF32	4	4	0	0.13834228866087656	0.1310940674323475	0.17409008466828663	0.0
RYBP	1	1	0	0.13035715978628287	0.13035715978628287	0.13035715978628287	0.0
SIN3B	3	3	0	0.09066587101043505	0.12976367522807755	0.13739898722051247	0.0
MTF2	7	6	0	0.189903254087734	0.12873786972566167	0.5186614891064129	0.0
HMG20B	1	1	0	0.12872791986257331	0.12872791986257331	0.12872791986257331	0.0
THAP12	1	1	0	0.1286311443550426	0.1286311443550426	0.1286311443550426	0.0
ZBTB5	1	1	0	0.12639740820521062	0.12639740820521062	0.12639740820521062	0.0
ZNF219	5	5	0	0.12197099405832165	0.1261490590246192	0.2576518130918002	0.0
BCOR	7	7	0	0.15415946789662024	0.12586978086446435	0.3191617204331873	0.0
CASZ1	4	4	0	0.12671747559621627	0.12584967656005047	0.1816027619043943	0.0
ZNF692	1	1	0	0.1252555453970288	0.1252555453970288	0.1252555453970288	0.0
HOXA2	7	6	0	0.13684673459899785	0.12487231798890307	0.2740655677801553	0.0
DNMT3L	4	3	0	0.1484853283957322	0.1234456796708186	0.22203532743803145	0.0
NCOA4	3	3	0	0.11144440673408308	0.12343181754872619	0.14578931611857324	0.0
NCOA6	5	5	0	0.14548000919970783	0.12340173565917086	0.30296798466053293	0.0
TFCP2L1	3	3	0	0.2336894476393179	0.12321514410334068	0.5529361195423065	0.0
DACH2	2	2	0	0.12295296207190765	0.12295296207190765	0.17539137850632275	0.0
ZNF8	2	2	0	0.12216894474968748	0.12216894474968748	0.15261156939172918	0.0
HOXD11	4	4	0	0.24370622152878724	0.12205147592804719	0.7157614059305055	0.0
NPAS1	4	4	0	0.12079769827262712	0.12140606454267192	0.15470589606149177	0.0
ZNF277	2	2	0	0.12137106883262484	0.12137106883262484	0.1389908795326828	0.0
ZNF20	3	3	0	0.09891884629400356	0.12132024116643272	0.15996410929701987	0.0
TCF20	5	4	0	0.10966914401630892	0.12064808210773459	0.17130126586531574	0.0
ZNF444	1	1	0	0.11949657542709444	0.11949657542709444	0.11949657542709444	0.0
SUPT3H	1	1	0	0.11935117624578868	0.11935117624578868	0.11935117624578868	0.0
ISX	1	1	0	0.11933282984161746	0.11933282984161746	0.11933282984161746	0.0
ZBED6	3	3	0	0.19719414532986643	0.1186787127281779	0.4425675559830196	0.0
ZFAT	2	2	0	0.11817961979441807	0.11817961979441807	0.1317182500735848	0.0
MAFF	4	4	0	0.1686243735067962	0.1181270752437338	0.43710443199798726	0.0
ZNF266	2	1	0	0.11778892873065454	0.11778892873065454	0.11778892873065454	0.0
CCDC62	1	1	0	0.1174111581925673	0.1174111581925673	0.1174111581925673	0.0
SAP30	1	1	0	0.11736072939254856	0.11736072939254856	0.11736072939254856	0.0
GTF2IRD1	7	6	0	0.10909486890708085	0.1163606646552511	0.17746908204415449	0.0
KAT8	4	4	0	0.14015214052796063	0.11635894004505314	0.29820470550420747	0.0
SIRT6	2	2	0	0.11589211218374565	0.11589211218374565	0.17428981041714584	0.0
MKX	7	7	0	0.12775170786158482	0.11583997228005911	0.3241939581844677	0.0
CREBL2	2	2	0	0.1156203797596331	0.1156203797596331	0.12320186101711608	0.0
PPARGC1B	5	5	0	0.12115317389795668	0.11534995565828682	0.17660922642102767	0.0
ARNT2	3	2	0	0.11519208912320239	0.11519208912320239	0.1864182924938733	0.0
CBFB	4	4	0	0.126993614331818	0.11450151557040276	0.264114806342482	0.0
ZNF296	2	2	0	0.11446212208734234	0.11446212208734234	0.16279667727100217	0.0
OSR1	4	4	0	0.17469859806361038	0.11404708097604437	0.42290318334992005	0.0
MAFG	9	8	0	0.14870103752936273	0.11270310336072653	0.45413771446557505	0.0
ZNF417	1	1	0	0.11269182276089565	0.11269182276089565	0.11269182276089565	0.0
VAX1	1	1	0	0.1120819916616382	0.1120819916616382	0.1120819916616382	0.0
PIR	1	1	0	0.11205690495206169	0.11205690495206169	0.11205690495206169	0.0
MYT1L	2	2	0	0.11204122685993598	0.11204122685993598	0.13504202226024595	0.0
RBBP8	1	1	0	0.11190325120787212	0.11190325120787212	0.11190325120787212	0.0
MNX1	6	5	0	0.14827171372108236	0.11181061526754582	0.23663173919207606	0.0
BARHL2	1	1	0	0.11176041678587748	0.11176041678587748	0.11176041678587748	0.0
ZSCAN26	1	1	0	0.1115139934729496	0.1115139934729496	0.1115139934729496	0.0
ONECUT2	4	4	0	0.09369089176409129	0.11151322641507407	0.15156066780198998	0.0
KMT2C	2	2	0	0.1115087765563333	0.1115087765563333	0.20392620997033006	0.0
TSC22D1	8	7	0	0.10195940300366313	0.11030197149960085	0.16990073497715846	0.0
NUCKS1	1	1	0	0.10977759401310208	0.10977759401310208	0.10977759401310208	0.0
ZHX3	3	2	0	0.10976847645192096	0.10976847645192096	0.1166319217112284	0.0
ZFX	5	5	0	0.10622784280348938	0.10937711924555672	0.29247343254506614	0.0
LIN28A	2	2	0	0.10929211369805586	0.10929211369805586	0.19380092622765546	0.0
HOXC13	7	7	0	0.14347190879006846	0.10924566816868055	0.3314713471152084	0.0
OTP	2	2	0	0.10882975991695466	0.10882975991695466	0.21177308756513713	0.0
BPTF	4	4	0	0.16558747372910904	0.10819734825423902	0.4163044829092491	0.0
SHOX	3	3	0	0.14273732324287983	0.10804291550137622	0.26404488781437435	0.0
TBX10	5	5	0	0.12767325768949553	0.10802676065108574	0.22682620733552397	0.0
KLF14	4	4	0	0.09278015938636487	0.10792586058195816	0.12174912702344196	0.0
NHLH1	5	5	0	0.11516721129151572	0.10791558052630275	0.2034319971906737	0.0
ZNF571	2	2	0	0.10785661611526119	0.10785661611526119	0.11953283208281981	0.0
PCBD1	1	1	0	0.10768188861593651	0.10768188861593651	0.10768188861593651	0.0
CIC	3	3	0	0.15167226379523457	0.1074909129960883	0.2433928393683147	0.0
MED26	1	1	0	0.10729996234638652	0.10729996234638652	0.10729996234638652	0.0
TBR1	7	6	0	0.11303718731459296	0.1072405168324302	0.17205976200810036	0.0
CAMTA1	4	4	0	0.10839740648137716	0.10717593046799265	0.19555556638060556	0.0
ZFP64	5	5	0	0.09872173014525228	0.10710803124540898	0.18234166933067827	0.0
ZBTB8A	1	1	0	0.10660055812817404	0.10660055812817404	0.10660055812817404	0.0
ZNF175	1	1	0	0.10656442049989256	0.10656442049989256	0.10656442049989256	0.0
CREG1	1	1	0	0.10623628627602691	0.10623628627602691	0.10623628627602691	0.0
PA2G4	5	5	0	0.16239009676313462	0.10616879842540534	0.44206578380557515	0.0
NRIP1	3	3	0	0.09803887545929345	0.10554867648139436	0.13606128967879816	0.0
HOXD1	7	7	0	0.10269192996734465	0.10552458968824358	0.2082204944972974	0.0
PASD1	1	1	0	0.10545178588376118	0.10545178588376118	0.10545178588376118	0.0
ZNF292	1	1	0	0.10543439719586678	0.10543439719586678	0.10543439719586678	0.0
MSGN1	1	1	0	0.10536727621642686	0.10536727621642686	0.10536727621642686	0.0
HMGXB4	4	4	0	0.09686246412075072	0.10508525650380135	0.16033653916756158	0.0
ZBTB38	5	5	0	0.12357589299933794	0.10470412106347353	0.37639971803768335	0.0
PHF5A	5	5	0	0.16201107054285524	0.10436016443849665	0.4438118946248639	0.0
SND1	2	2	0	0.10434451764603223	0.10434451764603223	0.10436940957564425	0.0
POU4F3	6	6	0	0.12194413630905658	0.10423328920303732	0.2073027485438548	0.0
COPS5	2	2	0	0.10403377401107827	0.10403377401107827	0.19113576079464745	0.0
ZNF239	2	2	0	0.10396113924388353	0.10396113924388353	0.11250584133002922	0.0
SOHLH2	2	2	0	0.10383739075794386	0.10383739075794386	0.18359850386975435	0.0
SMAD9	7	7	0	0.14049656092683102	0.10376166199987541	0.3117227590964758	0.0
ZNF281	4	3	0	0.12715863353429296	0.10350894680040111	0.24811735103118174	0.0
FOXD4	2	2	0	0.10349994703342796	0.10349994703342796	0.15309053542092327	0.0
MEOX2	7	7	0	0.10410623559547523	0.10312105995289995	0.20933699878170586	0.0
PLAGL2	9	8	0	0.11850610381108273	0.10268429396583265	0.3414735891817949	0.0
EN2	4	3	0	0.08202499997115796	0.10198515094633695	0.1348049750405888	0.0
HMX2	1	1	0	0.10173347986219687	0.10173347986219687	0.10173347986219687	0.0
TCF7L1	6	6	0	0.1154758432775248	0.10088160359397662	0.2776911213457992	0.0
RFX2	6	5	0	0.12564611929158953	0.09975426577061378	0.23498384097684158	0.0
ARID5B	9	9	0	0.09750675649655374	0.09920604506611096	0.16202681551645895	0.0
E4F1	10	9	0	0.12969756465895343	0.09879444994662916	0.38522347042614946	0.0
PIAS4	2	2	0	0.09870548621745776	0.09870548621745776	0.11767258589688687	0.0
ZNF268	2	1	0	0.09868277305142938	0.09868277305142938	0.09868277305142938	0.0
ATRX	5	4	0	0.10028683963087652	0.09843570285101652	0.18931132299960046	0.0
HOXB9	7	7	0	0.12720166020845586	0.09840104315509608	0.21561778524272282	0.0
LBX1	4	3	0	0.09975980943839063	0.09832734653700335	0.14409601164822958	0.0
POU6F1	2	2	0	0.09788673421993906	0.09788673421993906	0.13998005010345185	0.0
ZNF316	4	4	0	0.1751098271120232	0.0974673905132254	0.4818991073520711	0.0
HOXD8	5	5	0	0.09846003771951915	0.09721119532419732	0.25337642429588025	0.0
ZXDC	6	6	0	0.10989442007496082	0.09720119447894757	0.2537008894827235	0.0
SRCAP	2	2	0	0.09700000533343708	0.09700000533343708	0.14082297232428334	0.0
MED23	2	2	0	0.09687484629249504	0.09687484629249504	0.12874751762288403	0.0
TFAP2D	9	9	0	0.10253710092735104	0.09664949388319675	0.1920973496772501	0.0
IRX3	3	3	0	0.13824869628204794	0.09581689856655971	0.2366744878868969	0.0
ANKRD1	1	1	0	0.09558160331896544	0.09558160331896544	0.09558160331896544	0.0
PBX4	3	3	0	0.12349322984011209	0.0950078773520174	0.22854251955562804	0.0
ZNF165	3	3	0	0.10798259934953604	0.09470526844983018	0.16967655872609824	0.0
NANOGP8	4	4	0	0.09587804459764913	0.09452715714447094	0.12754536466858452	0.0
GRHL1	2	2	0	0.09452489261141551	0.09452489261141551	0.1269479999564944	0.0
SON	7	7	0	0.09011584944703074	0.09446688831279579	0.18745861470397254	0.0
CITED2	4	4	0	0.08961839861070829	0.09443608949435985	0.12074866935370451	0.0
SHOX2	8	7	0	0.12428450506381936	0.09428857128587065	0.22406094454449438	0.0
GCM1	11	10	0	0.09274691048909402	0.09428304460081448	0.16964518477921361	0.0
ZNF322	2	2	0	0.09377603499717578	0.09377603499717578	0.17129766343219607	0.0
ZNF184	1	1	0	0.09306584325730424	0.09306584325730424	0.09306584325730424	0.0
AIP	6	6	0	0.09405153630975936	0.09286586028562228	0.2112032122919187	0.0
DTX1	1	1	0	0.09252632393679013	0.09252632393679013	0.09252632393679013	0.0
TBX19	2	2	0	0.09210493623655902	0.09210493623655902	0.09991150191878335	0.0
NOTO	11	10	0	0.08574045402787664	0.09107645930642	0.15885154515120384	0.0
RORB	7	6	0	0.13228085618996713	0.09099811608945087	0.29262342908071537	0.0
NPAS4	5	4	0	0.1016477548862813	0.09065356386850243	0.21447505446972723	0.0
ALX3	3	2	0	0.09055080165911741	0.09055080165911741	0.11950549877180462	0.0
MAML1	5	5	0	0.11274821816504317	0.09023988776638037	0.21582680132042692	0.0
TRIM15	1	1	0	0.09013405048950988	0.09013405048950988	0.09013405048950988	0.0
FOXS1	3	3	0	0.07906626528257717	0.08980208652736495	0.09287768365217622	0.0
RLF	5	4	0	0.10372024126196938	0.08973612481899272	0.2104734633904269	0.0
SALL1	7	6	0	0.11297249616361534	0.08971346273645114	0.318288022974636	0.0
ZBTB18	9	9	0	0.09615983906070519	0.08965266828008436	0.1621596568284186	0.0
HOXA4	5	4	0	0.22286086250995946	0.0891591705536286	0.7032128431244054	0.0
MEF2B	7	7	0	0.06529247375279428	0.08872297065085293	0.10597625025039004	0.0
SALL3	11	10	0	0.08821094496043055	0.08865013498389628	0.20091241092362463	0.0
ZNF667	2	1	0	0.08842951111250635	0.08842951111250635	0.08842951111250635	0.0
HOXC11	4	4	0	0.07097463663863324	0.08822393136030135	0.10211996228242766	0.0
TRIM62	1	1	0	0.08803816805024371	0.08803816805024371	0.08803816805024371	0.0
ZNF2	1	1	0	0.08793697534675098	0.08793697534675098	0.08793697534675098	0.0
TSG101	3	3	0	0.10320039692247396	0.08783767557834533	0.1432019766527201	0.0
ATOH8	4	4	0	0.13946184339002382	0.08766310668018562	0.3368028454181402	0.0
APBB1	2	2	0	0.08746162259769416	0.08746162259769416	0.14180895606671778	0.0
ZBTB32	5	5	0	0.10709534137990857	0.08710876026220443	0.22366828968401237	0.0
MXI1	9	8	0	0.09231732433579443	0.08708644818505543	0.21811382950382185	0.0
UTF1	5	4	0	0.08678182676625534	0.08700727664830282	0.13946643688334323	0.0
ZNF267	1	1	0	0.08696151724926389	0.08696151724926389	0.08696151724926389	0.0
NR1D2	7	7	0	0.15905107763685838	0.08682229145583227	0.38568921912100357	0.0
ESRRB	12	11	0	0.09663039429872837	0.08633910835244595	0.21474259334010565	0.0
NKX2-6	3	3	0	0.09971431042291128	0.08626195543906867	0.1354747605686022	0.0
SOX8	4	4	0	0.1021424590850485	0.08573695873016489	0.18019574079939688	0.0
ZSCAN9	1	1	0	0.08571177979501368	0.08571177979501368	0.08571177979501368	0.0
UBP1	3	3	0	0.08764827088445577	0.08543312015564741	0.1291286059202887	0.0
ARID5A	4	4	0	0.07716008632774815	0.08516161833389238	0.11871660705560132	0.0
ARID1A	8	8	0	0.11267456693535179	0.08508616553952753	0.2343138778645326	0.0
PIN1	6	6	0	0.10186144255533314	0.08504930067886426	0.2216115294156249	0.0
PRDM10	4	3	0	0.11240875604888396	0.08479252760780828	0.19229376420003177	0.0
DMRT3	2	2	0	0.08478421343860776	0.08478421343860776	0.16438089422963156	0.0
NAB1	1	1	0	0.08474353189458754	0.08474353189458754	0.08474353189458754	0.0
ZNF804A	10	10	0	0.11082505850608784	0.08457886903990389	0.31606644710927007	0.0
ZNF513	1	1	0	0.08451788589061332	0.08451788589061332	0.08451788589061332	0.0
TCF15	7	7	0	0.09206391046267094	0.08440276076825608	0.171197835537086	0.0
RREB1	10	10	0	0.08580029717870255	0.08427221530787371	0.12559013186263818	0.0
PIAS1	6	6	0	0.10783954072918055	0.08385091650262512	0.30623531510001345	0.0
TFAP2E	3	3	0	0.09185078147589665	0.08368816556359639	0.17476408621910935	0.0
TBL1XR1	1	1	0	0.08343874291421793	0.08343874291421793	0.08343874291421793	0.0
CCND1	1	1	0	0.08312595381742952	0.08312595381742952	0.08312595381742952	0.0
FUS	4	4	0	0.10890529324057129	0.08283534660595526	0.2535906909755591	0.0
TBX4	3	3	0	0.10798494295903248	0.08267745138526149	0.18196975308160224	0.0
HOXB3	9	9	0	0.17417044842006268	0.08243783080871979	0.728295798106343	0.0
LMX1A	9	8	0	0.112238136195252	0.08193270410652277	0.2409397789222018	0.0
FOXI1	10	10	0	0.08707007672106401	0.08186914463977482	0.25047360387076584	0.0
SALL2	6	5	0	0.131562870246653	0.08174296636540637	0.29057576428120463	0.0
ZNF398	3	2	0	0.0817187715102404	0.0817187715102404	0.14789581225892418	0.0
PHB1	2	2	0	0.08170542764789122	0.08170542764789122	0.10210156530357012	0.0
GBX2	9	8	0	0.08250328876890886	0.08135154024215652	0.15676716904772112	0.0
TFEB	8	8	0	0.08427034108309049	0.08109103204100532	0.13712735703113316	0.0
TLE5	4	4	0	0.10078135360663587	0.0810326555747555	0.193119375539907	0.0
MIXL1	6	5	0	0.06460681878911434	0.08099046914745163	0.14490071181838493	0.0
DAXX	5	5	0	0.08913738054979045	0.08018341931506326	0.12855825413115288	0.0
OVOL1	10	9	0	0.18422231380393456	0.07946197704082628	0.7377458847926573	0.0
LHX1	6	6	0	0.08798053857133326	0.07861954019219179	0.21771781597994175	0.0
TBXT	12	12	0	0.0755548580255484	0.07835051390349144	0.15848355332133754	0.0
SOHLH1	4	4	0	0.08241539863014632	0.078200695540148	0.1160558057707839	0.0
MTA2	7	6	0	0.07736218351856525	0.07766782195128044	0.11452535924494904	0.0
HOXB8	3	3	0	0.07092261547859678	0.07728505340408816	0.08319630352323448	0.0
ELF2	11	11	0	0.09720761136453303	0.07713382352069174	0.25779905572863926	0.0
ZBTB14	7	6	0	0.09513208567700959	0.07674684585844671	0.21738066239528592	0.0
ZBTB44	1	1	0	0.07652936837881616	0.07652936837881616	0.07652936837881616	0.0
ZNF174	2	2	0	0.07645536728374841	0.07645536728374841	0.15168550322450225	0.0
TCFL5	3	3	0	0.06162051013731259	0.07603562316092742	0.09702052550716543	0.0
PBX3	2	2	0	0.07503506275482993	0.07503506275482993	0.08496923024253168	0.0
GATAD2B	1	1	0	0.07486543077214997	0.07486543077214997	0.07486543077214997	0.0
ZBTB22	2	1	0	0.07429404089515075	0.07429404089515075	0.07429404089515075	0.0
SPIC	10	10	0	0.06441365123733525	0.07413198856729858	0.12161825686680992	0.0
TRRAP	2	2	0	0.07409511126045075	0.07409511126045075	0.10782041740252346	0.0
PRDM4	9	9	0	0.11682205130730727	0.07393946651311056	0.30247587965026107	0.0
INSM1	6	5	0	0.1407987118299322	0.07376740326145803	0.34531953202547644	0.0
ZNF16	2	2	0	0.07347213201560933	0.07347213201560933	0.10835583713526303	0.0
ATF6B	4	4	0	0.07874816371351538	0.07316712854305474	0.13071463408713305	0.0
MESP2	8	8	0	0.0774938599795977	0.07309631907896147	0.16486122929703897	0.0
TRIM5	1	1	0	0.07300895089907385	0.07300895089907385	0.07300895089907385	0.0
LYAR	1	1	0	0.07293185446784	0.07293185446784	0.07293185446784	0.0
FOXD2	4	4	0	0.06930273932216931	0.0728282341733235	0.11271949063835124	0.0
MIER1	1	1	0	0.07271731260758053	0.07271731260758053	0.07271731260758053	0.0
BSX	4	4	0	0.07303748847467811	0.07239693590593495	0.13856438948091684	0.0
NEUROD2	13	12	0	0.08723346243006382	0.07158736403807596	0.24255670674130403	0.0
RCOR1	3	3	0	0.060326773547691885	0.07158085145198537	0.08530714113413992	0.0
SOX7	6	6	0	0.08746503404361222	0.07111775113259278	0.21784157853007494	0.0
ARID4B	12	12	0	0.08962463554880923	0.07103677608728817	0.22932299410232182	0.0
KLF16	3	2	0	0.07038664820600342	0.07038664820600342	0.08547087585159305	0.0
HIVEP3	6	6	0	0.08249283015407974	0.06990135223117219	0.2117318786475891	0.0
PHF20	10	10	0	0.0904390140728829	0.06975447465719511	0.23051353884500536	0.0
POU3F3	4	4	0	0.06949981952112746	0.06971273267068837	0.11783058760804008	0.0
UNCX	4	3	0	0.052221024884048665	0.0691414923538635	0.0801408045402366	0.0
CREB3L3	9	9	0	0.0772693645936449	0.06894603288724718	0.1613995448211691	0.0
FOXO6	5	5	0	0.08085024290658607	0.06880625124440222	0.1526653921657897	0.0
ZNF160	7	7	0	0.09110827944020926	0.06857668532258006	0.2755611524230319	0.0
TLX3	6	6	0	0.09333850178722657	0.0685374398266421	0.1935083980270865	0.0
ZNF274	4	4	0	0.06973152591544576	0.0682541183119015	0.0964442169427893	0.0
ZNF395	7	7	0	0.13851745051314823	0.06800945332748817	0.27992829349836945	0.0
PURB	4	4	0	0.06254757461623126	0.06794973145070148	0.08025283931523478	0.0
RBPJL	2	2	0	0.06793175497732766	0.06793175497732766	0.08321392247798558	0.0
ZNF750	1	1	0	0.06785079278869816	0.06785079278869816	0.06785079278869816	0.0
TLX1	10	9	0	0.09618726886570757	0.06708810195123241	0.2081791082669211	0.0
EMX1	2	2	0	0.0669630661317591	0.0669630661317591	0.12331616546361289	0.0
HIVEP1	10	10	0	0.09845426827145305	0.06683603157985774	0.2740629748673091	0.0
HOXB5	5	5	0	0.0687487015584394	0.06655414024865432	0.1890598385088958	0.0
PHF1	2	2	0	0.06603960265767737	0.06603960265767737	0.07735593731225125	0.0
ZNF202	7	7	0	0.07977964419472151	0.06562795434586702	0.1842935562360085	0.0
IRX4	5	5	0	0.11045881844863814	0.06537000685488067	0.21883800832637876	0.0
TBX20	8	7	0	0.08538307242753156	0.06519819491897658	0.13270836325749805	0.0
VSX1	5	4	0	0.07284320080195794	0.06509841036994808	0.14166558211652877	0.0
EMX2	10	9	0	0.09487814122240741	0.06435585999156175	0.22095613432218902	0.0
ATF7	8	8	0	0.08898602075921805	0.06431220787087813	0.17843143280879442	0.0
PCGF2	3	3	0	0.059832899357858356	0.06427049015918603	0.10248026149177622	0.0
FOXJ2	1	1	0	0.064263035658858	0.064263035658858	0.064263035658858	0.0
BARX1	8	8	0	0.09538537224647455	0.0639057817805126	0.22426901840602304	0.0
ZMYND8	8	8	0	0.06247238484273642	0.062299041042602143	0.11359066947381506	0.0
ZHX2	11	10	0	0.06885902973963662	0.06175352857653037	0.14374403719070636	0.0
IRF2BPL	5	4	0	0.07206952875672971	0.061532410726406105	0.16359874296259996	0.0
HSF4	11	11	0	0.08355293961478745	0.061144248058553556	0.19308127261123845	0.0
HOXA7	14	13	0	0.07360601963923369	0.060792968794719016	0.1849891464746488	0.0
TLE4	1	1	0	0.06073364935760051	0.06073364935760051	0.06073364935760051	0.0
FEZF2	9	8	0	0.07609393103945827	0.06044123761696962	0.17205976200810036	0.0
ZNF350	10	9	0	0.05850094398719271	0.06037719072544595	0.17863064053105027	0.0
MAML2	2	2	0	0.0602910828639565	0.0602910828639565	0.0782310117667731	0.0
MEIS2	9	9	0	0.07375781376045835	0.06025322462624173	0.14878210453547547	0.0
ZNF335	8	8	0	0.09448107427339461	0.060213621559576866	0.27053037070792435	0.0
BATF3	3	3	0	0.06714250252928637	0.05969745011417174	0.08887020530263866	0.0
ISL2	2	2	0	0.05964955480560468	0.05964955480560468	0.0953200888455844	0.0
ZFHX4	1	1	0	0.05950549573849501	0.05950549573849501	0.05950549573849501	0.0
MEIS3	4	3	0	0.0791303654122016	0.059280003610082135	0.1283340664204058	0.0
ZSCAN18	1	1	0	0.059245991341366766	0.059245991341366766	0.059245991341366766	0.0
CC2D1A	1	1	0	0.05904056677438035	0.05904056677438035	0.05904056677438035	0.0
MYRF	10	10	0	0.08047664201428537	0.05895024678304505	0.22793152479341877	0.0
ONECUT3	1	1	0	0.05884102700568043	0.05884102700568043	0.05884102700568043	0.0
TGIF1	12	12	0	0.0780346194633395	0.05878097382405087	0.24185543988925906	0.0
BACH2	8	8	0	0.09905971348983492	0.05877823821098287	0.24888798661375058	0.0
RBFOX2	1	1	0	0.05841521346879079	0.05841521346879079	0.05841521346879079	0.0
PRDM16	6	5	0	0.06915724366991191	0.05821331031747372	0.14327858358653484	0.0
CTCFL	12	11	0	0.08004198252515388	0.058078523850579204	0.1984912559214964	0.0
FOXP2	11	11	0	0.0795301559857716	0.05753984526106655	0.19712492036286347	0.0
HIRA	1	1	0	0.0572097406637861	0.0572097406637861	0.0572097406637861	0.0
ZNF287	2	2	0	0.057100114415764375	0.057100114415764375	0.07875889942985077	0.0
SNW1	4	4	0	0.04845031149447676	0.0570899730299039	0.07799157179553735	0.0
ZBTB7C	2	2	0	0.056686288197868126	0.056686288197868126	0.10970634657204217	0.0
DMRT1	9	8	0	0.05538993825667887	0.05613646496344517	0.1264898639483893	0.0
TBPL2	10	10	0	0.05233168577279125	0.056103755041987766	0.10262788902221408	0.0
ETV2	9	8	0	0.07488363534997668	0.05584142152785351	0.24954895361548401	0.0
ADNP	1	1	0	0.05577362505918083	0.05577362505918083	0.05577362505918083	0.0
GCM2	2	2	0	0.05574646451917492	0.05574646451917492	0.06690981694567831	0.0
PRDM8	1	1	0	0.05571490854251531	0.05571490854251531	0.05571490854251531	0.0
NKX6-3	6	6	0	0.06214347061139128	0.0554313219014462	0.11618895457740146	0.0
ZNF503	3	2	0	0.055427453425879195	0.055427453425879195	0.10424224467513928	0.0
RFX4	5	5	0	0.08417251135351898	0.05437544327618804	0.18344047264395746	0.0
GZF1	1	1	0	0.05415152633704517	0.05415152633704517	0.05415152633704517	0.0
MLX	5	5	0	0.11181690356203075	0.0532480580779661	0.22401369200833288	0.0
ZNF423	5	5	0	0.10090468930070577	0.053221394334348686	0.2664650082068828	0.0
WNT3A	3	3	0	0.06497359729561523	0.05315213983901592	0.12462524953642576	0.0
HOXB6	5	4	0	0.05653840667004827	0.052840912866422333	0.09782990480509514	0.0
SIM1	4	4	0	0.0767219573622742	0.05280011554429541	0.1864182924938733	0.0
CDX4	4	3	0	0.04980376632324476	0.052784151165226216	0.06757359079083752	0.0
RXRG	7	7	0	0.08927494749682872	0.05275830993673129	0.31316954561419424	0.0
DMBX1	4	4	0	0.06952430055802855	0.05274359930293276	0.1567740226176643	0.0
BCL11B	25	24	0	0.06217843274985935	0.052453436162945594	0.15343909066332898	0.0
HOPX	9	9	0	0.055359582429019505	0.05241060221641342	0.11913727195026615	0.0
IRX5	3	3	0	0.049936780725716834	0.05237599473898124	0.06955964029259133	0.0
HEYL	6	6	0	0.06187241069927001	0.05236125885038746	0.1317891299162785	0.0
ZIC3	4	4	0	0.06748419699440217	0.052280021196921975	0.13500018029554317	0.0
SP5	2	2	0	0.05214672650219939	0.05214672650219939	0.07610151692109149	0.0
BCLAF1	9	8	0	0.17541131877914026	0.05198454132433862	0.527415691109795	0.0
BCL6B	3	3	0	0.056177715872701005	0.05183856056046861	0.07916917703733667	0.0
ZNF300	8	8	0	0.083746788663499	0.05136537251926837	0.27947017401206764	0.0
ZNF260	3	3	0	0.049558736720680584	0.051246257699144086	0.06634351802053202	0.0
YY2	3	3	0	0.053403779777390026	0.05085087573221515	0.08994170474356142	0.0
HOXA5	16	16	0	0.09355059296261967	0.05080697777833119	0.7032128431244054	0.0
LDB1	3	3	0	0.15050639810610447	0.050606496163987776	0.3782082556957299	0.0
ZMYND11	1	1	0	0.05060482797212158	0.05060482797212158	0.05060482797212158	0.0
ZNF436	7	7	0	0.11817838083493733	0.050428952072670195	0.3821491942350649	0.0
NKX2-3	2	2	0	0.05009897797219567	0.05009897797219567	0.062449371778001674	0.0
PEG3	9	8	0	0.06070560298487256	0.049980536272913954	0.14420841926538708	0.0
TLE3	1	1	0	0.04962998193510685	0.04962998193510685	0.04962998193510685	0.0
ZNF746	3	3	0	0.04919904250581791	0.049399989364462944	0.08735257938709153	0.0
HES4	2	2	0	0.049278633320139806	0.049278633320139806	0.056144004762549445	0.0
KDM5D	7	6	0	0.07263938644118047	0.04885936805875586	0.16653120699579213	0.0
FOXE1	8	8	0	0.0605159725539071	0.04870334421507611	0.1293861787289472	0.0
ZIC2	7	7	0	0.05608729335900142	0.048591903612602676	0.1150622166826622	0.0
ZNF304	2	2	0	0.048502151720690334	0.048502151720690334	0.051270922997140804	0.0
OTX1	3	3	0	0.05095829306248797	0.048045403173685296	0.062308513225687874	0.0
CC2D1B	1	1	0	0.04785158625648487	0.04785158625648487	0.04785158625648487	0.0
TRIM21	1	1	0	0.047621571114173034	0.047621571114173034	0.047621571114173034	0.0
POU3F4	5	4	0	0.05294705078600643	0.04748209728009602	0.11646863543095336	0.0
NFE2L3	7	7	0	0.09103601871951701	0.04744190827175653	0.23406884642211825	0.0
RAX	3	3	0	0.07796668604286193	0.046912335841037024	0.14012546593652964	0.0
NKX2-8	2	2	0	0.046279859793766455	0.046279859793766455	0.05241922681931146	0.0
NR2F6	14	14	0	0.0807569991078503	0.04610739455393647	0.2991403609742016	0.0
HOXB4	11	10	0	0.06596481519334746	0.045898574188458	0.24069028998313852	0.0
VEZF1	8	7	0	0.13317914320112847	0.04579918648717725	0.41086731782090774	0.0
ZFP57	2	2	0	0.04569465549375418	0.04569465549375418	0.048935830044355755	0.0
GSX1	4	3	0	0.07681646493603374	0.0452878725757923	0.14194906298445967	0.0
ZNF410	6	6	0	0.057004825177072116	0.04525892688156356	0.17862128659745025	0.0
NACC1	5	4	0	0.05462622299871092	0.044803048811583084	0.08904082479350893	0.0
SETBP1	6	6	0	0.05185643673247891	0.044505407821066274	0.13767950674404192	0.0
SLC2A4RG	1	1	0	0.04234003510846563	0.04234003510846563	0.04234003510846563	0.0
PRDM14	1	1	0	0.04178703743059193	0.04178703743059193	0.04178703743059193	0.0
PROP1	13	12	0	0.060409557965452804	0.04176022724214465	0.14452799378201342	0.0
ZNF77	2	2	0	0.04126520846066657	0.04126520846066657	0.04911493309994665	0.0
SUPT20H	5	5	0	0.09178787117572175	0.041029245431817025	0.32781622840988084	0.0
FAM170A	1	1	0	0.04082963581379138	0.04082963581379138	0.04082963581379138	0.0
LMO4	5	5	0	0.050779544982484784	0.040731272593080584	0.1286119234961363	0.0
ZNF140	1	1	0	0.04071631835887982	0.04071631835887982	0.04071631835887982	0.0
SOX18	6	6	0	0.053348704653396195	0.04062975940385625	0.15900963337294996	0.0
ZNF14	1	1	0	0.04054163085209095	0.04054163085209095	0.04054163085209095	0.0
TRIM14	1	1	0	0.04024343910360776	0.04024343910360776	0.04024343910360776	0.0
NSD1	1	1	0	0.040086880446023425	0.040086880446023425	0.040086880446023425	0.0
SPZ1	2	2	0	0.03978644950568284	0.03978644950568284	0.07844471747651424	0.0
BHLHE23	3	3	0	0.03737032189119243	0.039072603713143	0.0691657409104402	0.0
RUNX1T1	1	1	0	0.03873574383250044	0.03873574383250044	0.03873574383250044	0.0
NANOG	59	58	0	0.044940977743919565	0.0376458498708358	0.19397645834864358	0.0
ZNF79	1	1	0	0.037470735860173056	0.037470735860173056	0.037470735860173056	0.0
EVX2	2	2	0	0.037459237944398	0.037459237944398	0.054707496276583535	0.0
TBX22	3	3	0	0.058369098280680244	0.03680409664718825	0.13551606343264808	0.0
ZXDA	2	2	0	0.036568929275001105	0.036568929275001105	0.04775794427835087	0.0
DDX5	2	2	0	0.036536640991790076	0.036536640991790076	0.06133703994489991	0.0
HOXD12	1	1	0	0.036272469220245296	0.036272469220245296	0.036272469220245296	0.0
ALX1	4	4	0	0.038550358446548694	0.036245096917817674	0.06407406198294768	0.0
FIGLA	5	4	0	0.04141257165025691	0.0360695521763122	0.08975409615489938	0.0
DUX4	4	4	0	0.03668201133167833	0.03533000765887269	0.07467319627886362	0.0
PAX4	9	9	0	0.062724269964415	0.035215480095596684	0.15892247312386937	0.0
VENTX	5	5	0	0.036787725400019	0.035020371591196725	0.09460199053943072	0.0
LHX5	1	1	0	0.03451002298764165	0.03451002298764165	0.03451002298764165	0.0
HES3	1	1	0	0.03426099955229688	0.03426099955229688	0.03426099955229688	0.0
LHX4	7	6	0	0.07869516386894286	0.03416895543049645	0.23771682339169617	0.0
OSR2	1	1	0	0.033330658937184995	0.033330658937184995	0.033330658937184995	0.0
HES7	1	1	0	0.0321843610899844	0.0321843610899844	0.0321843610899844	0.0
BBX	2	1	0	0.032022885276153795	0.032022885276153795	0.032022885276153795	0.0
LIMD1	1	1	0	0.03112228597507328	0.03112228597507328	0.03112228597507328	0.0
TSHZ1	3	2	0	0.03106452240194439	0.03106452240194439	0.049777026206116876	0.0
ZBTB8B	1	1	0	0.030005233450993977	0.030005233450993977	0.030005233450993977	0.0
ZNF419	1	1	0	0.029995555936490982	0.029995555936490982	0.029995555936490982	0.0
L3MBTL1	3	3	0	0.10373963641235628	0.029777863897866193	0.2519621875142832	0.0
SOX3	7	7	0	0.07580105016561596	0.02975537655103221	0.2024870422415592	0.0
NEUROD4	4	4	0	0.039152265017622284	0.029075771725726764	0.09628747489477842	0.0
NOBOX	3	3	0	0.05010532113212233	0.028919334779712258	0.09255288213642618	0.0
TOB1	1	1	0	0.028592576704277346	0.028592576704277346	0.028592576704277346	0.0
POU1F1	56	55	0	0.027768794280061588	0.028179216450593472	0.07901858904629912	0.0
MESP1	1	1	0	0.02758661788738347	0.02758661788738347	0.02758661788738347	0.0
PRMT5	1	1	0	0.02756099017165844	0.02756099017165844	0.02756099017165844	0.0
MBD3	1	1	0	0.027387396967020538	0.027387396967020538	0.027387396967020538	0.0
SRY	42	41	0	0.03076904159382635	0.026834603845998225	0.09551801384641997	0.0
TCF23	2	2	0	0.02644708970558564	0.02644708970558564	0.032799461357596225	0.0
IRX2	2	2	0	0.025890921064676508	0.025890921064676508	0.03739288107863229	0.0
SCX	13	13	0	0.03814833036960326	0.025796949185988547	0.12390682642180635	0.0
ZNF492	1	1	0	0.025401847506624692	0.025401847506624692	0.025401847506624692	0.0
ZFP90	2	2	0	0.025174034017817447	0.025174034017817447	0.03725268907533387	0.0
HMGB1	4	4	0	0.05489004822115155	0.025064478503754865	0.15664816056633157	0.0
TFDP3	6	6	0	0.028215842192336804	0.02490994068940664	0.06406639283639398	0.0
URI1	1	1	0	0.024889033757365765	0.024889033757365765	0.024889033757365765	0.0
BHLHE22	2	2	0	0.023894155373553497	0.023894155373553497	0.04132135601446296	0.0
THAP9	3	3	0	0.06509773846725828	0.022899429882772767	0.1702009711659258	0.0
ZNF461	3	3	0	0.06603998695632468	0.022508728874777048	0.1721614438417846	0.0
HIF3A	6	6	0	0.04077621601856312	0.022352736517503198	0.13282648266165087	0.0
KAT2A	1	1	0	0.02187571403475533	0.02187571403475533	0.02187571403475533	0.0
FOXK1	3	3	0	0.048248351092891294	0.02146822455128115	0.11897376464903237	0.0
TBL1X	1	1	0	0.021402409410639364	0.021402409410639364	0.021402409410639364	0.0
ADNP2	1	1	0	0.02105127428417143	0.02105127428417143	0.02105127428417143	0.0
ZKSCAN3	3	3	0	0.09195302146456563	0.02063576007198904	0.24992494265526496	0.0
ASXL1	5	5	0	0.07187475776715718	0.019468496808639452	0.16637363180286927	0.0
EVX1	3	3	0	0.04848612817919295	0.019082493161097436	0.11025652355411775	0.0
ESX1	1	1	0	0.018021808702868743	0.018021808702868743	0.018021808702868743	0.0
ST18	2	2	0	0.0171940579502332	0.0171940579502332	0.01880164214557778	0.0
KMT2D	3	3	0	0.022200172176527505	0.015913380209083505	0.05063878523169162	0.0
ZFP1	1	1	0	0.015894831601492812	0.015894831601492812	0.015894831601492812	0.0
GSX2	3	2	0	0.015572034346450554	0.015572034346450554	0.029984748743610505	0.0
ZNF217	6	6	0	0.04159752646589724	0.01548374062902658	0.10636159996680572	0.0
ZNF224	3	3	0	0.05272262590202557	0.014606273054972432	0.13793121565453875	0.0
ASCL4	3	3	0	0.013020011333307097	0.014583865033576117	0.01642896261180069	0.0
RFX6	1	1	0	0.013005338343612324	0.013005338343612324	0.013005338343612324	0.0
TOX	5	4	0	0.020843531197752556	0.012859683647959856	0.050153730506717516	0.0
YBX2	1	1	0	0.01272560185996759	0.01272560185996759	0.01272560185996759	0.0
NACC2	1	1	0	0.010132729783745485	0.010132729783745485	0.010132729783745485	0.0
DRAP1	1	1	0	0.009976512570171946	0.009976512570171946	0.009976512570171946	0.0
PLAG1	8	7	0	0.02137682192631648	0.009972737784822574	0.09103493032139184	0.0
NKX6-2	5	4	0	0.03291660496102764	0.009901414958193716	0.10904312097455811	0.0
EID1	1	1	0	0.008598713855176089	0.008598713855176089	0.008598713855176089	0.0
ZNF134	1	1	0	0.008294275274857633	0.008294275274857633	0.008294275274857633	0.0
ZNF652	1	1	0	0.007495127209655098	0.007495127209655098	0.007495127209655098	0.0
FERD3L	1	1	0	0.00746353428567739	0.00746353428567739	0.00746353428567739	0.0
SOX14	1	1	0	0.005549930771191811	0.005549930771191811	0.005549930771191811	0.0
HOXC5	1	1	0	0.00396763474035766	0.00396763474035766	0.00396763474035766	0.0
ZNF671	1	1	0	0.0034984757126547126	0.0034984757126547126	0.0034984757126547126	0.0
ZC3H8	1	1	0	0.0018225068324769142	0.0018225068324769142	0.0018225068324769142	0.0
ZBTB20	3	3	0	0.08212094360234107	0.0017718158985912998	0.24282202940320505	0.0
AEBP2	1	1	0	0.0009164555815127607	0.0009164555815127607	0.0009164555815127607	0.0
ZNF189	1	1	0	0.0004614096791366628	0.0004614096791366628	0.0004614096791366628	0.0
AP1	587	0	0				
DBX1	1	0	0				
DPF3	1	0	0				
GSC2	1	0	0				
HELT	1	0	0				
MGA	1	0	0				
NFKB	792	0	0				
ZHX1	1	0	0				
ZIK1	1	0	0				
ZNF230	1	0	0				
ZNF512B	1	0	0				
