source	n_targets	mean_abs_prior_weight
SP1	1294	1.0
TP53	967	1.0
MYC	880	1.0
NFKB	792	1.0
JUN	656	1.0
ESR1	625	1.0
AP1	587	1.0
RELA	556	1.0
AR	506	1.0
CREB1	462	1.0
HIF1A	459	1.0
CEBPB	446	1.0
SP3	436	1.0
STAT3	432	1.0
NFKB1	426	1.0
PPARG	365	1.0
EGR1	356	1.0
FOS	341	1.0
CTNNB1	339	1.0
SPI1	338	1.0
TFAP2A	314	1.0
E2F1	314	1.0
STAT1	302	1.0
NR3C1	291	1.0
FOXO1	279	1.0
HNF4A	275	1.0
PPARA	267	1.0
YY1	265	1.0
CEBPA	233	1.0
NR1I2	228	1.0
USF1	224	1.0
ETS1	213	1.0
STAT5A	211	1.0
ESR2	208	1.0
CEBPG	203	1.0
TP63	203	1.0
NFE2L2	198	1.0
RUNX1	195	1.0
FOXO3	195	1.0
GATA3	190	1.0
SMAD3	188	1.0
AHR	188	1.0
RARA	186	1.0
DNMT1	185	1.0
MYB	180	1.0
GLI1	179	1.0
E2F4	168	1.0
PAX6	166	1.0
IRF1	166	1.0
TBP	163	1.0
EZH2	157	1.0
WT1	156	1.0
RBPJ	155	1.0
VDR	151	1.0
GLI2	148	1.0
SSRP1	147	1.0
HNF1A	145	1.0
CTCF	144	1.0
MYOD1	142	1.0
GATA1	142	1.0
PITX2	141	1.0
SMAD4	141	1.0
MYCN	139	1.0
GATA4	137	1.0
NR1H3	136	1.0
FOXA2	135	1.0
NR1H4	134	1.0
PGR	133	1.0
SREBF1	130	1.0
KLF4	129	1.0
RUNX2	129	1.0
TCF3	127	1.0
ATF4	127	1.0
TP73	126	1.0
STAT6	125	1.0
POU2F1	123	1.0
NFATC1	120	1.0
LEF1	120	1.0
ATF2	119	1.0
NR0B2	118	1.0
MEF2A	117	1.0
TCF7L2	117	1.0
PAX3	116	1.0
USF2	115	1.0
REL	112	1.0
RXRA	111	1.0
MITF	111	1.0
ATF3	110	1.0
CUX1	110	1.0
NR4A1	109	1.0
JUNB	109	1.0
ETS2	109	1.0
JUND	108	1.0
SMAD2	107	1.0
NR5A1	107	1.0
SRF	105	1.0
SOX9	105	1.0
STAT5B	104	1.0
GATA2	100	1.0
DDIT3	100	1.0
SNAI1	99	1.0
PPARD	99	1.0
BCL6	99	1.0
HSF1	99	1.0
FOXM1	96	1.0
CEBPD	96	1.0
TAL1	96	1.0
FLI1	95	1.0
NFYA	94	1.0
NFATC2	93	1.0
YBX1	92	1.0
HR	92	1.0
EPAS1	92	1.0
HES1	92	1.0
POU5F1	91	1.0
NRF1	91	1.0
MEF2C	90	1.0
NCOR1	90	1.0
NCOA1	90	1.0
MBD2	89	1.0
RORA	89	1.0
SOX2	89	1.0
CREM	88	1.0
PDX1	85	1.0
ATF1	85	1.0
GATA6	85	1.0
IRF3	83	1.0
HDAC1	83	1.0
THRA	83	1.0
KAT7	83	1.0
NFIC	82	1.0
ELF1	79	1.0
NR2F2	79	1.0
TWIST1	78	1.0
ID1	77	1.0
NFKB2	77	1.0
KLF5	76	1.0
CDX2	75	1.0
NCOA3	75	1.0
TFCP2	75	1.0
NKX2-5	74	1.0
EP300	74	1.0
SMAD1	74	1.0
REST	74	1.0
HMGA1	73	1.0
EGR2	73	1.0
NEUROD1	72	1.0
NKX3-1	72	1.0
SREBF2	71	1.0
ASCL1	70	1.0
DNMT3B	70	1.0
KMT2A	70	1.0
NCOR2	69	1.0
FOXA1	69	1.0
RUNX3	69	1.0
IRF8	69	1.0
E2F3	68	1.0
ARNT	67	1.0
NOTCH1	67	1.0
CLOCK	67	1.0
SMAD7	67	1.0
KLF2	67	1.0
ETV4	67	1.0
PRDM1	67	1.0
PAX5	66	1.0
ID2	66	1.0
MYOG	65	1.0
NR5A2	65	1.0
MAF	65	1.0
HNF1B	64	1.0
NCOA2	64	1.0
ZEB1	63	1.0
PBX1	62	1.0
SIRT1	62	1.0
NKX2-1	62	1.0
IRF2	61	1.0
ELK1	61	1.0
NR4A2	61	1.0
DNMT3A	61	1.0
BRCA1	61	1.0
TTF1	61	1.0
NR2C2	60	1.0
NR1I3	60	1.0
KLF6	60	1.0
NANOG	59	1.0
IRF4	59	1.0
EWSR1	59	1.0
NR0B1	59	1.0
BMAL1	59	1.0
ERG	59	1.0
RELB	58	1.0
NR2F1	58	1.0
THRB	58	1.0
KAT5	58	1.0
ATF6	58	1.0
TCF4	58	1.0
FOXN1	57	1.0
POU1F1	56	1.0
NR3C2	56	1.0
GFI1	55	1.0
ZNF699	55	1.0
NFIA	55	1.0
XBP1	55	1.0
SMARCA1	54	1.0
TBX21	54	1.0
FOXP3	54	1.0
RARB	53	1.0
MTA1	53	1.0
TCF12	52	1.0
IKZF1	52	1.0
NFAT5	52	1.0
FOSL1	51	1.0
ZBTB16	51	1.0
MYBL2	51	1.0
E2F2	50	1.0
ELF4	50	1.0
HOXA10	50	1.0
NR1H2	50	1.0
SP4	49	1.0
STAT2	49	1.0
SNAI2	49	1.0
ZNF91	49	1.0
ESRRA	49	1.0
HBP1	48	1.0
MAZ	48	1.0
POU2F2	48	1.0
MAX	48	1.0
MAFB	47	1.0
MSX2	47	1.0
SP7	46	1.0
SOX17	46	1.0
SATB1	45	1.0
CDX1	44	1.0
GLI3	44	1.0
ZBTB17	44	1.0
OTX2	43	1.0
NFATC4	43	1.0
BHLHE40	43	1.0
HMGA2	43	1.0
ISL1	42	1.0
DLX4	42	1.0
LHX2	42	1.0
FOSL2	42	1.0
TAF1	42	1.0
SRY	42	1.0
APEX1	42	1.0
NR4A3	41	1.0
HAND2	41	1.0
E2F6	41	1.0
NFATC3	40	1.0
PITX1	40	1.0
TBPL1	40	1.0
NFYB	40	1.0
HOXA9	40	1.0
RARG	40	1.0
FOSB	39	1.0
GABPA	39	1.0
DLX5	38	1.0
TFE3	37	1.0
NFIL3	37	1.0
ZBTB7A	37	1.0
IRF5	37	1.0
SOX10	37	1.0
TFAP4	37	1.0
CREBBP	36	1.0
ONECUT1	36	1.0
KDM5B	36	1.0
NRG1	36	1.0
ID3	36	1.0
CEBPE	36	1.0
NEUROG3	36	1.0
TWIST2	35	1.0
DBP	35	1.0
SMAD5	35	1.0
HEY1	34	1.0
IRF7	34	1.0
PAX8	34	1.0
POU4F2	34	1.0
RB1	34	1.0
TFAP2C	34	1.0
EBF1	34	1.0
PROX1	34	1.0
JDP2	33	1.0
MECP2	33	1.0
PPARGC1A	33	1.0
MTF1	33	1.0
TBX2	33	1.0
FOXP1	33	1.0
POU4F1	32	1.0
STAT4	32	1.0
SATB2	32	1.0
ELF3	32	1.0
EGR3	32	1.0
ATF5	31	1.0
HESX1	31	1.0
CRX	31	1.0
TFDP1	31	1.0
FOXO4	30	1.0
CIITA	30	1.0
LMO2	30	1.0
POU3F2	30	1.0
KLF10	30	1.0
VSX2	30	1.0
ZNF148	30	1.0
MSC	30	1.0
NR1D1	29	1.0
BCL3	29	1.0
HHEX	29	1.0
SFPQ	29	1.0
MEF2D	29	1.0
ZNF143	29	1.0
KLF1	29	1.0
GRHL3	29	1.0
TBX15	29	1.0
BHLHE41	29	1.0
ZEB2	29	1.0
KLF11	28	1.0
ZNF354C	28	1.0
ELK3	28	1.0
IRF9	28	1.0
MYF5	28	1.0
MXD1	28	1.0
KLF15	28	1.0
GATA5	28	1.0
ARX	28	1.0
NFIX	28	1.0
MSX1	27	1.0
HDAC3	27	1.0
ETV6	27	1.0
NKX2-2	27	1.0
YBX3	27	1.0
HOXA1	27	1.0
GTF3A	27	1.0
NFIB	26	1.0
EOMES	26	1.0
ESRRG	26	1.0
ZGLP1	26	1.0
TBX5	26	1.0
KLF9	26	1.0
NEUROG2	26	1.0
SMAD6	25	1.0
ZNF384	25	1.0
HSF2	25	1.0
TEAD1	25	1.0
PAX2	25	1.0
BCL11B	25	1.0
POU3F1	25	1.0
LITAF	25	1.0
TFAP2B	25	1.0
FOXL2	25	1.0
SOX4	24	1.0
RFX1	24	1.0
TBX3	24	1.0
LMX1B	24	1.0
FOXC2	24	1.0
MZF1	24	1.0
VHL	24	1.0
AIRE	24	1.0
RFX5	24	1.0
PITX3	24	1.0
HDAC4	24	1.0
MEIS1	24	1.0
SOX6	24	1.0
HOXB7	23	1.0
ETV5	23	1.0
MAFK	23	1.0
DLX2	23	1.0
MAFA	23	1.0
PREB	23	1.0
NFYC	23	1.0
GTF2I	23	1.0
SP2	23	1.0
TCF7	23	1.0
NFE2	22	1.0
RORC	22	1.0
HIC1	22	1.0
ETV1	22	1.0
ZNF362	22	1.0
ZBED1	22	1.0
CREBZF	21	1.0
SALL4	21	1.0
SKIL	21	1.0
KLF8	21	1.0
NONO	21	1.0
HOXD13	21	1.0
NR2C1	21	1.0
DLX3	21	1.0
CXXC1	21	1.0
PKNOX1	20	1.0
IRX1	20	1.0
PLAGL1	20	1.0
BHLHA15	20	1.0
OLIG2	20	1.0
HEY2	20	1.0
MECOM	20	1.0
PURA	20	1.0
CEBPZ	19	1.0
PML	19	1.0
SIX1	19	1.0
HDAC9	19	1.0
ENO1	19	1.0
SPDEF	19	1.0
PAX7	19	1.0
FOXJ1	19	1.0
NFKBIB	19	1.0
ERF	19	1.0
NKX6-1	19	1.0
NRL	19	1.0
FOXC1	19	1.0
ZFP42	19	1.0
DMTF1	18	1.0
MBD1	18	1.0
PTF1A	18	1.0
HLF	18	1.0
RFXANK	18	1.0
SPIB	18	1.0
FOXQ1	18	1.0
SOX5	18	1.0
KDM5A	18	1.0
HTATIP2	17	1.0
JARID2	17	1.0
TRPS1	17	1.0
NR2E1	17	1.0
MED1	17	1.0
ZIC1	17	1.0
ZNF331	17	1.0
FOXG1	17	1.0
PHOX2B	17	1.0
LRRFIP1	17	1.0
TRERF1	16	1.0
ZFPM1	16	1.0
ZBTB7B	16	1.0
KCNIP3	16	1.0
TCF21	16	1.0
RFXAP	16	1.0
BATF	16	1.0
RCOR2	16	1.0
BACH1	16	1.0
SMARCA5	16	1.0
BARX2	16	1.0
HOXA13	16	1.0
MLXIPL	16	1.0
IRF6	16	1.0
HLX	16	1.0
BCL11A	16	1.0
TEF	16	1.0
CREB3	16	1.0
ZFHX3	16	1.0
HOXA5	16	1.0
CTBP2	16	1.0
NEUROG1	16	1.0
KLF3	15	1.0
FOXD3	15	1.0
KMT2B	15	1.0
KAT2B	15	1.0
ID4	15	1.0
TET1	15	1.0
HOXC8	15	1.0
TFAM	15	1.0
HAND1	15	1.0
ATOH1	15	1.0
EGR4	15	1.0
NR2E3	15	1.0
ING4	15	1.0
NR6A1	15	1.0
RXRB	15	1.0
HOXA7	14	1.0
GSC	14	1.0
TBX1	14	1.0
LHX3	14	1.0
NR2F6	14	1.0
DEAF1	14	1.0
MTA3	14	1.0
FOXH1	14	1.0
KLF13	14	1.0
ZNF236	14	1.0
FOXA3	14	1.0
ZKSCAN7	14	1.0
ZBTB4	14	1.0
ETV7	14	1.0
MYF6	14	1.0
LYL1	13	1.0
TGFB1I1	13	1.0
NEUROD2	13	1.0
PHOX2A	13	1.0
EHF	13	1.0
PROP1	13	1.0
HDAC7	13	1.0
TBX18	13	1.0
FOXF2	13	1.0
GFI1B	13	1.0
HOXB2	13	1.0
HOXB13	13	1.0
KDM5C	13	1.0
SCX	13	1.0
SOX11	12	1.0
HOXC6	12	1.0
NPM1	12	1.0
ARID4B	12	1.0
E2F5	12	1.0
SF1	12	1.0
CREB5	12	1.0
TGIF1	12	1.0
SIM2	12	1.0
CTCFL	12	1.0
SIN3A	12	1.0
MYBL1	12	1.0
SIX3	12	1.0
KAT6A	12	1.0
TEAD4	12	1.0
ZFPM2	12	1.0
LHX8	12	1.0
ESRRB	12	1.0
SRSF2	12	1.0
TBXT	12	1.0
ZGPAT	12	1.0
PATZ1	12	1.0
ATOH7	12	1.0
PRDM2	12	1.0
ETV3	12	1.0
EN1	11	1.0
HSF4	11	1.0
HOXB1	11	1.0
PBX2	11	1.0
ZNF382	11	1.0
TBX6	11	1.0
FOXP2	11	1.0
BRD4	11	1.0
HOXB4	11	1.0
KLF7	11	1.0
MNT	11	1.0
HNF4G	11	1.0
ZBTB33	11	1.0
ELF5	11	1.0
ELF2	11	1.0
NEUROD6	11	1.0
NOTO	11	1.0
KLF12	11	1.0
HIVEP2	11	1.0
SALL3	11	1.0
GCM1	11	1.0
CREB3L1	11	1.0
ZHX2	11	1.0
NKRF	10	1.0
CTBP1	10	1.0
ZNF350	10	1.0
NPAS2	10	1.0
MYRF	10	1.0
PAX9	10	1.0
ASCL2	10	1.0
ZNF263	10	1.0
OVOL1	10	1.0
ZNF804A	10	1.0
ABL1	10	1.0
HIVEP1	10	1.0
HINFP	10	1.0
KDM2A	10	1.0
EMX2	10	1.0
FGF2	10	1.0
HMGB2	10	1.0
POU2F3	10	1.0
SMARCA4	10	1.0
E4F1	10	1.0
FOXI1	10	1.0
TBPL2	10	1.0
FEZF1	10	1.0
PHF20	10	1.0
RREB1	10	1.0
DLX1	10	1.0
HDAC5	10	1.0
TLX1	10	1.0
GRHL2	10	1.0
HOXD3	10	1.0
SPIC	10	1.0
PRDM4	9	1.0
BMAL2	9	1.0
NFE2L1	9	1.0
FEZF2	9	1.0
HES6	9	1.0
BCLAF1	9	1.0
LMX1A	9	1.0
ARID5B	9	1.0
GBX2	9	1.0
MAFG	9	1.0
HIPK2	9	1.0
PEG3	9	1.0
NFKBIZ	9	1.0
ETV2	9	1.0
CREB3L3	9	1.0
DMRT1	9	1.0
PBRM1	9	1.0
MXI1	9	1.0
TFAP2D	9	1.0
HOXB3	9	1.0
ZBTB18	9	1.0
UBTF	9	1.0
PLAGL2	9	1.0
SMARCC1	9	1.0
WWTR1	9	1.0
YAP1	9	1.0
MYOCD	9	1.0
HOXA11	9	1.0
PAX4	9	1.0
EBF3	9	1.0
MEIS2	9	1.0
HOPX	9	1.0
MYT1	9	1.0
OLIG1	8	1.0
NSD2	8	1.0
ZNF335	8	1.0
SIX4	8	1.0
ZMYND8	8	1.0
KAT6B	8	1.0
SHOX2	8	1.0
ZNF300	8	1.0
ARID1A	8	1.0
NKX3-2	8	1.0
DACH1	8	1.0
HCFC1	8	1.0
FOXF1	8	1.0
TFEB	8	1.0
TSC22D1	8	1.0
DOT1L	8	1.0
PLAG1	8	1.0
MESP2	8	1.0
VEZF1	8	1.0
MEOX1	8	1.0
TBX20	8	1.0
ATF7	8	1.0
FOXE1	8	1.0
TADA2A	8	1.0
BACH2	8	1.0
BARX1	8	1.0
GLIS3	8	1.0
PARK7	8	1.0
FOXN4	8	1.0
RORB	7	1.0
ZNF76	7	1.0
ZNF436	7	1.0
ZIC2	7	1.0
ZNF395	7	1.0
TBR1	7	1.0
SOX3	7	1.0
ZBTB14	7	1.0
TCF15	7	1.0
ZNF160	7	1.0
SON	7	1.0
PRRX1	7	1.0
SALL1	7	1.0
RXRG	7	1.0
ZNF202	7	1.0
SMAD9	7	1.0
NFE2L3	7	1.0
NR1D2	7	1.0
E2F7	7	1.0
GTF2IRD1	7	1.0
HDGF	7	1.0
HES5	7	1.0
HOXA2	7	1.0
HOXB9	7	1.0
HOXC13	7	1.0
HOXD1	7	1.0
NAB2	7	1.0
IKZF4	7	1.0
KDM5D	7	1.0
LHX4	7	1.0
MEF2B	7	1.0
MEOX2	7	1.0
MKX	7	1.0
MTF2	7	1.0
FHL2	7	1.0
MTA2	7	1.0
BCOR	7	1.0
ARID3A	7	1.0
TFDP2	6	1.0
LHX1	6	1.0
ZNF217	6	1.0
INSM1	6	1.0
SALL2	6	1.0
ARID4A	6	1.0
RFX3	6	1.0
RFX2	6	1.0
ARID3B	6	1.0
IKZF3	6	1.0
PRDM16	6	1.0
POU4F3	6	1.0
ZNF410	6	1.0
MIXL1	6	1.0
AIP	6	1.0
MNX1	6	1.0
AHRR	6	1.0
SETBP1	6	1.0
HOXD4	6	1.0
TEAD2	6	1.0
BTG2	6	1.0
TCF7L1	6	1.0
ELK4	6	1.0
FEV	6	1.0
TFDP3	6	1.0
FOXD1	6	1.0
THAP11	6	1.0
TLX3	6	1.0
SP6	6	1.0
TOX3	6	1.0
PIN1	6	1.0
HEYL	6	1.0
HIF3A	6	1.0
HIVEP3	6	1.0
SOX18	6	1.0
TRIM28	6	1.0
TSHZ3	6	1.0
CHD4	6	1.0
SOX7	6	1.0
ZXDC	6	1.0
NHLH2	6	1.0
NUPR1	6	1.0
PAX1	6	1.0
PIAS1	6	1.0
PAWR	6	1.0
NKX6-3	6	1.0
ZBTB38	5	1.0
NPAS4	5	1.0
TBX10	5	1.0
NHLH1	5	1.0
DAXX	5	1.0
FIGLA	5	1.0
HOXD8	5	1.0
ATRX	5	1.0
PA2G4	5	1.0
VSX1	5	1.0
HOXD10	5	1.0
TOX	5	1.0
TCF20	5	1.0
LMO4	5	1.0
NKX6-2	5	1.0
ZNF24	5	1.0
IKZF2	5	1.0
NACC1	5	1.0
NCOA6	5	1.0
ASXL1	5	1.0
RFX4	5	1.0
KLF17	5	1.0
IRF2BPL	5	1.0
SUPT20H	5	1.0
ZNF219	5	1.0
RLF	5	1.0
STOX1	5	1.0
VENTX	5	1.0
FOXO6	5	1.0
IRX4	5	1.0
UTF1	5	1.0
ARID1B	5	1.0
ZFX	5	1.0
PPARGC1B	5	1.0
SMARCB1	5	1.0
ZFP64	5	1.0
ZNF423	5	1.0
HOXA4	5	1.0
DMAP1	5	1.0
POU2AF1	5	1.0
ZBTB32	5	1.0
HOXB5	5	1.0
PHF5A	5	1.0
AEBP1	5	1.0
MAML1	5	1.0
HOXB6	5	1.0
MLX	5	1.0
MLXIP	5	1.0
NFX1	5	1.0
POU3F4	5	1.0
TLX2	5	1.0
BPTF	4	1.0
SOX8	4	1.0
SOHLH1	4	1.0
HMGXB4	4	1.0
DNMT3L	4	1.0
CITED2	4	1.0
SNW1	4	1.0
HMGB1	4	1.0
VAX2	4	1.0
ASH1L	4	1.0
BSX	4	1.0
GSX1	4	1.0
CAMTA1	4	1.0
ATF6B	4	1.0
ZIC3	4	1.0
HOXC11	4	1.0
CASZ1	4	1.0
UNCX	4	1.0
HOXC9	4	1.0
SKI	4	1.0
XPC	4	1.0
CDX4	4	1.0
HOXD11	4	1.0
ATOH8	4	1.0
NANOGP8	4	1.0
SIM1	4	1.0
NEUROD4	4	1.0
CBFB	4	1.0
SMARCE1	4	1.0
ZBTB2	4	1.0
CNOT7	4	1.0
PIAS3	4	1.0
FUS	4	1.0
DMBX1	4	1.0
ONECUT2	4	1.0
ZNF316	4	1.0
ZNF32	4	1.0
ARHGAP35	4	1.0
MAFF	4	1.0
EN2	4	1.0
TLE5	4	1.0
PRDM10	4	1.0
ALX1	4	1.0
POU6F2	4	1.0
ZNF281	4	1.0
NPAS1	4	1.0
POU3F3	4	1.0
MEIS3	4	1.0
DUX4	4	1.0
TFEC	4	1.0
OSR1	4	1.0
MRTFA	4	1.0
DR1	4	1.0
PIAS2	4	1.0
PURB	4	1.0
PRDM5	4	1.0
KLF14	4	1.0
ARID5A	4	1.0
RERE	4	1.0
KMT2E	4	1.0
FOXD2	4	1.0
ZNF274	4	1.0
LBX1	4	1.0
KDM2B	4	1.0
KAT8	4	1.0
NFKBIE	3	1.0
DMRTA1	3	1.0
OTX1	3	1.0
UBP1	3	1.0
THAP1	3	1.0
E2F8	3	1.0
TFAP2E	3	1.0
FOXP4	3	1.0
CREB3L4	3	1.0
TSHZ1	3	1.0
SP100	3	1.0
ZBTB20	3	1.0
EBF2	3	1.0
NKX2-6	3	1.0
THAP9	3	1.0
TRIM22	3	1.0
TOX2	3	1.0
WNT3A	3	1.0
YY2	3	1.0
EVX1	3	1.0
TBX22	3	1.0
FOXS1	3	1.0
ZBED6	3	1.0
CARF	3	1.0
CBFA2T3	3	1.0
FOXK1	3	1.0
CIC	3	1.0
GSX2	3	1.0
TSG101	3	1.0
TBX4	3	1.0
TCFL5	3	1.0
HOXC4	3	1.0
HMBOX1	3	1.0
PER2	3	1.0
ZNF165	3	1.0
ZNF20	3	1.0
KLF16	3	1.0
ZNF224	3	1.0
PCGF2	3	1.0
KMT2D	3	1.0
L3MBTL1	3	1.0
ZNF250	3	1.0
RCOR1	3	1.0
LDB1	3	1.0
ZNF260	3	1.0
RAX	3	1.0
LHX9	3	1.0
ASCL4	3	1.0
NRIP1	3	1.0
ALX3	3	1.0
PRDM13	3	1.0
ZNF398	3	1.0
NOBOX	3	1.0
ZNF451	3	1.0
ZNF461	3	1.0
ZNF503	3	1.0
ZNF521	3	1.0
ZNF746	3	1.0
MUC1	3	1.0
ZSCAN10	3	1.0
ARNT2	3	1.0
TFCP2L1	3	1.0
IRX5	3	1.0
HOXB8	3	1.0
ZHX3	3	1.0
SIN3B	3	1.0
BHLHE23	3	1.0
HOXD9	3	1.0
BATF3	3	1.0
SHOX	3	1.0
HMX1	3	1.0
ZKSCAN3	3	1.0
SOX1	3	1.0
BCL6B	3	1.0
BRD7	3	1.0
PBX4	3	1.0
IRX3	3	1.0
NCOA4	3	1.0
ZFHX2	2	1.0
ZFP57	2	1.0
AKNA	2	1.0
BHLHE22	2	1.0
DLX6	2	1.0
APBB1	2	1.0
ZNF322	2	1.0
ZBTB22	2	1.0
ZFAT	2	1.0
ZFP90	2	1.0
ZNF571	2	1.0
THAP7	2	1.0
ZNF667	2	1.0
DMRT3	2	1.0
ZNF77	2	1.0
ZNF8	2	1.0
ZBTB7C	2	1.0
ZXDA	2	1.0
ZNF304	2	1.0
ZNF277	2	1.0
ZNF296	2	1.0
BTAF1	2	1.0
ZNF16	2	1.0
ZNF174	2	1.0
ZNF135	2	1.0
ZNF205	2	1.0
ZMIZ1	2	1.0
CREB3L2	2	1.0
ZKSCAN4	2	1.0
CREBL2	2	1.0
CREBRF	2	1.0
NKX2-8	2	1.0
TRRAP	2	1.0
ZBTB10	2	1.0
CUX2	2	1.0
TRIB3	2	1.0
ZNF256	2	1.0
DACH2	2	1.0
ZNF266	2	1.0
DDX5	2	1.0
ZNF268	2	1.0
COPS5	2	1.0
BBX	2	1.0
ZNF287	2	1.0
ZNF239	2	1.0
TERF2	2	1.0
FOXI3	2	1.0
SRCAP	2	1.0
SP8	2	1.0
LHX6	2	1.0
SPEN	2	1.0
PRRX2	2	1.0
LIN28A	2	1.0
PARP10	2	1.0
LMO3	2	1.0
SPZ1	2	1.0
GRHL1	2	1.0
RBAK	2	1.0
GMEB1	2	1.0
ST18	2	1.0
GCM2	2	1.0
MAML2	2	1.0
FOXL1	2	1.0
TAF4	2	1.0
FOXK2	2	1.0
POU6F1	2	1.0
MYCL	2	1.0
SP5	2	1.0
MED23	2	1.0
KDM3B	2	1.0
IRX2	2	1.0
SIRT6	2	1.0
SIX2	2	1.0
ISL2	2	1.0
HOXC10	2	1.0
HOXA3	2	1.0
SMARCD3	2	1.0
HMX3	2	1.0
SND1	2	1.0
HES4	2	1.0
SOHLH2	2	1.0
SOX15	2	1.0
MYT1L	2	1.0
KMT2C	2	1.0
LCOR	2	1.0
SOX21	2	1.0
RBPJL	2	1.0
RBCK1	2	1.0
FOXJ3	2	1.0
PBX3	2	1.0
TBX19	2	1.0
DRGX	2	1.0
FIZ1	2	1.0
OVOL2	2	1.0
PIAS4	2	1.0
PHF1	2	1.0
PHF8	2	1.0
EVX2	2	1.0
FOXD4	2	1.0
OTP	2	1.0
PHB1	2	1.0
TCF23	2	1.0
EMX1	2	1.0
NKX2-3	2	1.0
MXD4	2	1.0
ADNP2	1	1.0
ZNF85	1	1.0
RHOXF1	1	1.0
PCBD1	1	1.0
RNF14	1	1.0
KAT2A	1	1.0
RFX6	1	1.0
ZNF230	1	1.0
NSD1	1	1.0
MIER1	1	1.0
MSGN1	1	1.0
ZNF444	1	1.0
ZNF2	1	1.0
ZSCAN21	1	1.0
SAP30	1	1.0
ZNF134	1	1.0
PIR	1	1.0
ZNF14	1	1.0
ZNF140	1	1.0
RYBP	1	1.0
ZSCAN9	1	1.0
ZSCAN26	1	1.0
RUVBL1	1	1.0
MID2	1	1.0
ISX	1	1.0
JAZF1	1	1.0
RUNX1T1	1	1.0
ZNF175	1	1.0
ZNF184	1	1.0
ZSCAN18	1	1.0
ZNF189	1	1.0
ZNF195	1	1.0
ZNF79	1	1.0
ZNF267	1	1.0
AEBP2	1	1.0
MED12	1	1.0
ALX4	1	1.0
ZNF652	1	1.0
PRDM14	1	1.0
ZNF383	1	1.0
ZNF569	1	1.0
PPP1R13L	1	1.0
MBD3	1	1.0
ZNF513	1	1.0
RBFOX2	1	1.0
ZNF417	1	1.0
ZNF512B	1	1.0
ZNF419	1	1.0
MED26	1	1.0
MED15	1	1.0
ZNF431	1	1.0
ZNF492	1	1.0
ZNF653	1	1.0
ZMYND11	1	1.0
MYBBP1A	1	1.0
LYAR	1	1.0
NME2	1	1.0
RBBP8	1	1.0
ZNF750	1	1.0
MGA	1	1.0
LHX5	1	1.0
ZNF711	1	1.0
NPAS3	1	1.0
ZNF292	1	1.0
LIMD1	1	1.0
ZNF692	1	1.0
LMO1	1	1.0
ZNF671	1	1.0
MESP1	1	1.0
PRMT5	1	1.0
PRDM8	1	1.0
ANKRD1	1	1.0
DPF3	1	1.0
IKZF5	1	1.0
TBL1XR1	1	1.0
FOXJ2	1	1.0
TRIM24	1	1.0
TRIM25	1	1.0
TRIM27	1	1.0
OLIG3	1	1.0
TRIM31	1	1.0
TRIM5	1	1.0
TRIM62	1	1.0
TRIM8	1	1.0
CREG1	1	1.0
GSC2	1	1.0
TBL1X	1	1.0
TAF5	1	1.0
TAF12	1	1.0
FOXN3	1	1.0
SUPT3H	1	1.0
GATAD2B	1	1.0
URI1	1	1.0
GLIS1	1	1.0
VAX1	1	1.0
TRIM21	1	1.0
TRIM15	1	1.0
TRIM14	1	1.0
FLYWCH1	1	1.0
OSR2	1	1.0
DRAP1	1	1.0
DNAJC1	1	1.0
DMRTA2	1	1.0
DTX1	1	1.0
TET2	1	1.0
ONECUT3	1	1.0
THAP12	1	1.0
EID1	1	1.0
EID2B	1	1.0
TLE1	1	1.0
TLE3	1	1.0
TLE4	1	1.0
ESX1	1	1.0
TOB1	1	1.0
FAM170A	1	1.0
FERD3L	1	1.0
TP53BP1	1	1.0
DBX1	1	1.0
CNOT4	1	1.0
GTF2A1	1	1.0
SCRT1	1	1.0
NDN	1	1.0
SOX14	1	1.0
ZBTB8A	1	1.0
ZBTB8B	1	1.0
ZC3H8	1	1.0
HMX2	1	1.0
ZFHX4	1	1.0
ZFP1	1	1.0
NUCKS1	1	1.0
DNAJC2	1	1.0
HOXC5	1	1.0
GTF2B	1	1.0
SLC2A4RG	1	1.0
SIX5	1	1.0
BATF2	1	1.0
ZHX1	1	1.0
BARHL2	1	1.0
HOXD12	1	1.0
NACC2	1	1.0
ZIK1	1	1.0
NAB1	1	1.0
HMG20B	1	1.0
ZBTB5	1	1.0
ZBTB48	1	1.0
ZBTB44	1	1.0
CGGBP1	1	1.0
GTF2F1	1	1.0
CDC5L	1	1.0
CCND1	1	1.0
CCDC62	1	1.0
YBX2	1	1.0
CC2D1B	1	1.0
CC2D1A	1	1.0
GZF1	1	1.0
PARP14	1	1.0
ZBTB12	1	1.0
PARP9	1	1.0
HELT	1	1.0
HES3	1	1.0
SP140	1	1.0
PASD1	1	1.0
HES7	1	1.0
HIRA	1	1.0
ADNP	1	1.0
SMARCC2	1	1.0
