TF	in_fixed_ULM	in_contextualized_ULM
ABL1	True	True
AEBP1	True	False
AHR	True	True
AHRR	True	False
AIP	True	False
AIRE	True	True
AP1	True	False
APEX1	True	True
AR	True	True
ARID1A	True	False
ARID1B	True	False
ARID3A	True	True
ARID3B	True	True
ARID4A	True	False
ARID4B	True	False
ARID5B	True	False
ARNT	True	True
ARX	True	True
ASCL1	True	True
ASCL2	True	True
ASXL1	True	False
ATF1	True	True
ATF2	True	True
ATF3	True	True
ATF4	True	True
ATF5	True	True
ATF6	True	True
ATF7	True	False
ATOH1	True	True
ATOH7	True	True
ATRX	True	False
BACH1	True	True
BACH2	True	False
BARX1	True	False
BARX2	True	True
BATF	True	True
BCL11A	True	True
BCL11B	True	False
BCL3	True	True
BCL6	True	True
BCLAF1	True	False
BCOR	True	False
BHLHA15	True	True
BHLHE40	True	True
BHLHE41	True	True
BMAL1	True	True
BMAL2	True	True
BRCA1	True	True
BRD4	True	True
BTG2	True	False
CDX1	True	True
CDX2	True	True
CEBPA	True	True
CEBPB	True	True
CEBPD	True	True
CEBPE	True	True
CEBPG	True	True
CEBPZ	True	True
CHD4	True	True
CIITA	True	True
CLOCK	True	True
CREB1	True	True
CREB3	True	True
CREB3L1	True	True
CREB3L3	True	False
CREB5	True	True
CREBBP	True	True
CREBZF	True	True
CREM	True	True
CRX	True	True
CTBP1	True	True
CTBP2	True	True
CTCF	True	True
CTCFL	True	False
CTNNB1	True	True
CUX1	True	True
CXXC1	True	True
DACH1	True	True
DAXX	True	False
DBP	True	True
DDIT3	True	True
DEAF1	True	True
DLX1	True	True
DLX2	True	True
DLX3	True	True
DLX4	True	True
DLX5	True	True
DMAP1	True	False
DMRT1	True	False
DMTF1	True	True
DNMT1	True	True
DNMT3A	True	True
DNMT3B	True	True
DOT1L	True	False
E2F1	True	True
E2F2	True	True
E2F3	True	True
E2F4	True	True
E2F5	True	True
E2F6	True	True
E2F7	True	True
E4F1	True	False
EBF1	True	True
EBF3	True	True
EGR1	True	True
EGR2	True	True
EGR3	True	True
EGR4	True	True
EHF	True	True
ELF1	True	True
ELF2	True	False
ELF3	True	True
ELF4	True	True
ELF5	True	True
ELK1	True	True
ELK3	True	True
ELK4	True	True
EMX2	True	False
EN1	True	True
ENO1	True	True
EOMES	True	True
EP300	True	True
EPAS1	True	True
ERF	True	True
ERG	True	True
ESR1	True	True
ESR2	True	True
ESRRA	True	True
ESRRB	True	False
ESRRG	True	True
ETS1	True	True
ETS2	True	True
ETV1	True	True
ETV2	True	False
ETV3	True	True
ETV4	True	True
ETV5	True	True
ETV6	True	True
ETV7	True	True
EWSR1	True	True
EZH2	True	True
FEV	True	False
FEZF1	True	True
FEZF2	True	False
FGF2	True	True
FHL2	True	True
FIGLA	True	False
FLI1	True	True
FOS	True	True
FOSB	True	True
FOSL1	True	True
FOSL2	True	True
FOXA1	True	True
FOXA2	True	True
FOXA3	True	True
FOXC1	True	True
FOXC2	True	True
FOXD1	True	True
FOXD3	True	True
FOXE1	True	False
FOXF1	True	True
FOXF2	True	True
FOXG1	True	True
FOXH1	True	True
FOXI1	True	False
FOXJ1	True	True
FOXL2	True	True
FOXM1	True	True
FOXN1	True	True
FOXN4	True	True
FOXO1	True	True
FOXO3	True	True
FOXO4	True	True
FOXO6	True	False
FOXP1	True	True
FOXP2	True	False
FOXP3	True	True
FOXQ1	True	True
GABPA	True	True
GATA1	True	True
GATA2	True	True
GATA3	True	True
GATA4	True	True
GATA5	True	True
GATA6	True	True
GBX2	True	False
GCM1	True	False
GFI1	True	True
GFI1B	True	True
GLI1	True	True
GLI2	True	True
GLI3	True	True
GLIS3	True	False
GRHL2	True	True
GRHL3	True	True
GSC	True	True
GTF2I	True	True
GTF2IRD1	True	False
GTF3A	True	True
HAND1	True	True
HAND2	True	True
HBP1	True	True
HCFC1	True	True
HDAC1	True	True
HDAC3	True	True
HDAC4	True	True
HDAC5	True	True
HDAC7	True	True
HDAC9	True	True
HDGF	True	True
HES1	True	True
HES5	True	True
HES6	True	True
HESX1	True	True
HEY1	True	True
HEY2	True	True
HEYL	True	False
HHEX	True	True
HIC1	True	True
HIF1A	True	True
HIF3A	True	False
HINFP	True	True
HIPK2	True	True
HIVEP1	True	False
HIVEP2	True	True
HIVEP3	True	False
HLF	True	True
HLX	True	True
HMGA1	True	True
HMGA2	True	True
HMGB2	True	True
HNF1A	True	True
HNF1B	True	True
HNF4A	True	True
HNF4G	True	True
HOPX	True	False
HOXA1	True	True
HOXA10	True	True
HOXA11	True	True
HOXA13	True	True
HOXA2	True	False
HOXA4	True	False
HOXA5	True	False
HOXA7	True	False
HOXA9	True	True
HOXB1	True	True
HOXB13	True	True
HOXB2	True	True
HOXB3	True	False
HOXB4	True	False
HOXB5	True	False
HOXB6	True	False
HOXB7	True	True
HOXB9	True	False
HOXC13	True	False
HOXC6	True	True
HOXC8	True	True
HOXD1	True	False
HOXD10	True	False
HOXD13	True	True
HOXD3	True	True
HOXD4	True	False
HOXD8	True	False
HR	True	True
HSF1	True	True
HSF2	True	True
HSF4	True	False
HTATIP2	True	True
ID1	True	True
ID2	True	True
ID3	True	True
ID4	True	True
IKZF1	True	True
IKZF2	True	False
IKZF3	True	True
IKZF4	True	True
ING4	True	True
INSM1	True	False
IRF1	True	True
IRF2	True	True
IRF2BPL	True	False
IRF3	True	True
IRF4	True	True
IRF5	True	True
IRF6	True	True
IRF7	True	True
IRF8	True	True
IRF9	True	True
IRX1	True	True
IRX4	True	False
ISL1	True	True
JARID2	True	True
JDP2	True	True
JUN	True	True
JUNB	True	True
JUND	True	True
KAT2B	True	True
KAT5	True	True
KAT6A	True	True
KAT6B	True	True
KAT7	True	True
KCNIP3	True	True
KDM2A	True	True
KDM5A	True	True
KDM5B	True	True
KDM5C	True	True
KDM5D	True	False
KLF1	True	True
KLF10	True	True
KLF11	True	True
KLF12	True	True
KLF13	True	True
KLF15	True	True
KLF17	True	True
KLF2	True	True
KLF3	True	True
KLF4	True	True
KLF5	True	True
KLF6	True	True
KLF7	True	True
KLF8	True	True
KLF9	True	True
KMT2A	True	True
KMT2B	True	True
LEF1	True	True
LHX1	True	False
LHX2	True	True
LHX3	True	True
LHX4	True	False
LHX8	True	True
LITAF	True	True
LMO2	True	True
LMO4	True	False
LMX1A	True	False
LMX1B	True	True
LRRFIP1	True	True
LYL1	True	True
MAF	True	True
MAFA	True	True
MAFB	True	True
MAFG	True	False
MAFK	True	True
MAML1	True	False
MAX	True	True
MAZ	True	True
MBD1	True	True
MBD2	True	True
MECOM	True	True
MECP2	True	True
MED1	True	True
MEF2A	True	True
MEF2B	True	False
MEF2C	True	True
MEF2D	True	True
MEIS1	True	True
MEIS2	True	False
MEOX1	True	True
MEOX2	True	False
MESP2	True	False
MITF	True	True
MIXL1	True	False
MKX	True	False
MLX	True	False
MLXIP	True	False
MLXIPL	True	True
MNT	True	True
MNX1	True	False
MSC	True	True
MSX1	True	True
MSX2	True	True
MTA1	True	True
MTA2	True	False
MTA3	True	True
MTF1	True	True
MTF2	True	False
MXD1	True	True
MXI1	True	False
MYB	True	True
MYBL1	True	True
MYBL2	True	True
MYC	True	True
MYCN	True	True
MYF5	True	True
MYF6	True	True
MYOCD	True	True
MYOD1	True	True
MYOG	True	True
MYRF	True	False
MYT1	True	True
MZF1	True	True
NAB2	True	True
NACC1	True	False
NANOG	True	False
NCOA1	True	True
NCOA2	True	True
NCOA3	True	True
NCOA6	True	False
NCOR1	True	True
NCOR2	True	True
NEUROD1	True	True
NEUROD2	True	False
NEUROD6	True	True
NEUROG1	True	True
NEUROG2	True	True
NEUROG3	True	True
NFAT5	True	True
NFATC1	True	True
NFATC2	True	True
NFATC3	True	True
NFATC4	True	True
NFE2	True	True
NFE2L1	True	True
NFE2L2	True	True
NFE2L3	True	False
NFIA	True	True
NFIB	True	True
NFIC	True	True
NFIL3	True	True
NFIX	True	True
NFKB	True	False
NFKB1	True	True
NFKB2	True	True
NFKBIB	True	True
NFKBIZ	True	True
NFX1	True	False
NFYA	True	True
NFYB	True	True
NFYC	True	True
NHLH1	True	False
NHLH2	True	True
NKRF	True	True
NKX2-1	True	True
NKX2-2	True	True
NKX2-5	True	True
NKX3-1	True	True
NKX3-2	True	False
NKX6-1	True	True
NKX6-2	True	False
NKX6-3	True	False
NONO	True	True
NOTCH1	True	True
NOTO	True	False
NPAS2	True	True
NPAS4	True	False
NPM1	True	True
NR0B1	True	True
NR0B2	True	True
NR1D1	True	True
NR1D2	True	False
NR1H2	True	True
NR1H3	True	True
NR1H4	True	True
NR1I2	True	True
NR1I3	True	True
NR2C1	True	True
NR2C2	True	True
NR2E1	True	True
NR2E3	True	True
NR2F1	True	True
NR2F2	True	True
NR2F6	True	False
NR3C1	True	True
NR3C2	True	True
NR4A1	True	True
NR4A2	True	True
NR4A3	True	True
NR5A1	True	True
NR5A2	True	True
NR6A1	True	True
NRF1	True	True
NRG1	True	True
NRL	True	True
NSD2	True	True
NUPR1	True	True
OLIG1	True	False
OLIG2	True	True
ONECUT1	True	True
OTX2	True	True
OVOL1	True	False
PA2G4	True	False
PARK7	True	True
PATZ1	True	True
PAWR	True	False
PAX1	True	True
PAX2	True	True
PAX3	True	True
PAX4	True	False
PAX5	True	True
PAX6	True	True
PAX7	True	True
PAX8	True	True
PAX9	True	True
PBRM1	True	True
PBX1	True	True
PBX2	True	True
PDX1	True	True
PEG3	True	False
PGR	True	True
PHF20	True	False
PHF5A	True	False
PHOX2A	True	True
PHOX2B	True	True
PIAS1	True	False
PIN1	True	False
PITX1	True	True
PITX2	True	True
PITX3	True	True
PKNOX1	True	True
PLAG1	True	False
PLAGL1	True	True
PLAGL2	True	False
PML	True	True
POU1F1	True	False
POU2AF1	True	False
POU2F1	True	True
POU2F2	True	True
POU2F3	True	True
POU3F1	True	True
POU3F2	True	True
POU3F4	True	False
POU4F1	True	True
POU4F2	True	True
POU4F3	True	False
POU5F1	True	True
PPARA	True	True
PPARD	True	True
PPARG	True	True
PPARGC1A	True	True
PPARGC1B	True	False
PRDM1	True	True
PRDM16	True	False
PRDM2	True	True
PRDM4	True	False
PREB	True	True
PROP1	True	False
PROX1	True	True
PRRX1	True	True
PTF1A	True	True
PURA	True	True
RARA	True	True
RARB	True	True
RARG	True	True
RB1	True	True
RBPJ	True	True
RCOR2	True	True
REL	True	True
RELA	True	True
RELB	True	True
REST	True	True
RFX1	True	True
RFX2	True	False
RFX3	True	True
RFX4	True	False
RFX5	True	True
RFXANK	True	True
RFXAP	True	True
RLF	True	False
RORA	True	True
RORB	True	False
RORC	True	True
RREB1	True	False
RUNX1	True	True
RUNX2	True	True
RUNX3	True	True
RXRA	True	True
RXRB	True	True
RXRG	True	False
SALL1	True	False
SALL2	True	False
SALL3	True	False
SALL4	True	True
SATB1	True	True
SATB2	True	True
SCX	True	False
SETBP1	True	False
SF1	True	True
SFPQ	True	True
SHOX2	True	False
SIM2	True	True
SIN3A	True	True
SIRT1	True	True
SIX1	True	True
SIX3	True	True
SIX4	True	True
SKIL	True	True
SMAD1	True	True
SMAD2	True	True
SMAD3	True	True
SMAD4	True	True
SMAD5	True	True
SMAD6	True	True
SMAD7	True	True
SMAD9	True	False
SMARCA1	True	True
SMARCA4	True	True
SMARCA5	True	True
SMARCB1	True	True
SMARCC1	True	False
SNAI1	True	True
SNAI2	True	True
SON	True	False
SOX10	True	True
SOX11	True	True
SOX17	True	True
SOX18	True	False
SOX2	True	True
SOX3	True	False
SOX4	True	True
SOX5	True	True
SOX6	True	True
SOX7	True	False
SOX9	True	True
SP1	True	True
SP2	True	True
SP3	True	True
SP4	True	True
SP6	True	False
SP7	True	True
SPDEF	True	True
SPI1	True	True
SPIB	True	True
SPIC	True	False
SREBF1	True	True
SREBF2	True	True
SRF	True	True
SRSF2	True	True
SRY	True	False
SSRP1	True	True
STAT1	True	True
STAT2	True	True
STAT3	True	True
STAT4	True	True
STAT5A	True	True
STAT5B	True	True
STAT6	True	True
STOX1	True	True
SUPT20H	True	False
TADA2A	True	True
TAF1	True	True
TAL1	True	True
TBP	True	True
TBPL1	True	True
TBPL2	True	False
TBR1	True	False
TBX1	True	True
TBX10	True	False
TBX15	True	True
TBX18	True	True
TBX2	True	True
TBX20	True	False
TBX21	True	True
TBX3	True	True
TBX5	True	True
TBX6	True	True
TBXT	True	False
TCF12	True	True
TCF15	True	False
TCF20	True	False
TCF21	True	True
TCF3	True	True
TCF4	True	True
TCF7	True	True
TCF7L1	True	False
TCF7L2	True	True
TEAD1	True	True
TEAD2	True	False
TEAD4	True	True
TEF	True	True
TET1	True	True
TFAM	True	True
TFAP2A	True	True
TFAP2B	True	True
TFAP2C	True	True
TFAP2D	True	False
TFAP4	True	True
TFCP2	True	True
TFDP1	True	True
TFDP2	True	False
TFDP3	True	False
TFE3	True	True
TFEB	True	False
TGFB1I1	True	True
TGIF1	True	False
THAP11	True	False
THRA	True	True
THRB	True	True
TLX1	True	False
TLX2	True	False
TLX3	True	False
TOX	True	False
TOX3	True	False
TP53	True	True
TP63	True	True
TP73	True	True
TRERF1	True	True
TRIM28	True	False
TRPS1	True	True
TSC22D1	True	False
TSHZ3	True	False
TTF1	True	True
TWIST1	True	True
TWIST2	True	True
UBTF	True	True
USF1	True	True
USF2	True	True
UTF1	True	False
VDR	True	True
VENTX	True	False
VEZF1	True	False
VHL	True	True
VSX1	True	False
VSX2	True	True
WT1	True	True
WWTR1	True	True
XBP1	True	True
YAP1	True	True
YBX1	True	True
YBX3	True	True
YY1	True	True
ZBED1	True	True
ZBTB14	True	False
ZBTB16	True	True
ZBTB17	True	True
ZBTB18	True	False
ZBTB32	True	False
ZBTB33	True	True
ZBTB38	True	False
ZBTB4	True	True
ZBTB7A	True	True
ZBTB7B	True	True
ZEB1	True	True
ZEB2	True	True
ZFHX3	True	True
ZFP42	True	True
ZFP64	True	False
ZFPM1	True	True
ZFPM2	True	True
ZFX	True	False
ZGLP1	True	True
ZGPAT	True	True
ZHX2	True	False
ZIC1	True	True
ZIC2	True	False
ZKSCAN7	True	True
ZMYND8	True	False
ZNF143	True	True
ZNF148	True	True
ZNF160	True	False
ZNF202	True	False
ZNF217	True	False
ZNF219	True	False
ZNF236	True	True
ZNF24	True	False
ZNF263	True	True
ZNF300	True	False
ZNF331	True	True
ZNF335	True	False
ZNF350	True	False
ZNF354C	True	True
ZNF362	True	True
ZNF382	True	True
ZNF384	True	True
ZNF395	True	False
ZNF410	True	False
ZNF423	True	False
ZNF436	True	False
ZNF699	True	True
ZNF76	True	True
ZNF804A	True	False
ZNF91	True	True
ZXDC	True	False
