feature_index	feature
0	morgan_0000
1	morgan_0001
2	morgan_0002
3	morgan_0003
4	morgan_0004
5	morgan_0005
6	morgan_0006
7	morgan_0007
8	morgan_0008
9	morgan_0009
10	morgan_0010
11	morgan_0011
12	morgan_0012
13	morgan_0013
14	morgan_0014
15	morgan_0015
16	morgan_0016
17	morgan_0017
18	morgan_0018
19	morgan_0019
20	morgan_0020
21	morgan_0021
22	morgan_0022
23	morgan_0023
24	morgan_0024
25	morgan_0025
26	morgan_0026
27	morgan_0027
28	morgan_0028
29	morgan_0029
30	morgan_0030
31	morgan_0031
32	morgan_0032
33	morgan_0033
34	morgan_0034
35	morgan_0035
36	morgan_0036
37	morgan_0037
38	morgan_0038
39	morgan_0039
40	morgan_0040
41	morgan_0041
42	morgan_0042
43	morgan_0043
44	morgan_0044
45	morgan_0045
46	morgan_0046
47	morgan_0047
48	morgan_0048
49	morgan_0049
50	morgan_0050
51	morgan_0051
52	morgan_0052
53	morgan_0053
54	morgan_0054
55	morgan_0055
56	morgan_0056
57	morgan_0057
58	morgan_0058
59	morgan_0059
60	morgan_0060
61	morgan_0061
62	morgan_0062
63	morgan_0063
64	morgan_0064
65	morgan_0065
66	morgan_0066
67	morgan_0067
68	morgan_0068
69	morgan_0069
70	morgan_0070
71	morgan_0071
72	morgan_0072
73	morgan_0073
74	morgan_0074
75	morgan_0075
76	morgan_0076
77	morgan_0077
78	morgan_0078
79	morgan_0079
80	morgan_0080
81	morgan_0081
82	morgan_0082
83	morgan_0083
84	morgan_0084
85	morgan_0085
86	morgan_0086
87	morgan_0087
88	morgan_0088
89	morgan_0089
90	morgan_0090
91	morgan_0091
92	morgan_0092
93	morgan_0093
94	morgan_0094
95	morgan_0095
96	morgan_0096
97	morgan_0097
98	morgan_0098
99	morgan_0099
100	morgan_0100
101	morgan_0101
102	morgan_0102
103	morgan_0103
104	morgan_0104
105	morgan_0105
106	morgan_0106
107	morgan_0107
108	morgan_0108
109	morgan_0109
110	morgan_0110
111	morgan_0111
112	morgan_0112
113	morgan_0113
114	morgan_0114
115	morgan_0115
116	morgan_0116
117	morgan_0117
118	morgan_0118
119	morgan_0119
120	morgan_0120
121	morgan_0121
122	morgan_0122
123	morgan_0123
124	morgan_0124
125	morgan_0125
126	morgan_0126
127	morgan_0127
128	morgan_0128
129	morgan_0129
130	morgan_0130
131	morgan_0131
132	morgan_0132
133	morgan_0133
134	morgan_0134
135	morgan_0135
136	morgan_0136
137	morgan_0137
138	morgan_0138
139	morgan_0139
140	morgan_0140
141	morgan_0141
142	morgan_0142
143	morgan_0143
144	morgan_0144
145	morgan_0145
146	morgan_0146
147	morgan_0147
148	morgan_0148
149	morgan_0149
150	morgan_0150
151	morgan_0151
152	morgan_0152
153	morgan_0153
154	morgan_0154
155	morgan_0155
156	morgan_0156
157	morgan_0157
158	morgan_0158
159	morgan_0159
160	morgan_0160
161	morgan_0161
162	morgan_0162
163	morgan_0163
164	morgan_0164
165	morgan_0165
166	morgan_0166
167	morgan_0167
168	morgan_0168
169	morgan_0169
170	morgan_0170
171	morgan_0171
172	morgan_0172
173	morgan_0173
174	morgan_0174
175	morgan_0175
176	morgan_0176
177	morgan_0177
178	morgan_0178
179	morgan_0179
180	morgan_0180
181	morgan_0181
182	morgan_0182
183	morgan_0183
184	morgan_0184
185	morgan_0185
186	morgan_0186
187	morgan_0187
188	morgan_0188
189	morgan_0189
190	morgan_0190
191	morgan_0191
192	morgan_0192
193	morgan_0193
194	morgan_0194
195	morgan_0195
196	morgan_0196
197	morgan_0197
198	morgan_0198
199	morgan_0199
200	morgan_0200
201	morgan_0201
202	morgan_0202
203	morgan_0203
204	morgan_0204
205	morgan_0205
206	morgan_0206
207	morgan_0207
208	morgan_0208
209	morgan_0209
210	morgan_0210
211	morgan_0211
212	morgan_0212
213	morgan_0213
214	morgan_0214
215	morgan_0215
216	morgan_0216
217	morgan_0217
218	morgan_0218
219	morgan_0219
220	morgan_0220
221	morgan_0221
222	morgan_0222
223	morgan_0223
224	morgan_0224
225	morgan_0225
226	morgan_0226
227	morgan_0227
228	morgan_0228
229	morgan_0229
230	morgan_0230
231	morgan_0231
232	morgan_0232
233	morgan_0233
234	morgan_0234
235	morgan_0235
236	morgan_0236
237	morgan_0237
238	morgan_0238
239	morgan_0239
240	morgan_0240
241	morgan_0241
242	morgan_0242
243	morgan_0243
244	morgan_0244
245	morgan_0245
246	morgan_0246
247	morgan_0247
248	morgan_0248
249	morgan_0249
250	morgan_0250
251	morgan_0251
252	morgan_0252
253	morgan_0253
254	morgan_0254
255	morgan_0255
256	morgan_0256
257	morgan_0257
258	morgan_0258
259	morgan_0259
260	morgan_0260
261	morgan_0261
262	morgan_0262
263	morgan_0263
264	morgan_0264
265	morgan_0265
266	morgan_0266
267	morgan_0267
268	morgan_0268
269	morgan_0269
270	morgan_0270
271	morgan_0271
272	morgan_0272
273	morgan_0273
274	morgan_0274
275	morgan_0275
276	morgan_0276
277	morgan_0277
278	morgan_0278
279	morgan_0279
280	morgan_0280
281	morgan_0281
282	morgan_0282
283	morgan_0283
284	morgan_0284
285	morgan_0285
286	morgan_0286
287	morgan_0287
288	morgan_0288
289	morgan_0289
290	morgan_0290
291	morgan_0291
292	morgan_0292
293	morgan_0293
294	morgan_0294
295	morgan_0295
296	morgan_0296
297	morgan_0297
298	morgan_0298
299	morgan_0299
300	morgan_0300
301	morgan_0301
302	morgan_0302
303	morgan_0303
304	morgan_0304
305	morgan_0305
306	morgan_0306
307	morgan_0307
308	morgan_0308
309	morgan_0309
310	morgan_0310
311	morgan_0311
312	morgan_0312
313	morgan_0313
314	morgan_0314
315	morgan_0315
316	morgan_0316
317	morgan_0317
318	morgan_0318
319	morgan_0319
320	morgan_0320
321	morgan_0321
322	morgan_0322
323	morgan_0323
324	morgan_0324
325	morgan_0325
326	morgan_0326
327	morgan_0327
328	morgan_0328
329	morgan_0329
330	morgan_0330
331	morgan_0331
332	morgan_0332
333	morgan_0333
334	morgan_0334
335	morgan_0335
336	morgan_0336
337	morgan_0337
338	morgan_0338
339	morgan_0339
340	morgan_0340
341	morgan_0341
342	morgan_0342
343	morgan_0343
344	morgan_0344
345	morgan_0345
346	morgan_0346
347	morgan_0347
348	morgan_0348
349	morgan_0349
350	morgan_0350
351	morgan_0351
352	morgan_0352
353	morgan_0353
354	morgan_0354
355	morgan_0355
356	morgan_0356
357	morgan_0357
358	morgan_0358
359	morgan_0359
360	morgan_0360
361	morgan_0361
362	morgan_0362
363	morgan_0363
364	morgan_0364
365	morgan_0365
366	morgan_0366
367	morgan_0367
368	morgan_0368
369	morgan_0369
370	morgan_0370
371	morgan_0371
372	morgan_0372
373	morgan_0373
374	morgan_0374
375	morgan_0375
376	morgan_0376
377	morgan_0377
378	morgan_0378
379	morgan_0379
380	morgan_0380
381	morgan_0381
382	morgan_0382
383	morgan_0383
384	morgan_0384
385	morgan_0385
386	morgan_0386
387	morgan_0387
388	morgan_0388
389	morgan_0389
390	morgan_0390
391	morgan_0391
392	morgan_0392
393	morgan_0393
394	morgan_0394
395	morgan_0395
396	morgan_0396
397	morgan_0397
398	morgan_0398
399	morgan_0399
400	morgan_0400
401	morgan_0401
402	morgan_0402
403	morgan_0403
404	morgan_0404
405	morgan_0405
406	morgan_0406
407	morgan_0407
408	morgan_0408
409	morgan_0409
410	morgan_0410
411	morgan_0411
412	morgan_0412
413	morgan_0413
414	morgan_0414
415	morgan_0415
416	morgan_0416
417	morgan_0417
418	morgan_0418
419	morgan_0419
420	morgan_0420
421	morgan_0421
422	morgan_0422
423	morgan_0423
424	morgan_0424
425	morgan_0425
426	morgan_0426
427	morgan_0427
428	morgan_0428
429	morgan_0429
430	morgan_0430
431	morgan_0431
432	morgan_0432
433	morgan_0433
434	morgan_0434
435	morgan_0435
436	morgan_0436
437	morgan_0437
438	morgan_0438
439	morgan_0439
440	morgan_0440
441	morgan_0441
442	morgan_0442
443	morgan_0443
444	morgan_0444
445	morgan_0445
446	morgan_0446
447	morgan_0447
448	morgan_0448
449	morgan_0449
450	morgan_0450
451	morgan_0451
452	morgan_0452
453	morgan_0453
454	morgan_0454
455	morgan_0455
456	morgan_0456
457	morgan_0457
458	morgan_0458
459	morgan_0459
460	morgan_0460
461	morgan_0461
462	morgan_0462
463	morgan_0463
464	morgan_0464
465	morgan_0465
466	morgan_0466
467	morgan_0467
468	morgan_0468
469	morgan_0469
470	morgan_0470
471	morgan_0471
472	morgan_0472
473	morgan_0473
474	morgan_0474
475	morgan_0475
476	morgan_0476
477	morgan_0477
478	morgan_0478
479	morgan_0479
480	morgan_0480
481	morgan_0481
482	morgan_0482
483	morgan_0483
484	morgan_0484
485	morgan_0485
486	morgan_0486
487	morgan_0487
488	morgan_0488
489	morgan_0489
490	morgan_0490
491	morgan_0491
492	morgan_0492
493	morgan_0493
494	morgan_0494
495	morgan_0495
496	morgan_0496
497	morgan_0497
498	morgan_0498
499	morgan_0499
500	morgan_0500
501	morgan_0501
502	morgan_0502
503	morgan_0503
504	morgan_0504
505	morgan_0505
506	morgan_0506
507	morgan_0507
508	morgan_0508
509	morgan_0509
510	morgan_0510
511	morgan_0511
512	morgan_0512
513	morgan_0513
514	morgan_0514
515	morgan_0515
516	morgan_0516
517	morgan_0517
518	morgan_0518
519	morgan_0519
520	morgan_0520
521	morgan_0521
522	morgan_0522
523	morgan_0523
524	morgan_0524
525	morgan_0525
526	morgan_0526
527	morgan_0527
528	morgan_0528
529	morgan_0529
530	morgan_0530
531	morgan_0531
532	morgan_0532
533	morgan_0533
534	morgan_0534
535	morgan_0535
536	morgan_0536
537	morgan_0537
538	morgan_0538
539	morgan_0539
540	morgan_0540
541	morgan_0541
542	morgan_0542
543	morgan_0543
544	morgan_0544
545	morgan_0545
546	morgan_0546
547	morgan_0547
548	morgan_0548
549	morgan_0549
550	morgan_0550
551	morgan_0551
552	morgan_0552
553	morgan_0553
554	morgan_0554
555	morgan_0555
556	morgan_0556
557	morgan_0557
558	morgan_0558
559	morgan_0559
560	morgan_0560
561	morgan_0561
562	morgan_0562
563	morgan_0563
564	morgan_0564
565	morgan_0565
566	morgan_0566
567	morgan_0567
568	morgan_0568
569	morgan_0569
570	morgan_0570
571	morgan_0571
572	morgan_0572
573	morgan_0573
574	morgan_0574
575	morgan_0575
576	morgan_0576
577	morgan_0577
578	morgan_0578
579	morgan_0579
580	morgan_0580
581	morgan_0581
582	morgan_0582
583	morgan_0583
584	morgan_0584
585	morgan_0585
586	morgan_0586
587	morgan_0587
588	morgan_0588
589	morgan_0589
590	morgan_0590
591	morgan_0591
592	morgan_0592
593	morgan_0593
594	morgan_0594
595	morgan_0595
596	morgan_0596
597	morgan_0597
598	morgan_0598
599	morgan_0599
600	morgan_0600
601	morgan_0601
602	morgan_0602
603	morgan_0603
604	morgan_0604
605	morgan_0605
606	morgan_0606
607	morgan_0607
608	morgan_0608
609	morgan_0609
610	morgan_0610
611	morgan_0611
612	morgan_0612
613	morgan_0613
614	morgan_0614
615	morgan_0615
616	morgan_0616
617	morgan_0617
618	morgan_0618
619	morgan_0619
620	morgan_0620
621	morgan_0621
622	morgan_0622
623	morgan_0623
624	morgan_0624
625	morgan_0625
626	morgan_0626
627	morgan_0627
628	morgan_0628
629	morgan_0629
630	morgan_0630
631	morgan_0631
632	morgan_0632
633	morgan_0633
634	morgan_0634
635	morgan_0635
636	morgan_0636
637	morgan_0637
638	morgan_0638
639	morgan_0639
640	morgan_0640
641	morgan_0641
642	morgan_0642
643	morgan_0643
644	morgan_0644
645	morgan_0645
646	morgan_0646
647	morgan_0647
648	morgan_0648
649	morgan_0649
650	morgan_0650
651	morgan_0651
652	morgan_0652
653	morgan_0653
654	morgan_0654
655	morgan_0655
656	morgan_0656
657	morgan_0657
658	morgan_0658
659	morgan_0659
660	morgan_0660
661	morgan_0661
662	morgan_0662
663	morgan_0663
664	morgan_0664
665	morgan_0665
666	morgan_0666
667	morgan_0667
668	morgan_0668
669	morgan_0669
670	morgan_0670
671	morgan_0671
672	morgan_0672
673	morgan_0673
674	morgan_0674
675	morgan_0675
676	morgan_0676
677	morgan_0677
678	morgan_0678
679	morgan_0679
680	morgan_0680
681	morgan_0681
682	morgan_0682
683	morgan_0683
684	morgan_0684
685	morgan_0685
686	morgan_0686
687	morgan_0687
688	morgan_0688
689	morgan_0689
690	morgan_0690
691	morgan_0691
692	morgan_0692
693	morgan_0693
694	morgan_0694
695	morgan_0695
696	morgan_0696
697	morgan_0697
698	morgan_0698
699	morgan_0699
700	morgan_0700
701	morgan_0701
702	morgan_0702
703	morgan_0703
704	morgan_0704
705	morgan_0705
706	morgan_0706
707	morgan_0707
708	morgan_0708
709	morgan_0709
710	morgan_0710
711	morgan_0711
712	morgan_0712
713	morgan_0713
714	morgan_0714
715	morgan_0715
716	morgan_0716
717	morgan_0717
718	morgan_0718
719	morgan_0719
720	morgan_0720
721	morgan_0721
722	morgan_0722
723	morgan_0723
724	morgan_0724
725	morgan_0725
726	morgan_0726
727	morgan_0727
728	morgan_0728
729	morgan_0729
730	morgan_0730
731	morgan_0731
732	morgan_0732
733	morgan_0733
734	morgan_0734
735	morgan_0735
736	morgan_0736
737	morgan_0737
738	morgan_0738
739	morgan_0739
740	morgan_0740
741	morgan_0741
742	morgan_0742
743	morgan_0743
744	morgan_0744
745	morgan_0745
746	morgan_0746
747	morgan_0747
748	morgan_0748
749	morgan_0749
750	morgan_0750
751	morgan_0751
752	morgan_0752
753	morgan_0753
754	morgan_0754
755	morgan_0755
756	morgan_0756
757	morgan_0757
758	morgan_0758
759	morgan_0759
760	morgan_0760
761	morgan_0761
762	morgan_0762
763	morgan_0763
764	morgan_0764
765	morgan_0765
766	morgan_0766
767	morgan_0767
768	morgan_0768
769	morgan_0769
770	morgan_0770
771	morgan_0771
772	morgan_0772
773	morgan_0773
774	morgan_0774
775	morgan_0775
776	morgan_0776
777	morgan_0777
778	morgan_0778
779	morgan_0779
780	morgan_0780
781	morgan_0781
782	morgan_0782
783	morgan_0783
784	morgan_0784
785	morgan_0785
786	morgan_0786
787	morgan_0787
788	morgan_0788
789	morgan_0789
790	morgan_0790
791	morgan_0791
792	morgan_0792
793	morgan_0793
794	morgan_0794
795	morgan_0795
796	morgan_0796
797	morgan_0797
798	morgan_0798
799	morgan_0799
800	morgan_0800
801	morgan_0801
802	morgan_0802
803	morgan_0803
804	morgan_0804
805	morgan_0805
806	morgan_0806
807	morgan_0807
808	morgan_0808
809	morgan_0809
810	morgan_0810
811	morgan_0811
812	morgan_0812
813	morgan_0813
814	morgan_0814
815	morgan_0815
816	morgan_0816
817	morgan_0817
818	morgan_0818
819	morgan_0819
820	morgan_0820
821	morgan_0821
822	morgan_0822
823	morgan_0823
824	morgan_0824
825	morgan_0825
826	morgan_0826
827	morgan_0827
828	morgan_0828
829	morgan_0829
830	morgan_0830
831	morgan_0831
832	morgan_0832
833	morgan_0833
834	morgan_0834
835	morgan_0835
836	morgan_0836
837	morgan_0837
838	morgan_0838
839	morgan_0839
840	morgan_0840
841	morgan_0841
842	morgan_0842
843	morgan_0843
844	morgan_0844
845	morgan_0845
846	morgan_0846
847	morgan_0847
848	morgan_0848
849	morgan_0849
850	morgan_0850
851	morgan_0851
852	morgan_0852
853	morgan_0853
854	morgan_0854
855	morgan_0855
856	morgan_0856
857	morgan_0857
858	morgan_0858
859	morgan_0859
860	morgan_0860
861	morgan_0861
862	morgan_0862
863	morgan_0863
864	morgan_0864
865	morgan_0865
866	morgan_0866
867	morgan_0867
868	morgan_0868
869	morgan_0869
870	morgan_0870
871	morgan_0871
872	morgan_0872
873	morgan_0873
874	morgan_0874
875	morgan_0875
876	morgan_0876
877	morgan_0877
878	morgan_0878
879	morgan_0879
880	morgan_0880
881	morgan_0881
882	morgan_0882
883	morgan_0883
884	morgan_0884
885	morgan_0885
886	morgan_0886
887	morgan_0887
888	morgan_0888
889	morgan_0889
890	morgan_0890
891	morgan_0891
892	morgan_0892
893	morgan_0893
894	morgan_0894
895	morgan_0895
896	morgan_0896
897	morgan_0897
898	morgan_0898
899	morgan_0899
900	morgan_0900
901	morgan_0901
902	morgan_0902
903	morgan_0903
904	morgan_0904
905	morgan_0905
906	morgan_0906
907	morgan_0907
908	morgan_0908
909	morgan_0909
910	morgan_0910
911	morgan_0911
912	morgan_0912
913	morgan_0913
914	morgan_0914
915	morgan_0915
916	morgan_0916
917	morgan_0917
918	morgan_0918
919	morgan_0919
920	morgan_0920
921	morgan_0921
922	morgan_0922
923	morgan_0923
924	morgan_0924
925	morgan_0925
926	morgan_0926
927	morgan_0927
928	morgan_0928
929	morgan_0929
930	morgan_0930
931	morgan_0931
932	morgan_0932
933	morgan_0933
934	morgan_0934
935	morgan_0935
936	morgan_0936
937	morgan_0937
938	morgan_0938
939	morgan_0939
940	morgan_0940
941	morgan_0941
942	morgan_0942
943	morgan_0943
944	morgan_0944
945	morgan_0945
946	morgan_0946
947	morgan_0947
948	morgan_0948
949	morgan_0949
950	morgan_0950
951	morgan_0951
952	morgan_0952
953	morgan_0953
954	morgan_0954
955	morgan_0955
956	morgan_0956
957	morgan_0957
958	morgan_0958
959	morgan_0959
960	morgan_0960
961	morgan_0961
962	morgan_0962
963	morgan_0963
964	morgan_0964
965	morgan_0965
966	morgan_0966
967	morgan_0967
968	morgan_0968
969	morgan_0969
970	morgan_0970
971	morgan_0971
972	morgan_0972
973	morgan_0973
974	morgan_0974
975	morgan_0975
976	morgan_0976
977	morgan_0977
978	morgan_0978
979	morgan_0979
980	morgan_0980
981	morgan_0981
982	morgan_0982
983	morgan_0983
984	morgan_0984
985	morgan_0985
986	morgan_0986
987	morgan_0987
988	morgan_0988
989	morgan_0989
990	morgan_0990
991	morgan_0991
992	morgan_0992
993	morgan_0993
994	morgan_0994
995	morgan_0995
996	morgan_0996
997	morgan_0997
998	morgan_0998
999	morgan_0999
1000	morgan_1000
1001	morgan_1001
1002	morgan_1002
1003	morgan_1003
1004	morgan_1004
1005	morgan_1005
1006	morgan_1006
1007	morgan_1007
1008	morgan_1008
1009	morgan_1009
1010	morgan_1010
1011	morgan_1011
1012	morgan_1012
1013	morgan_1013
1014	morgan_1014
1015	morgan_1015
1016	morgan_1016
1017	morgan_1017
1018	morgan_1018
1019	morgan_1019
1020	morgan_1020
1021	morgan_1021
1022	morgan_1022
1023	morgan_1023
1024	morgan_1024
1025	morgan_1025
1026	morgan_1026
1027	morgan_1027
1028	morgan_1028
1029	morgan_1029
1030	morgan_1030
1031	morgan_1031
1032	morgan_1032
1033	morgan_1033
1034	morgan_1034
1035	morgan_1035
1036	morgan_1036
1037	morgan_1037
1038	morgan_1038
1039	morgan_1039
1040	morgan_1040
1041	morgan_1041
1042	morgan_1042
1043	morgan_1043
1044	morgan_1044
1045	morgan_1045
1046	morgan_1046
1047	morgan_1047
1048	morgan_1048
1049	morgan_1049
1050	morgan_1050
1051	morgan_1051
1052	morgan_1052
1053	morgan_1053
1054	morgan_1054
1055	morgan_1055
1056	morgan_1056
1057	morgan_1057
1058	morgan_1058
1059	morgan_1059
1060	morgan_1060
1061	morgan_1061
1062	morgan_1062
1063	morgan_1063
1064	morgan_1064
1065	morgan_1065
1066	morgan_1066
1067	morgan_1067
1068	morgan_1068
1069	morgan_1069
1070	morgan_1070
1071	morgan_1071
1072	morgan_1072
1073	morgan_1073
1074	morgan_1074
1075	morgan_1075
1076	morgan_1076
1077	morgan_1077
1078	morgan_1078
1079	morgan_1079
1080	morgan_1080
1081	morgan_1081
1082	morgan_1082
1083	morgan_1083
1084	morgan_1084
1085	morgan_1085
1086	morgan_1086
1087	morgan_1087
1088	morgan_1088
1089	morgan_1089
1090	morgan_1090
1091	morgan_1091
1092	morgan_1092
1093	morgan_1093
1094	morgan_1094
1095	morgan_1095
1096	morgan_1096
1097	morgan_1097
1098	morgan_1098
1099	morgan_1099
1100	morgan_1100
1101	morgan_1101
1102	morgan_1102
1103	morgan_1103
1104	morgan_1104
1105	morgan_1105
1106	morgan_1106
1107	morgan_1107
1108	morgan_1108
1109	morgan_1109
1110	morgan_1110
1111	morgan_1111
1112	morgan_1112
1113	morgan_1113
1114	morgan_1114
1115	morgan_1115
1116	morgan_1116
1117	morgan_1117
1118	morgan_1118
1119	morgan_1119
1120	morgan_1120
1121	morgan_1121
1122	morgan_1122
1123	morgan_1123
1124	morgan_1124
1125	morgan_1125
1126	morgan_1126
1127	morgan_1127
1128	morgan_1128
1129	morgan_1129
1130	morgan_1130
1131	morgan_1131
1132	morgan_1132
1133	morgan_1133
1134	morgan_1134
1135	morgan_1135
1136	morgan_1136
1137	morgan_1137
1138	morgan_1138
1139	morgan_1139
1140	morgan_1140
1141	morgan_1141
1142	morgan_1142
1143	morgan_1143
1144	morgan_1144
1145	morgan_1145
1146	morgan_1146
1147	morgan_1147
1148	morgan_1148
1149	morgan_1149
1150	morgan_1150
1151	morgan_1151
1152	morgan_1152
1153	morgan_1153
1154	morgan_1154
1155	morgan_1155
1156	morgan_1156
1157	morgan_1157
1158	morgan_1158
1159	morgan_1159
1160	morgan_1160
1161	morgan_1161
1162	morgan_1162
1163	morgan_1163
1164	morgan_1164
1165	morgan_1165
1166	morgan_1166
1167	morgan_1167
1168	morgan_1168
1169	morgan_1169
1170	morgan_1170
1171	morgan_1171
1172	morgan_1172
1173	morgan_1173
1174	morgan_1174
1175	morgan_1175
1176	morgan_1176
1177	morgan_1177
1178	morgan_1178
1179	morgan_1179
1180	morgan_1180
1181	morgan_1181
1182	morgan_1182
1183	morgan_1183
1184	morgan_1184
1185	morgan_1185
1186	morgan_1186
1187	morgan_1187
1188	morgan_1188
1189	morgan_1189
1190	morgan_1190
1191	morgan_1191
1192	morgan_1192
1193	morgan_1193
1194	morgan_1194
1195	morgan_1195
1196	morgan_1196
1197	morgan_1197
1198	morgan_1198
1199	morgan_1199
1200	morgan_1200
1201	morgan_1201
1202	morgan_1202
1203	morgan_1203
1204	morgan_1204
1205	morgan_1205
1206	morgan_1206
1207	morgan_1207
1208	morgan_1208
1209	morgan_1209
1210	morgan_1210
1211	morgan_1211
1212	morgan_1212
1213	morgan_1213
1214	morgan_1214
1215	morgan_1215
1216	morgan_1216
1217	morgan_1217
1218	morgan_1218
1219	morgan_1219
1220	morgan_1220
1221	morgan_1221
1222	morgan_1222
1223	morgan_1223
1224	morgan_1224
1225	morgan_1225
1226	morgan_1226
1227	morgan_1227
1228	morgan_1228
1229	morgan_1229
1230	morgan_1230
1231	morgan_1231
1232	morgan_1232
1233	morgan_1233
1234	morgan_1234
1235	morgan_1235
1236	morgan_1236
1237	morgan_1237
1238	morgan_1238
1239	morgan_1239
1240	morgan_1240
1241	morgan_1241
1242	morgan_1242
1243	morgan_1243
1244	morgan_1244
1245	morgan_1245
1246	morgan_1246
1247	morgan_1247
1248	morgan_1248
1249	morgan_1249
1250	morgan_1250
1251	morgan_1251
1252	morgan_1252
1253	morgan_1253
1254	morgan_1254
1255	morgan_1255
1256	morgan_1256
1257	morgan_1257
1258	morgan_1258
1259	morgan_1259
1260	morgan_1260
1261	morgan_1261
1262	morgan_1262
1263	morgan_1263
1264	morgan_1264
1265	morgan_1265
1266	morgan_1266
1267	morgan_1267
1268	morgan_1268
1269	morgan_1269
1270	morgan_1270
1271	morgan_1271
1272	morgan_1272
1273	morgan_1273
1274	morgan_1274
1275	morgan_1275
1276	morgan_1276
1277	morgan_1277
1278	morgan_1278
1279	morgan_1279
1280	morgan_1280
1281	morgan_1281
1282	morgan_1282
1283	morgan_1283
1284	morgan_1284
1285	morgan_1285
1286	morgan_1286
1287	morgan_1287
1288	morgan_1288
1289	morgan_1289
1290	morgan_1290
1291	morgan_1291
1292	morgan_1292
1293	morgan_1293
1294	morgan_1294
1295	morgan_1295
1296	morgan_1296
1297	morgan_1297
1298	morgan_1298
1299	morgan_1299
1300	morgan_1300
1301	morgan_1301
1302	morgan_1302
1303	morgan_1303
1304	morgan_1304
1305	morgan_1305
1306	morgan_1306
1307	morgan_1307
1308	morgan_1308
1309	morgan_1309
1310	morgan_1310
1311	morgan_1311
1312	morgan_1312
1313	morgan_1313
1314	morgan_1314
1315	morgan_1315
1316	morgan_1316
1317	morgan_1317
1318	morgan_1318
1319	morgan_1319
1320	morgan_1320
1321	morgan_1321
1322	morgan_1322
1323	morgan_1323
1324	morgan_1324
1325	morgan_1325
1326	morgan_1326
1327	morgan_1327
1328	morgan_1328
1329	morgan_1329
1330	morgan_1330
1331	morgan_1331
1332	morgan_1332
1333	morgan_1333
1334	morgan_1334
1335	morgan_1335
1336	morgan_1336
1337	morgan_1337
1338	morgan_1338
1339	morgan_1339
1340	morgan_1340
1341	morgan_1341
1342	morgan_1342
1343	morgan_1343
1344	morgan_1344
1345	morgan_1345
1346	morgan_1346
1347	morgan_1347
1348	morgan_1348
1349	morgan_1349
1350	morgan_1350
1351	morgan_1351
1352	morgan_1352
1353	morgan_1353
1354	morgan_1354
1355	morgan_1355
1356	morgan_1356
1357	morgan_1357
1358	morgan_1358
1359	morgan_1359
1360	morgan_1360
1361	morgan_1361
1362	morgan_1362
1363	morgan_1363
1364	morgan_1364
1365	morgan_1365
1366	morgan_1366
1367	morgan_1367
1368	morgan_1368
1369	morgan_1369
1370	morgan_1370
1371	morgan_1371
1372	morgan_1372
1373	morgan_1373
1374	morgan_1374
1375	morgan_1375
1376	morgan_1376
1377	morgan_1377
1378	morgan_1378
1379	morgan_1379
1380	morgan_1380
1381	morgan_1381
1382	morgan_1382
1383	morgan_1383
1384	morgan_1384
1385	morgan_1385
1386	morgan_1386
1387	morgan_1387
1388	morgan_1388
1389	morgan_1389
1390	morgan_1390
1391	morgan_1391
1392	morgan_1392
1393	morgan_1393
1394	morgan_1394
1395	morgan_1395
1396	morgan_1396
1397	morgan_1397
1398	morgan_1398
1399	morgan_1399
1400	morgan_1400
1401	morgan_1401
1402	morgan_1402
1403	morgan_1403
1404	morgan_1404
1405	morgan_1405
1406	morgan_1406
1407	morgan_1407
1408	morgan_1408
1409	morgan_1409
1410	morgan_1410
1411	morgan_1411
1412	morgan_1412
1413	morgan_1413
1414	morgan_1414
1415	morgan_1415
1416	morgan_1416
1417	morgan_1417
1418	morgan_1418
1419	morgan_1419
1420	morgan_1420
1421	morgan_1421
1422	morgan_1422
1423	morgan_1423
1424	morgan_1424
1425	morgan_1425
1426	morgan_1426
1427	morgan_1427
1428	morgan_1428
1429	morgan_1429
1430	morgan_1430
1431	morgan_1431
1432	morgan_1432
1433	morgan_1433
1434	morgan_1434
1435	morgan_1435
1436	morgan_1436
1437	morgan_1437
1438	morgan_1438
1439	morgan_1439
1440	morgan_1440
1441	morgan_1441
1442	morgan_1442
1443	morgan_1443
1444	morgan_1444
1445	morgan_1445
1446	morgan_1446
1447	morgan_1447
1448	morgan_1448
1449	morgan_1449
1450	morgan_1450
1451	morgan_1451
1452	morgan_1452
1453	morgan_1453
1454	morgan_1454
1455	morgan_1455
1456	morgan_1456
1457	morgan_1457
1458	morgan_1458
1459	morgan_1459
1460	morgan_1460
1461	morgan_1461
1462	morgan_1462
1463	morgan_1463
1464	morgan_1464
1465	morgan_1465
1466	morgan_1466
1467	morgan_1467
1468	morgan_1468
1469	morgan_1469
1470	morgan_1470
1471	morgan_1471
1472	morgan_1472
1473	morgan_1473
1474	morgan_1474
1475	morgan_1475
1476	morgan_1476
1477	morgan_1477
1478	morgan_1478
1479	morgan_1479
1480	morgan_1480
1481	morgan_1481
1482	morgan_1482
1483	morgan_1483
1484	morgan_1484
1485	morgan_1485
1486	morgan_1486
1487	morgan_1487
1488	morgan_1488
1489	morgan_1489
1490	morgan_1490
1491	morgan_1491
1492	morgan_1492
1493	morgan_1493
1494	morgan_1494
1495	morgan_1495
1496	morgan_1496
1497	morgan_1497
1498	morgan_1498
1499	morgan_1499
1500	morgan_1500
1501	morgan_1501
1502	morgan_1502
1503	morgan_1503
1504	morgan_1504
1505	morgan_1505
1506	morgan_1506
1507	morgan_1507
1508	morgan_1508
1509	morgan_1509
1510	morgan_1510
1511	morgan_1511
1512	morgan_1512
1513	morgan_1513
1514	morgan_1514
1515	morgan_1515
1516	morgan_1516
1517	morgan_1517
1518	morgan_1518
1519	morgan_1519
1520	morgan_1520
1521	morgan_1521
1522	morgan_1522
1523	morgan_1523
1524	morgan_1524
1525	morgan_1525
1526	morgan_1526
1527	morgan_1527
1528	morgan_1528
1529	morgan_1529
1530	morgan_1530
1531	morgan_1531
1532	morgan_1532
1533	morgan_1533
1534	morgan_1534
1535	morgan_1535
1536	morgan_1536
1537	morgan_1537
1538	morgan_1538
1539	morgan_1539
1540	morgan_1540
1541	morgan_1541
1542	morgan_1542
1543	morgan_1543
1544	morgan_1544
1545	morgan_1545
1546	morgan_1546
1547	morgan_1547
1548	morgan_1548
1549	morgan_1549
1550	morgan_1550
1551	morgan_1551
1552	morgan_1552
1553	morgan_1553
1554	morgan_1554
1555	morgan_1555
1556	morgan_1556
1557	morgan_1557
1558	morgan_1558
1559	morgan_1559
1560	morgan_1560
1561	morgan_1561
1562	morgan_1562
1563	morgan_1563
1564	morgan_1564
1565	morgan_1565
1566	morgan_1566
1567	morgan_1567
1568	morgan_1568
1569	morgan_1569
1570	morgan_1570
1571	morgan_1571
1572	morgan_1572
1573	morgan_1573
1574	morgan_1574
1575	morgan_1575
1576	morgan_1576
1577	morgan_1577
1578	morgan_1578
1579	morgan_1579
1580	morgan_1580
1581	morgan_1581
1582	morgan_1582
1583	morgan_1583
1584	morgan_1584
1585	morgan_1585
1586	morgan_1586
1587	morgan_1587
1588	morgan_1588
1589	morgan_1589
1590	morgan_1590
1591	morgan_1591
1592	morgan_1592
1593	morgan_1593
1594	morgan_1594
1595	morgan_1595
1596	morgan_1596
1597	morgan_1597
1598	morgan_1598
1599	morgan_1599
1600	morgan_1600
1601	morgan_1601
1602	morgan_1602
1603	morgan_1603
1604	morgan_1604
1605	morgan_1605
1606	morgan_1606
1607	morgan_1607
1608	morgan_1608
1609	morgan_1609
1610	morgan_1610
1611	morgan_1611
1612	morgan_1612
1613	morgan_1613
1614	morgan_1614
1615	morgan_1615
1616	morgan_1616
1617	morgan_1617
1618	morgan_1618
1619	morgan_1619
1620	morgan_1620
1621	morgan_1621
1622	morgan_1622
1623	morgan_1623
1624	morgan_1624
1625	morgan_1625
1626	morgan_1626
1627	morgan_1627
1628	morgan_1628
1629	morgan_1629
1630	morgan_1630
1631	morgan_1631
1632	morgan_1632
1633	morgan_1633
1634	morgan_1634
1635	morgan_1635
1636	morgan_1636
1637	morgan_1637
1638	morgan_1638
1639	morgan_1639
1640	morgan_1640
1641	morgan_1641
1642	morgan_1642
1643	morgan_1643
1644	morgan_1644
1645	morgan_1645
1646	morgan_1646
1647	morgan_1647
1648	morgan_1648
1649	morgan_1649
1650	morgan_1650
1651	morgan_1651
1652	morgan_1652
1653	morgan_1653
1654	morgan_1654
1655	morgan_1655
1656	morgan_1656
1657	morgan_1657
1658	morgan_1658
1659	morgan_1659
1660	morgan_1660
1661	morgan_1661
1662	morgan_1662
1663	morgan_1663
1664	morgan_1664
1665	morgan_1665
1666	morgan_1666
1667	morgan_1667
1668	morgan_1668
1669	morgan_1669
1670	morgan_1670
1671	morgan_1671
1672	morgan_1672
1673	morgan_1673
1674	morgan_1674
1675	morgan_1675
1676	morgan_1676
1677	morgan_1677
1678	morgan_1678
1679	morgan_1679
1680	morgan_1680
1681	morgan_1681
1682	morgan_1682
1683	morgan_1683
1684	morgan_1684
1685	morgan_1685
1686	morgan_1686
1687	morgan_1687
1688	morgan_1688
1689	morgan_1689
1690	morgan_1690
1691	morgan_1691
1692	morgan_1692
1693	morgan_1693
1694	morgan_1694
1695	morgan_1695
1696	morgan_1696
1697	morgan_1697
1698	morgan_1698
1699	morgan_1699
1700	morgan_1700
1701	morgan_1701
1702	morgan_1702
1703	morgan_1703
1704	morgan_1704
1705	morgan_1705
1706	morgan_1706
1707	morgan_1707
1708	morgan_1708
1709	morgan_1709
1710	morgan_1710
1711	morgan_1711
1712	morgan_1712
1713	morgan_1713
1714	morgan_1714
1715	morgan_1715
1716	morgan_1716
1717	morgan_1717
1718	morgan_1718
1719	morgan_1719
1720	morgan_1720
1721	morgan_1721
1722	morgan_1722
1723	morgan_1723
1724	morgan_1724
1725	morgan_1725
1726	morgan_1726
1727	morgan_1727
1728	morgan_1728
1729	morgan_1729
1730	morgan_1730
1731	morgan_1731
1732	morgan_1732
1733	morgan_1733
1734	morgan_1734
1735	morgan_1735
1736	morgan_1736
1737	morgan_1737
1738	morgan_1738
1739	morgan_1739
1740	morgan_1740
1741	morgan_1741
1742	morgan_1742
1743	morgan_1743
1744	morgan_1744
1745	morgan_1745
1746	morgan_1746
1747	morgan_1747
1748	morgan_1748
1749	morgan_1749
1750	morgan_1750
1751	morgan_1751
1752	morgan_1752
1753	morgan_1753
1754	morgan_1754
1755	morgan_1755
1756	morgan_1756
1757	morgan_1757
1758	morgan_1758
1759	morgan_1759
1760	morgan_1760
1761	morgan_1761
1762	morgan_1762
1763	morgan_1763
1764	morgan_1764
1765	morgan_1765
1766	morgan_1766
1767	morgan_1767
1768	morgan_1768
1769	morgan_1769
1770	morgan_1770
1771	morgan_1771
1772	morgan_1772
1773	morgan_1773
1774	morgan_1774
1775	morgan_1775
1776	morgan_1776
1777	morgan_1777
1778	morgan_1778
1779	morgan_1779
1780	morgan_1780
1781	morgan_1781
1782	morgan_1782
1783	morgan_1783
1784	morgan_1784
1785	morgan_1785
1786	morgan_1786
1787	morgan_1787
1788	morgan_1788
1789	morgan_1789
1790	morgan_1790
1791	morgan_1791
1792	morgan_1792
1793	morgan_1793
1794	morgan_1794
1795	morgan_1795
1796	morgan_1796
1797	morgan_1797
1798	morgan_1798
1799	morgan_1799
1800	morgan_1800
1801	morgan_1801
1802	morgan_1802
1803	morgan_1803
1804	morgan_1804
1805	morgan_1805
1806	morgan_1806
1807	morgan_1807
1808	morgan_1808
1809	morgan_1809
1810	morgan_1810
1811	morgan_1811
1812	morgan_1812
1813	morgan_1813
1814	morgan_1814
1815	morgan_1815
1816	morgan_1816
1817	morgan_1817
1818	morgan_1818
1819	morgan_1819
1820	morgan_1820
1821	morgan_1821
1822	morgan_1822
1823	morgan_1823
1824	morgan_1824
1825	morgan_1825
1826	morgan_1826
1827	morgan_1827
1828	morgan_1828
1829	morgan_1829
1830	morgan_1830
1831	morgan_1831
1832	morgan_1832
1833	morgan_1833
1834	morgan_1834
1835	morgan_1835
1836	morgan_1836
1837	morgan_1837
1838	morgan_1838
1839	morgan_1839
1840	morgan_1840
1841	morgan_1841
1842	morgan_1842
1843	morgan_1843
1844	morgan_1844
1845	morgan_1845
1846	morgan_1846
1847	morgan_1847
1848	morgan_1848
1849	morgan_1849
1850	morgan_1850
1851	morgan_1851
1852	morgan_1852
1853	morgan_1853
1854	morgan_1854
1855	morgan_1855
1856	morgan_1856
1857	morgan_1857
1858	morgan_1858
1859	morgan_1859
1860	morgan_1860
1861	morgan_1861
1862	morgan_1862
1863	morgan_1863
1864	morgan_1864
1865	morgan_1865
1866	morgan_1866
1867	morgan_1867
1868	morgan_1868
1869	morgan_1869
1870	morgan_1870
1871	morgan_1871
1872	morgan_1872
1873	morgan_1873
1874	morgan_1874
1875	morgan_1875
1876	morgan_1876
1877	morgan_1877
1878	morgan_1878
1879	morgan_1879
1880	morgan_1880
1881	morgan_1881
1882	morgan_1882
1883	morgan_1883
1884	morgan_1884
1885	morgan_1885
1886	morgan_1886
1887	morgan_1887
1888	morgan_1888
1889	morgan_1889
1890	morgan_1890
1891	morgan_1891
1892	morgan_1892
1893	morgan_1893
1894	morgan_1894
1895	morgan_1895
1896	morgan_1896
1897	morgan_1897
1898	morgan_1898
1899	morgan_1899
1900	morgan_1900
1901	morgan_1901
1902	morgan_1902
1903	morgan_1903
1904	morgan_1904
1905	morgan_1905
1906	morgan_1906
1907	morgan_1907
1908	morgan_1908
1909	morgan_1909
1910	morgan_1910
1911	morgan_1911
1912	morgan_1912
1913	morgan_1913
1914	morgan_1914
1915	morgan_1915
1916	morgan_1916
1917	morgan_1917
1918	morgan_1918
1919	morgan_1919
1920	morgan_1920
1921	morgan_1921
1922	morgan_1922
1923	morgan_1923
1924	morgan_1924
1925	morgan_1925
1926	morgan_1926
1927	morgan_1927
1928	morgan_1928
1929	morgan_1929
1930	morgan_1930
1931	morgan_1931
1932	morgan_1932
1933	morgan_1933
1934	morgan_1934
1935	morgan_1935
1936	morgan_1936
1937	morgan_1937
1938	morgan_1938
1939	morgan_1939
1940	morgan_1940
1941	morgan_1941
1942	morgan_1942
1943	morgan_1943
1944	morgan_1944
1945	morgan_1945
1946	morgan_1946
1947	morgan_1947
1948	morgan_1948
1949	morgan_1949
1950	morgan_1950
1951	morgan_1951
1952	morgan_1952
1953	morgan_1953
1954	morgan_1954
1955	morgan_1955
1956	morgan_1956
1957	morgan_1957
1958	morgan_1958
1959	morgan_1959
1960	morgan_1960
1961	morgan_1961
1962	morgan_1962
1963	morgan_1963
1964	morgan_1964
1965	morgan_1965
1966	morgan_1966
1967	morgan_1967
1968	morgan_1968
1969	morgan_1969
1970	morgan_1970
1971	morgan_1971
1972	morgan_1972
1973	morgan_1973
1974	morgan_1974
1975	morgan_1975
1976	morgan_1976
1977	morgan_1977
1978	morgan_1978
1979	morgan_1979
1980	morgan_1980
1981	morgan_1981
1982	morgan_1982
1983	morgan_1983
1984	morgan_1984
1985	morgan_1985
1986	morgan_1986
1987	morgan_1987
1988	morgan_1988
1989	morgan_1989
1990	morgan_1990
1991	morgan_1991
1992	morgan_1992
1993	morgan_1993
1994	morgan_1994
1995	morgan_1995
1996	morgan_1996
1997	morgan_1997
1998	morgan_1998
1999	morgan_1999
2000	morgan_2000
2001	morgan_2001
2002	morgan_2002
2003	morgan_2003
2004	morgan_2004
2005	morgan_2005
2006	morgan_2006
2007	morgan_2007
2008	morgan_2008
2009	morgan_2009
2010	morgan_2010
2011	morgan_2011
2012	morgan_2012
2013	morgan_2013
2014	morgan_2014
2015	morgan_2015
2016	morgan_2016
2017	morgan_2017
2018	morgan_2018
2019	morgan_2019
2020	morgan_2020
2021	morgan_2021
2022	morgan_2022
2023	morgan_2023
2024	morgan_2024
2025	morgan_2025
2026	morgan_2026
2027	morgan_2027
2028	morgan_2028
2029	morgan_2029
2030	morgan_2030
2031	morgan_2031
2032	morgan_2032
2033	morgan_2033
2034	morgan_2034
2035	morgan_2035
2036	morgan_2036
2037	morgan_2037
2038	morgan_2038
2039	morgan_2039
2040	morgan_2040
2041	morgan_2041
2042	morgan_2042
2043	morgan_2043
2044	morgan_2044
2045	morgan_2045
2046	morgan_2046
2047	morgan_2047
