feature	n_drugs_active	fraction_drugs_active
morgan_0000	62	0.007568359375
morgan_0001	2238	0.273193359375
morgan_0002	286	0.034912109375
morgan_0003	40	0.0048828125
morgan_0004	158	0.019287109375
morgan_0005	280	0.0341796875
morgan_0006	36	0.00439453125
morgan_0007	106	0.012939453125
morgan_0008	166	0.020263671875
morgan_0009	184	0.0224609375
morgan_0010	57	0.0069580078125
morgan_0011	90	0.010986328125
morgan_0012	57	0.0069580078125
morgan_0013	576	0.0703125
morgan_0014	371	0.0452880859375
morgan_0015	56	0.0068359375
morgan_0016	91	0.0111083984375
morgan_0017	39	0.0047607421875
morgan_0018	84	0.01025390625
morgan_0019	45	0.0054931640625
morgan_0020	57	0.0069580078125
morgan_0021	44	0.00537109375
morgan_0022	42	0.005126953125
morgan_0023	39	0.0047607421875
morgan_0024	65	0.0079345703125
morgan_0025	175	0.0213623046875
morgan_0026	44	0.00537109375
morgan_0027	96	0.01171875
morgan_0028	49	0.0059814453125
morgan_0029	266	0.032470703125
morgan_0030	29	0.0035400390625
morgan_0031	185	0.0225830078125
morgan_0032	105	0.0128173828125
morgan_0033	121	0.0147705078125
morgan_0034	197	0.0240478515625
morgan_0035	120	0.0146484375
morgan_0036	63	0.0076904296875
morgan_0037	77	0.0093994140625
morgan_0038	79	0.0096435546875
morgan_0039	90	0.010986328125
morgan_0040	92	0.01123046875
morgan_0041	355	0.0433349609375
morgan_0042	109	0.0133056640625
morgan_0043	234	0.028564453125
morgan_0044	31	0.0037841796875
morgan_0045	388	0.04736328125
morgan_0046	57	0.0069580078125
morgan_0047	29	0.0035400390625
morgan_0048	32	0.00390625
morgan_0049	58	0.007080078125
morgan_0050	66	0.008056640625
morgan_0051	69	0.0084228515625
morgan_0052	79	0.0096435546875
morgan_0053	79	0.0096435546875
morgan_0054	134	0.016357421875
morgan_0055	36	0.00439453125
morgan_0056	115	0.0140380859375
morgan_0057	82	0.010009765625
morgan_0058	97	0.0118408203125
morgan_0059	60	0.00732421875
morgan_0060	88	0.0107421875
morgan_0061	120	0.0146484375
morgan_0062	154	0.018798828125
morgan_0063	57	0.0069580078125
morgan_0064	44	0.00537109375
morgan_0065	108	0.01318359375
morgan_0066	74	0.009033203125
morgan_0067	161	0.0196533203125
morgan_0068	80	0.009765625
morgan_0069	119	0.0145263671875
morgan_0070	69	0.0084228515625
morgan_0071	43	0.0052490234375
morgan_0072	51	0.0062255859375
morgan_0073	50	0.006103515625
morgan_0074	449	0.0548095703125
morgan_0075	125	0.0152587890625
morgan_0076	56	0.0068359375
morgan_0077	56	0.0068359375
morgan_0078	44	0.00537109375
morgan_0079	340	0.04150390625
morgan_0080	5211	0.6361083984375
morgan_0081	102	0.012451171875
morgan_0082	63	0.0076904296875
morgan_0083	115	0.0140380859375
morgan_0084	367	0.0447998046875
morgan_0085	37	0.0045166015625
morgan_0086	30	0.003662109375
morgan_0087	139	0.0169677734375
morgan_0088	86	0.010498046875
morgan_0089	149	0.0181884765625
morgan_0090	265	0.0323486328125
morgan_0091	55	0.0067138671875
morgan_0092	173	0.0211181640625
morgan_0093	52	0.00634765625
morgan_0094	390	0.047607421875
morgan_0095	66	0.008056640625
morgan_0096	44	0.00537109375
morgan_0097	142	0.017333984375
morgan_0098	50	0.006103515625
morgan_0099	81	0.0098876953125
morgan_0100	37	0.0045166015625
morgan_0101	43	0.0052490234375
morgan_0102	385	0.0469970703125
morgan_0103	48	0.005859375
morgan_0104	111	0.0135498046875
morgan_0105	113	0.0137939453125
morgan_0106	169	0.0206298828125
morgan_0107	133	0.0162353515625
morgan_0108	125	0.0152587890625
morgan_0109	60	0.00732421875
morgan_0110	104	0.0126953125
morgan_0111	49	0.0059814453125
morgan_0112	55	0.0067138671875
morgan_0113	63	0.0076904296875
morgan_0114	1107	0.1351318359375
morgan_0115	114	0.013916015625
morgan_0116	388	0.04736328125
morgan_0117	448	0.0546875
morgan_0118	232	0.0283203125
morgan_0119	623	0.0760498046875
morgan_0120	50	0.006103515625
morgan_0121	174	0.021240234375
morgan_0122	98	0.011962890625
morgan_0123	38	0.004638671875
morgan_0124	23	0.0028076171875
morgan_0125	81	0.0098876953125
morgan_0126	79	0.0096435546875
morgan_0127	60	0.00732421875
morgan_0128	65	0.0079345703125
morgan_0129	56	0.0068359375
morgan_0130	194	0.023681640625
morgan_0131	78	0.009521484375
morgan_0132	50	0.006103515625
morgan_0133	103	0.0125732421875
morgan_0134	59	0.0072021484375
morgan_0135	44	0.00537109375
morgan_0136	54	0.006591796875
morgan_0137	39	0.0047607421875
morgan_0138	76	0.00927734375
morgan_0139	60	0.00732421875
morgan_0140	615	0.0750732421875
morgan_0141	32	0.00390625
morgan_0142	126	0.015380859375
morgan_0143	65	0.0079345703125
morgan_0144	79	0.0096435546875
morgan_0145	333	0.0406494140625
morgan_0146	79	0.0096435546875
morgan_0147	612	0.07470703125
morgan_0148	57	0.0069580078125
morgan_0149	66	0.008056640625
morgan_0150	79	0.0096435546875
morgan_0151	70	0.008544921875
morgan_0152	49	0.0059814453125
morgan_0153	51	0.0062255859375
morgan_0154	37	0.0045166015625
morgan_0155	123	0.0150146484375
morgan_0156	54	0.006591796875
morgan_0157	198	0.024169921875
morgan_0158	112	0.013671875
morgan_0159	36	0.00439453125
morgan_0160	83	0.0101318359375
morgan_0161	39	0.0047607421875
morgan_0162	293	0.0357666015625
morgan_0163	42	0.005126953125
morgan_0164	117	0.0142822265625
morgan_0165	310	0.037841796875
morgan_0166	55	0.0067138671875
morgan_0167	116	0.01416015625
morgan_0168	104	0.0126953125
morgan_0169	97	0.0118408203125
morgan_0170	42	0.005126953125
morgan_0171	77	0.0093994140625
morgan_0172	68	0.00830078125
morgan_0173	60	0.00732421875
morgan_0174	31	0.0037841796875
morgan_0175	68	0.00830078125
morgan_0176	46	0.005615234375
morgan_0177	60	0.00732421875
morgan_0178	30	0.003662109375
morgan_0179	92	0.01123046875
morgan_0180	76	0.00927734375
morgan_0181	59	0.0072021484375
morgan_0182	145	0.0177001953125
morgan_0183	31	0.0037841796875
morgan_0184	294	0.035888671875
morgan_0185	37	0.0045166015625
morgan_0186	82	0.010009765625
morgan_0187	45	0.0054931640625
morgan_0188	81	0.0098876953125
morgan_0189	75	0.0091552734375
morgan_0190	41	0.0050048828125
morgan_0191	867	0.1058349609375
morgan_0192	230	0.028076171875
morgan_0193	278	0.033935546875
morgan_0194	166	0.020263671875
morgan_0195	35	0.0042724609375
morgan_0196	78	0.009521484375
morgan_0197	521	0.0635986328125
morgan_0198	69	0.0084228515625
morgan_0199	47	0.0057373046875
morgan_0200	39	0.0047607421875
morgan_0201	63	0.0076904296875
morgan_0202	311	0.0379638671875
morgan_0203	165	0.0201416015625
morgan_0204	93	0.0113525390625
morgan_0205	92	0.01123046875
morgan_0206	84	0.01025390625
morgan_0207	364	0.04443359375
morgan_0208	67	0.0081787109375
morgan_0209	115	0.0140380859375
morgan_0210	64	0.0078125
morgan_0211	50	0.006103515625
morgan_0212	38	0.004638671875
morgan_0213	118	0.014404296875
morgan_0214	73	0.0089111328125
morgan_0215	50	0.006103515625
morgan_0216	738	0.090087890625
morgan_0217	69	0.0084228515625
morgan_0218	120	0.0146484375
morgan_0219	53	0.0064697265625
morgan_0220	51	0.0062255859375
morgan_0221	140	0.01708984375
morgan_0222	924	0.11279296875
morgan_0223	36	0.00439453125
morgan_0224	46	0.005615234375
morgan_0225	108	0.01318359375
morgan_0226	52	0.00634765625
morgan_0227	643	0.0784912109375
morgan_0228	36	0.00439453125
morgan_0229	58	0.007080078125
morgan_0230	108	0.01318359375
morgan_0231	578	0.070556640625
morgan_0232	60	0.00732421875
morgan_0233	410	0.050048828125
morgan_0234	46	0.005615234375
morgan_0235	234	0.028564453125
morgan_0236	60	0.00732421875
morgan_0237	257	0.0313720703125
morgan_0238	64	0.0078125
morgan_0239	85	0.0103759765625
morgan_0240	109	0.0133056640625
morgan_0241	86	0.010498046875
morgan_0242	277	0.0338134765625
morgan_0243	93	0.0113525390625
morgan_0244	40	0.0048828125
morgan_0245	166	0.020263671875
morgan_0246	63	0.0076904296875
morgan_0247	28	0.00341796875
morgan_0248	179	0.0218505859375
morgan_0249	718	0.087646484375
morgan_0250	74	0.009033203125
morgan_0251	248	0.0302734375
morgan_0252	237	0.0289306640625
morgan_0253	95	0.0115966796875
morgan_0254	49	0.0059814453125
morgan_0255	329	0.0401611328125
morgan_0256	33	0.0040283203125
morgan_0257	109	0.0133056640625
morgan_0258	37	0.0045166015625
morgan_0259	104	0.0126953125
morgan_0260	84	0.01025390625
morgan_0261	45	0.0054931640625
morgan_0262	136	0.0166015625
morgan_0263	76	0.00927734375
morgan_0264	47	0.0057373046875
morgan_0265	133	0.0162353515625
morgan_0266	39	0.0047607421875
morgan_0267	97	0.0118408203125
morgan_0268	85	0.0103759765625
morgan_0269	60	0.00732421875
morgan_0270	131	0.0159912109375
morgan_0271	75	0.0091552734375
morgan_0272	75	0.0091552734375
morgan_0273	95	0.0115966796875
morgan_0274	43	0.0052490234375
morgan_0275	65	0.0079345703125
morgan_0276	119	0.0145263671875
morgan_0277	94	0.011474609375
morgan_0278	71	0.0086669921875
morgan_0279	36	0.00439453125
morgan_0280	68	0.00830078125
morgan_0281	124	0.01513671875
morgan_0282	101	0.0123291015625
morgan_0283	1189	0.1451416015625
morgan_0284	158	0.019287109375
morgan_0285	62	0.007568359375
morgan_0286	50	0.006103515625
morgan_0287	44	0.00537109375
morgan_0288	69	0.0084228515625
morgan_0289	371	0.0452880859375
morgan_0290	46	0.005615234375
morgan_0291	57	0.0069580078125
morgan_0292	48	0.005859375
morgan_0293	57	0.0069580078125
morgan_0294	1391	0.1697998046875
morgan_0295	101	0.0123291015625
morgan_0296	91	0.0111083984375
morgan_0297	74	0.009033203125
morgan_0298	82	0.010009765625
morgan_0299	47	0.0057373046875
morgan_0300	40	0.0048828125
morgan_0301	192	0.0234375
morgan_0302	39	0.0047607421875
morgan_0303	37	0.0045166015625
morgan_0304	57	0.0069580078125
morgan_0305	400	0.048828125
morgan_0306	42	0.005126953125
morgan_0307	126	0.015380859375
morgan_0308	52	0.00634765625
morgan_0309	180	0.02197265625
morgan_0310	827	0.1009521484375
morgan_0311	63	0.0076904296875
morgan_0312	60	0.00732421875
morgan_0313	114	0.013916015625
morgan_0314	2354	0.287353515625
morgan_0315	172	0.02099609375
morgan_0316	80	0.009765625
morgan_0317	120	0.0146484375
morgan_0318	125	0.0152587890625
morgan_0319	420	0.05126953125
morgan_0320	34	0.004150390625
morgan_0321	49	0.0059814453125
morgan_0322	972	0.11865234375
morgan_0323	301	0.0367431640625
morgan_0324	41	0.0050048828125
morgan_0325	189	0.0230712890625
morgan_0326	85	0.0103759765625
morgan_0327	107	0.0130615234375
morgan_0328	171	0.0208740234375
morgan_0329	225	0.0274658203125
morgan_0330	37	0.0045166015625
morgan_0331	70	0.008544921875
morgan_0332	64	0.0078125
morgan_0333	234	0.028564453125
morgan_0334	122	0.014892578125
morgan_0335	266	0.032470703125
morgan_0336	44	0.00537109375
morgan_0337	27	0.0032958984375
morgan_0338	145	0.0177001953125
morgan_0339	116	0.01416015625
morgan_0340	60	0.00732421875
morgan_0341	104	0.0126953125
morgan_0342	63	0.0076904296875
morgan_0343	134	0.016357421875
morgan_0344	90	0.010986328125
morgan_0345	115	0.0140380859375
morgan_0346	40	0.0048828125
morgan_0347	49	0.0059814453125
morgan_0348	71	0.0086669921875
morgan_0349	61	0.0074462890625
morgan_0350	879	0.1072998046875
morgan_0351	109	0.0133056640625
morgan_0352	913	0.1114501953125
morgan_0353	57	0.0069580078125
morgan_0354	157	0.0191650390625
morgan_0355	71	0.0086669921875
morgan_0356	37	0.0045166015625
morgan_0357	77	0.0093994140625
morgan_0358	46	0.005615234375
morgan_0359	71	0.0086669921875
morgan_0360	65	0.0079345703125
morgan_0361	405	0.0494384765625
morgan_0362	91	0.0111083984375
morgan_0363	97	0.0118408203125
morgan_0364	127	0.0155029296875
morgan_0365	59	0.0072021484375
morgan_0366	622	0.075927734375
morgan_0367	59	0.0072021484375
morgan_0368	81	0.0098876953125
morgan_0369	99	0.0120849609375
morgan_0370	108	0.01318359375
morgan_0371	182	0.022216796875
morgan_0372	61	0.0074462890625
morgan_0373	105	0.0128173828125
morgan_0374	52	0.00634765625
morgan_0375	41	0.0050048828125
morgan_0376	73	0.0089111328125
morgan_0377	80	0.009765625
morgan_0378	3307	0.4036865234375
morgan_0379	66	0.008056640625
morgan_0380	90	0.010986328125
morgan_0381	305	0.0372314453125
morgan_0382	22	0.002685546875
morgan_0383	283	0.0345458984375
morgan_0384	107	0.0130615234375
morgan_0385	132	0.01611328125
morgan_0386	40	0.0048828125
morgan_0387	402	0.049072265625
morgan_0388	33	0.0040283203125
morgan_0389	2479	0.3026123046875
morgan_0390	62	0.007568359375
morgan_0391	35	0.0042724609375
morgan_0392	669	0.0816650390625
morgan_0393	29	0.0035400390625
morgan_0394	119	0.0145263671875
morgan_0395	63	0.0076904296875
morgan_0396	43	0.0052490234375
morgan_0397	94	0.011474609375
morgan_0398	33	0.0040283203125
morgan_0399	26	0.003173828125
morgan_0400	77	0.0093994140625
morgan_0401	225	0.0274658203125
morgan_0402	38	0.004638671875
morgan_0403	50	0.006103515625
morgan_0404	56	0.0068359375
morgan_0405	60	0.00732421875
morgan_0406	63	0.0076904296875
morgan_0407	562	0.068603515625
morgan_0408	139	0.0169677734375
morgan_0409	156	0.01904296875
morgan_0410	55	0.0067138671875
morgan_0411	62	0.007568359375
morgan_0412	118	0.014404296875
morgan_0413	57	0.0069580078125
morgan_0414	104	0.0126953125
morgan_0415	36	0.00439453125
morgan_0416	24	0.0029296875
morgan_0417	31	0.0037841796875
morgan_0418	59	0.0072021484375
morgan_0419	252	0.03076171875
morgan_0420	52	0.00634765625
morgan_0421	31	0.0037841796875
morgan_0422	64	0.0078125
morgan_0423	72	0.0087890625
morgan_0424	103	0.0125732421875
morgan_0425	103	0.0125732421875
morgan_0426	89	0.0108642578125
morgan_0427	95	0.0115966796875
morgan_0428	180	0.02197265625
morgan_0429	47	0.0057373046875
morgan_0430	153	0.0186767578125
morgan_0431	79	0.0096435546875
morgan_0432	107	0.0130615234375
morgan_0433	32	0.00390625
morgan_0434	52	0.00634765625
morgan_0435	53	0.0064697265625
morgan_0436	24	0.0029296875
morgan_0437	156	0.01904296875
morgan_0438	58	0.007080078125
morgan_0439	42	0.005126953125
morgan_0440	145	0.0177001953125
morgan_0441	316	0.03857421875
morgan_0442	54	0.006591796875
morgan_0443	45	0.0054931640625
morgan_0444	73	0.0089111328125
morgan_0445	60	0.00732421875
morgan_0446	227	0.0277099609375
morgan_0447	39	0.0047607421875
morgan_0448	297	0.0362548828125
morgan_0449	47	0.0057373046875
morgan_0450	32	0.00390625
morgan_0451	51	0.0062255859375
morgan_0452	44	0.00537109375
morgan_0453	94	0.011474609375
morgan_0454	112	0.013671875
morgan_0455	139	0.0169677734375
morgan_0456	372	0.04541015625
morgan_0457	110	0.013427734375
morgan_0458	274	0.033447265625
morgan_0459	64	0.0078125
morgan_0460	87	0.0106201171875
morgan_0461	165	0.0201416015625
morgan_0462	42	0.005126953125
morgan_0463	115	0.0140380859375
morgan_0464	376	0.0458984375
morgan_0465	51	0.0062255859375
morgan_0466	43	0.0052490234375
morgan_0467	25	0.0030517578125
morgan_0468	38	0.004638671875
morgan_0469	97	0.0118408203125
morgan_0470	229	0.0279541015625
morgan_0471	147	0.0179443359375
morgan_0472	60	0.00732421875
morgan_0473	258	0.031494140625
morgan_0474	84	0.01025390625
morgan_0475	65	0.0079345703125
morgan_0476	76	0.00927734375
morgan_0477	31	0.0037841796875
morgan_0478	128	0.015625
morgan_0479	165	0.0201416015625
morgan_0480	31	0.0037841796875
morgan_0481	88	0.0107421875
morgan_0482	219	0.0267333984375
morgan_0483	28	0.00341796875
morgan_0484	127	0.0155029296875
morgan_0485	97	0.0118408203125
morgan_0486	1065	0.1300048828125
morgan_0487	53	0.0064697265625
morgan_0488	87	0.0106201171875
morgan_0489	417	0.0509033203125
morgan_0490	156	0.01904296875
morgan_0491	475	0.0579833984375
morgan_0492	41	0.0050048828125
morgan_0493	90	0.010986328125
morgan_0494	84	0.01025390625
morgan_0495	84	0.01025390625
morgan_0496	91	0.0111083984375
morgan_0497	130	0.015869140625
morgan_0498	17	0.0020751953125
morgan_0499	58	0.007080078125
morgan_0500	71	0.0086669921875
morgan_0501	109	0.0133056640625
morgan_0502	216	0.0263671875
morgan_0503	81	0.0098876953125
morgan_0504	364	0.04443359375
morgan_0505	49	0.0059814453125
morgan_0506	50	0.006103515625
morgan_0507	240	0.029296875
morgan_0508	77	0.0093994140625
morgan_0509	35	0.0042724609375
morgan_0510	68	0.00830078125
morgan_0511	104	0.0126953125
morgan_0512	33	0.0040283203125
morgan_0513	46	0.005615234375
morgan_0514	62	0.007568359375
morgan_0515	66	0.008056640625
morgan_0516	71	0.0086669921875
morgan_0517	46	0.005615234375
morgan_0518	24	0.0029296875
morgan_0519	286	0.034912109375
morgan_0520	42	0.005126953125
morgan_0521	153	0.0186767578125
morgan_0522	61	0.0074462890625
morgan_0523	317	0.0386962890625
morgan_0524	146	0.017822265625
morgan_0525	188	0.02294921875
morgan_0526	198	0.024169921875
morgan_0527	176	0.021484375
morgan_0528	136	0.0166015625
morgan_0529	184	0.0224609375
morgan_0530	55	0.0067138671875
morgan_0531	125	0.0152587890625
morgan_0532	61	0.0074462890625
morgan_0533	131	0.0159912109375
morgan_0534	58	0.007080078125
morgan_0535	41	0.0050048828125
morgan_0536	28	0.00341796875
morgan_0537	19	0.0023193359375
morgan_0538	38	0.004638671875
morgan_0539	51	0.0062255859375
morgan_0540	71	0.0086669921875
morgan_0541	80	0.009765625
morgan_0542	72	0.0087890625
morgan_0543	48	0.005859375
morgan_0544	181	0.0220947265625
morgan_0545	47	0.0057373046875
morgan_0546	75	0.0091552734375
morgan_0547	225	0.0274658203125
morgan_0548	134	0.016357421875
morgan_0549	77	0.0093994140625
morgan_0550	127	0.0155029296875
morgan_0551	52	0.00634765625
morgan_0552	325	0.0396728515625
morgan_0553	39	0.0047607421875
morgan_0554	117	0.0142822265625
morgan_0555	201	0.0245361328125
morgan_0556	197	0.0240478515625
morgan_0557	66	0.008056640625
morgan_0558	102	0.012451171875
morgan_0559	105	0.0128173828125
morgan_0560	54	0.006591796875
morgan_0561	1201	0.1466064453125
morgan_0562	278	0.033935546875
morgan_0563	67	0.0081787109375
morgan_0564	247	0.0301513671875
morgan_0565	62	0.007568359375
morgan_0566	45	0.0054931640625
morgan_0567	59	0.0072021484375
morgan_0568	32	0.00390625
morgan_0569	57	0.0069580078125
morgan_0570	42	0.005126953125
morgan_0571	74	0.009033203125
morgan_0572	29	0.0035400390625
morgan_0573	442	0.053955078125
morgan_0574	61	0.0074462890625
morgan_0575	147	0.0179443359375
morgan_0576	92	0.01123046875
morgan_0577	270	0.032958984375
morgan_0578	51	0.0062255859375
morgan_0579	52	0.00634765625
morgan_0580	65	0.0079345703125
morgan_0581	68	0.00830078125
morgan_0582	83	0.0101318359375
morgan_0583	63	0.0076904296875
morgan_0584	76	0.00927734375
morgan_0585	199	0.0242919921875
morgan_0586	225	0.0274658203125
morgan_0587	99	0.0120849609375
morgan_0588	145	0.0177001953125
morgan_0589	121	0.0147705078125
morgan_0590	195	0.0238037109375
morgan_0591	371	0.0452880859375
morgan_0592	318	0.038818359375
morgan_0593	53	0.0064697265625
morgan_0594	50	0.006103515625
morgan_0595	61	0.0074462890625
morgan_0596	30	0.003662109375
morgan_0597	100	0.01220703125
morgan_0598	239	0.0291748046875
morgan_0599	51	0.0062255859375
morgan_0600	144	0.017578125
morgan_0601	55	0.0067138671875
morgan_0602	93	0.0113525390625
morgan_0603	94	0.011474609375
morgan_0604	48	0.005859375
morgan_0605	75	0.0091552734375
morgan_0606	307	0.0374755859375
morgan_0607	65	0.0079345703125
morgan_0608	84	0.01025390625
morgan_0609	163	0.0198974609375
morgan_0610	289	0.0352783203125
morgan_0611	87	0.0106201171875
morgan_0612	83	0.0101318359375
morgan_0613	65	0.0079345703125
morgan_0614	85	0.0103759765625
morgan_0615	63	0.0076904296875
morgan_0616	36	0.00439453125
morgan_0617	41	0.0050048828125
morgan_0618	63	0.0076904296875
morgan_0619	66	0.008056640625
morgan_0620	108	0.01318359375
morgan_0621	57	0.0069580078125
morgan_0622	280	0.0341796875
morgan_0623	238	0.029052734375
morgan_0624	155	0.0189208984375
morgan_0625	74	0.009033203125
morgan_0626	93	0.0113525390625
morgan_0627	25	0.0030517578125
morgan_0628	105	0.0128173828125
morgan_0629	122	0.014892578125
morgan_0630	73	0.0089111328125
morgan_0631	47	0.0057373046875
morgan_0632	85	0.0103759765625
morgan_0633	42	0.005126953125
morgan_0634	80	0.009765625
morgan_0635	78	0.009521484375
morgan_0636	72	0.0087890625
morgan_0637	137	0.0167236328125
morgan_0638	160	0.01953125
morgan_0639	92	0.01123046875
morgan_0640	98	0.011962890625
morgan_0641	83	0.0101318359375
morgan_0642	38	0.004638671875
morgan_0643	43	0.0052490234375
morgan_0644	69	0.0084228515625
morgan_0645	65	0.0079345703125
morgan_0646	43	0.0052490234375
morgan_0647	92	0.01123046875
morgan_0648	24	0.0029296875
morgan_0649	136	0.0166015625
morgan_0650	6252	0.76318359375
morgan_0651	42	0.005126953125
morgan_0652	325	0.0396728515625
morgan_0653	240	0.029296875
morgan_0654	122	0.014892578125
morgan_0655	39	0.0047607421875
morgan_0656	2015	0.2459716796875
morgan_0657	59	0.0072021484375
morgan_0658	165	0.0201416015625
morgan_0659	31	0.0037841796875
morgan_0660	41	0.0050048828125
morgan_0661	142	0.017333984375
morgan_0662	60	0.00732421875
morgan_0663	36	0.00439453125
morgan_0664	117	0.0142822265625
morgan_0665	24	0.0029296875
morgan_0666	191	0.0233154296875
morgan_0667	593	0.0723876953125
morgan_0668	33	0.0040283203125
morgan_0669	38	0.004638671875
morgan_0670	45	0.0054931640625
morgan_0671	56	0.0068359375
morgan_0672	35	0.0042724609375
morgan_0673	185	0.0225830078125
morgan_0674	455	0.0555419921875
morgan_0675	937	0.1143798828125
morgan_0676	73	0.0089111328125
morgan_0677	124	0.01513671875
morgan_0678	102	0.012451171875
morgan_0679	441	0.0538330078125
morgan_0680	301	0.0367431640625
morgan_0681	35	0.0042724609375
morgan_0682	111	0.0135498046875
morgan_0683	35	0.0042724609375
morgan_0684	203	0.0247802734375
morgan_0685	34	0.004150390625
morgan_0686	33	0.0040283203125
morgan_0687	264	0.0322265625
morgan_0688	48	0.005859375
morgan_0689	227	0.0277099609375
morgan_0690	141	0.0172119140625
morgan_0691	110	0.013427734375
morgan_0692	260	0.03173828125
morgan_0693	176	0.021484375
morgan_0694	1041	0.1270751953125
morgan_0695	3137	0.3829345703125
morgan_0696	58	0.007080078125
morgan_0697	77	0.0093994140625
morgan_0698	68	0.00830078125
morgan_0699	831	0.1014404296875
morgan_0700	61	0.0074462890625
morgan_0701	76	0.00927734375
morgan_0702	110	0.013427734375
morgan_0703	244	0.02978515625
morgan_0704	43	0.0052490234375
morgan_0705	34	0.004150390625
morgan_0706	110	0.013427734375
morgan_0707	52	0.00634765625
morgan_0708	348	0.04248046875
morgan_0709	37	0.0045166015625
morgan_0710	69	0.0084228515625
morgan_0711	105	0.0128173828125
morgan_0712	62	0.007568359375
morgan_0713	278	0.033935546875
morgan_0714	77	0.0093994140625
morgan_0715	802	0.097900390625
morgan_0716	176	0.021484375
morgan_0717	40	0.0048828125
morgan_0718	760	0.0927734375
morgan_0719	43	0.0052490234375
morgan_0720	63	0.0076904296875
morgan_0721	90	0.010986328125
morgan_0722	163	0.0198974609375
morgan_0723	75	0.0091552734375
morgan_0724	200	0.0244140625
morgan_0725	369	0.0450439453125
morgan_0726	97	0.0118408203125
morgan_0727	45	0.0054931640625
morgan_0728	256	0.03125
morgan_0729	75	0.0091552734375
morgan_0730	46	0.005615234375
morgan_0731	59	0.0072021484375
morgan_0732	66	0.008056640625
morgan_0733	59	0.0072021484375
morgan_0734	88	0.0107421875
morgan_0735	70	0.008544921875
morgan_0736	463	0.0565185546875
morgan_0737	56	0.0068359375
morgan_0738	172	0.02099609375
morgan_0739	797	0.0972900390625
morgan_0740	35	0.0042724609375
morgan_0741	41	0.0050048828125
morgan_0742	68	0.00830078125
morgan_0743	81	0.0098876953125
morgan_0744	145	0.0177001953125
morgan_0745	651	0.0794677734375
morgan_0746	27	0.0032958984375
morgan_0747	183	0.0223388671875
morgan_0748	83	0.0101318359375
morgan_0749	116	0.01416015625
morgan_0750	485	0.0592041015625
morgan_0751	97	0.0118408203125
morgan_0752	55	0.0067138671875
morgan_0753	381	0.0465087890625
morgan_0754	63	0.0076904296875
morgan_0755	112	0.013671875
morgan_0756	18	0.002197265625
morgan_0757	70	0.008544921875
morgan_0758	131	0.0159912109375
morgan_0759	168	0.0205078125
morgan_0760	158	0.019287109375
morgan_0761	10	0.001220703125
morgan_0762	94	0.011474609375
morgan_0763	57	0.0069580078125
morgan_0764	61	0.0074462890625
morgan_0765	48	0.005859375
morgan_0766	80	0.009765625
morgan_0767	65	0.0079345703125
morgan_0768	43	0.0052490234375
morgan_0769	78	0.009521484375
morgan_0770	85	0.0103759765625
morgan_0771	124	0.01513671875
morgan_0772	111	0.0135498046875
morgan_0773	44	0.00537109375
morgan_0774	77	0.0093994140625
morgan_0775	93	0.0113525390625
morgan_0776	24	0.0029296875
morgan_0777	63	0.0076904296875
morgan_0778	39	0.0047607421875
morgan_0779	45	0.0054931640625
morgan_0780	190	0.023193359375
morgan_0781	409	0.0499267578125
morgan_0782	156	0.01904296875
morgan_0783	62	0.007568359375
morgan_0784	188	0.02294921875
morgan_0785	207	0.0252685546875
morgan_0786	315	0.0384521484375
morgan_0787	470	0.057373046875
morgan_0788	30	0.003662109375
morgan_0789	70	0.008544921875
morgan_0790	472	0.0576171875
morgan_0791	46	0.005615234375
morgan_0792	60	0.00732421875
morgan_0793	27	0.0032958984375
morgan_0794	535	0.0653076171875
morgan_0795	96	0.01171875
morgan_0796	78	0.009521484375
morgan_0797	89	0.0108642578125
morgan_0798	245	0.0299072265625
morgan_0799	32	0.00390625
morgan_0800	148	0.01806640625
morgan_0801	35	0.0042724609375
morgan_0802	438	0.053466796875
morgan_0803	150	0.018310546875
morgan_0804	162	0.019775390625
morgan_0805	50	0.006103515625
morgan_0806	431	0.0526123046875
morgan_0807	6218	0.759033203125
morgan_0808	51	0.0062255859375
morgan_0809	407	0.0496826171875
morgan_0810	46	0.005615234375
morgan_0811	91	0.0111083984375
morgan_0812	58	0.007080078125
morgan_0813	96	0.01171875
morgan_0814	62	0.007568359375
morgan_0815	100	0.01220703125
morgan_0816	510	0.062255859375
morgan_0817	27	0.0032958984375
morgan_0818	34	0.004150390625
morgan_0819	121	0.0147705078125
morgan_0820	82	0.010009765625
morgan_0821	24	0.0029296875
morgan_0822	20	0.00244140625
morgan_0823	100	0.01220703125
morgan_0824	75	0.0091552734375
morgan_0825	35	0.0042724609375
morgan_0826	68	0.00830078125
morgan_0827	91	0.0111083984375
morgan_0828	92	0.01123046875
morgan_0829	95	0.0115966796875
morgan_0830	21	0.0025634765625
morgan_0831	160	0.01953125
morgan_0832	174	0.021240234375
morgan_0833	208	0.025390625
morgan_0834	144	0.017578125
morgan_0835	262	0.031982421875
morgan_0836	76	0.00927734375
morgan_0837	123	0.0150146484375
morgan_0838	286	0.034912109375
morgan_0839	68	0.00830078125
morgan_0840	92	0.01123046875
morgan_0841	1438	0.175537109375
morgan_0842	67	0.0081787109375
morgan_0843	673	0.0821533203125
morgan_0844	95	0.0115966796875
morgan_0845	93	0.0113525390625
morgan_0846	111	0.0135498046875
morgan_0847	171	0.0208740234375
morgan_0848	56	0.0068359375
morgan_0849	271	0.0330810546875
morgan_0850	101	0.0123291015625
morgan_0851	24	0.0029296875
morgan_0852	84	0.01025390625
morgan_0853	35	0.0042724609375
morgan_0854	80	0.009765625
morgan_0855	197	0.0240478515625
morgan_0856	59	0.0072021484375
morgan_0857	208	0.025390625
morgan_0858	85	0.0103759765625
morgan_0859	139	0.0169677734375
morgan_0860	78	0.009521484375
morgan_0861	61	0.0074462890625
morgan_0862	141	0.0172119140625
morgan_0863	40	0.0048828125
morgan_0864	90	0.010986328125
morgan_0865	94	0.011474609375
morgan_0866	60	0.00732421875
morgan_0867	34	0.004150390625
morgan_0868	29	0.0035400390625
morgan_0869	131	0.0159912109375
morgan_0870	43	0.0052490234375
morgan_0871	64	0.0078125
morgan_0872	135	0.0164794921875
morgan_0873	60	0.00732421875
morgan_0874	37	0.0045166015625
morgan_0875	3552	0.43359375
morgan_0876	82	0.010009765625
morgan_0877	28	0.00341796875
morgan_0878	257	0.0313720703125
morgan_0879	205	0.0250244140625
morgan_0880	116	0.01416015625
morgan_0881	1057	0.1290283203125
morgan_0882	183	0.0223388671875
morgan_0883	168	0.0205078125
morgan_0884	137	0.0167236328125
morgan_0885	152	0.0185546875
morgan_0886	68	0.00830078125
morgan_0887	42	0.005126953125
morgan_0888	317	0.0386962890625
morgan_0889	99	0.0120849609375
morgan_0890	366	0.044677734375
morgan_0891	50	0.006103515625
morgan_0892	137	0.0167236328125
morgan_0893	207	0.0252685546875
morgan_0894	72	0.0087890625
morgan_0895	110	0.013427734375
morgan_0896	697	0.0850830078125
morgan_0897	92	0.01123046875
morgan_0898	167	0.0203857421875
morgan_0899	104	0.0126953125
morgan_0900	54	0.006591796875
morgan_0901	87	0.0106201171875
morgan_0902	62	0.007568359375
morgan_0903	68	0.00830078125
morgan_0904	57	0.0069580078125
morgan_0905	54	0.006591796875
morgan_0906	107	0.0130615234375
morgan_0907	26	0.003173828125
morgan_0908	82	0.010009765625
morgan_0909	147	0.0179443359375
morgan_0910	111	0.0135498046875
morgan_0911	94	0.011474609375
morgan_0912	34	0.004150390625
morgan_0913	149	0.0181884765625
morgan_0914	103	0.0125732421875
morgan_0915	137	0.0167236328125
morgan_0916	53	0.0064697265625
morgan_0917	133	0.0162353515625
morgan_0918	134	0.016357421875
morgan_0919	27	0.0032958984375
morgan_0920	47	0.0057373046875
morgan_0921	67	0.0081787109375
morgan_0922	113	0.0137939453125
morgan_0923	19	0.0023193359375
morgan_0924	33	0.0040283203125
morgan_0925	63	0.0076904296875
morgan_0926	4298	0.524658203125
morgan_0927	114	0.013916015625
morgan_0928	40	0.0048828125
morgan_0929	78	0.009521484375
morgan_0930	113	0.0137939453125
morgan_0931	101	0.0123291015625
morgan_0932	475	0.0579833984375
morgan_0933	59	0.0072021484375
morgan_0934	60	0.00732421875
morgan_0935	3616	0.44140625
morgan_0936	113	0.0137939453125
morgan_0937	154	0.018798828125
morgan_0938	51	0.0062255859375
morgan_0939	32	0.00390625
morgan_0940	237	0.0289306640625
morgan_0941	135	0.0164794921875
morgan_0942	130	0.015869140625
morgan_0943	36	0.00439453125
morgan_0944	84	0.01025390625
morgan_0945	65	0.0079345703125
morgan_0946	64	0.0078125
morgan_0947	190	0.023193359375
morgan_0948	33	0.0040283203125
morgan_0949	139	0.0169677734375
morgan_0950	440	0.0537109375
morgan_0951	55	0.0067138671875
morgan_0952	44	0.00537109375
morgan_0953	128	0.015625
morgan_0954	77	0.0093994140625
morgan_0955	156	0.01904296875
morgan_0956	26	0.003173828125
morgan_0957	76	0.00927734375
morgan_0958	63	0.0076904296875
morgan_0959	92	0.01123046875
morgan_0960	152	0.0185546875
morgan_0961	279	0.0340576171875
morgan_0962	83	0.0101318359375
morgan_0963	57	0.0069580078125
morgan_0964	86	0.010498046875
morgan_0965	81	0.0098876953125
morgan_0966	82	0.010009765625
morgan_0967	154	0.018798828125
morgan_0968	43	0.0052490234375
morgan_0969	47	0.0057373046875
morgan_0970	118	0.014404296875
morgan_0971	51	0.0062255859375
morgan_0972	31	0.0037841796875
morgan_0973	115	0.0140380859375
morgan_0974	360	0.0439453125
morgan_0975	97	0.0118408203125
morgan_0976	156	0.01904296875
morgan_0977	57	0.0069580078125
morgan_0978	199	0.0242919921875
morgan_0979	87	0.0106201171875
morgan_0980	407	0.0496826171875
morgan_0981	238	0.029052734375
morgan_0982	60	0.00732421875
morgan_0983	94	0.011474609375
morgan_0984	416	0.05078125
morgan_0985	64	0.0078125
morgan_0986	30	0.003662109375
morgan_0987	146	0.017822265625
morgan_0988	56	0.0068359375
morgan_0989	102	0.012451171875
morgan_0990	81	0.0098876953125
morgan_0991	78	0.009521484375
morgan_0992	99	0.0120849609375
morgan_0993	96	0.01171875
morgan_0994	55	0.0067138671875
morgan_0995	32	0.00390625
morgan_0996	52	0.00634765625
morgan_0997	78	0.009521484375
morgan_0998	148	0.01806640625
morgan_0999	74	0.009033203125
morgan_1000	46	0.005615234375
morgan_1001	56	0.0068359375
morgan_1002	64	0.0078125
morgan_1003	67	0.0081787109375
morgan_1004	297	0.0362548828125
morgan_1005	150	0.018310546875
morgan_1006	53	0.0064697265625
morgan_1007	68	0.00830078125
morgan_1008	83	0.0101318359375
morgan_1009	249	0.0303955078125
morgan_1010	47	0.0057373046875
morgan_1011	162	0.019775390625
morgan_1012	22	0.002685546875
morgan_1013	115	0.0140380859375
morgan_1014	108	0.01318359375
morgan_1015	73	0.0089111328125
morgan_1016	28	0.00341796875
morgan_1017	677	0.0826416015625
morgan_1018	50	0.006103515625
morgan_1019	3432	0.4189453125
morgan_1020	64	0.0078125
morgan_1021	51	0.0062255859375
morgan_1022	67	0.0081787109375
morgan_1023	43	0.0052490234375
morgan_1024	111	0.0135498046875
morgan_1025	138	0.016845703125
morgan_1026	72	0.0087890625
morgan_1027	474	0.057861328125
morgan_1028	1117	0.1363525390625
morgan_1029	68	0.00830078125
morgan_1030	46	0.005615234375
morgan_1031	47	0.0057373046875
morgan_1032	136	0.0166015625
morgan_1033	80	0.009765625
morgan_1034	349	0.0426025390625
morgan_1035	372	0.04541015625
morgan_1036	92	0.01123046875
morgan_1037	132	0.01611328125
morgan_1038	57	0.0069580078125
morgan_1039	1206	0.147216796875
morgan_1040	46	0.005615234375
morgan_1041	58	0.007080078125
morgan_1042	39	0.0047607421875
morgan_1043	276	0.03369140625
morgan_1044	48	0.005859375
morgan_1045	198	0.024169921875
morgan_1046	50	0.006103515625
morgan_1047	220	0.02685546875
morgan_1048	63	0.0076904296875
morgan_1049	170	0.020751953125
morgan_1050	106	0.012939453125
morgan_1051	49	0.0059814453125
morgan_1052	24	0.0029296875
morgan_1053	68	0.00830078125
morgan_1054	40	0.0048828125
morgan_1055	83	0.0101318359375
morgan_1056	153	0.0186767578125
morgan_1057	5843	0.7132568359375
morgan_1058	95	0.0115966796875
morgan_1059	47	0.0057373046875
morgan_1060	1752	0.2138671875
morgan_1061	79	0.0096435546875
morgan_1062	46	0.005615234375
morgan_1063	182	0.022216796875
morgan_1064	32	0.00390625
morgan_1065	135	0.0164794921875
morgan_1066	603	0.0736083984375
morgan_1067	52	0.00634765625
morgan_1068	55	0.0067138671875
morgan_1069	37	0.0045166015625
morgan_1070	543	0.0662841796875
morgan_1071	81	0.0098876953125
morgan_1072	31	0.0037841796875
morgan_1073	82	0.010009765625
morgan_1074	56	0.0068359375
morgan_1075	103	0.0125732421875
morgan_1076	56	0.0068359375
morgan_1077	345	0.0421142578125
morgan_1078	38	0.004638671875
morgan_1079	43	0.0052490234375
morgan_1080	73	0.0089111328125
morgan_1081	47	0.0057373046875
morgan_1082	87	0.0106201171875
morgan_1083	200	0.0244140625
morgan_1084	41	0.0050048828125
morgan_1085	125	0.0152587890625
morgan_1086	80	0.009765625
morgan_1087	271	0.0330810546875
morgan_1088	3750	0.457763671875
morgan_1089	161	0.0196533203125
morgan_1090	41	0.0050048828125
morgan_1091	51	0.0062255859375
morgan_1092	37	0.0045166015625
morgan_1093	78	0.009521484375
morgan_1094	42	0.005126953125
morgan_1095	190	0.023193359375
morgan_1096	178	0.021728515625
morgan_1097	745	0.0909423828125
morgan_1098	56	0.0068359375
morgan_1099	325	0.0396728515625
morgan_1100	39	0.0047607421875
morgan_1101	311	0.0379638671875
morgan_1102	100	0.01220703125
morgan_1103	27	0.0032958984375
morgan_1104	245	0.0299072265625
morgan_1105	104	0.0126953125
morgan_1106	71	0.0086669921875
morgan_1107	77	0.0093994140625
morgan_1108	68	0.00830078125
morgan_1109	92	0.01123046875
morgan_1110	196	0.02392578125
morgan_1111	50	0.006103515625
morgan_1112	48	0.005859375
morgan_1113	24	0.0029296875
morgan_1114	1776	0.216796875
morgan_1115	38	0.004638671875
morgan_1116	58	0.007080078125
morgan_1117	23	0.0028076171875
morgan_1118	91	0.0111083984375
morgan_1119	76	0.00927734375
morgan_1120	179	0.0218505859375
morgan_1121	75	0.0091552734375
morgan_1122	72	0.0087890625
morgan_1123	63	0.0076904296875
morgan_1124	39	0.0047607421875
morgan_1125	73	0.0089111328125
morgan_1126	330	0.040283203125
morgan_1127	42	0.005126953125
morgan_1128	206	0.025146484375
morgan_1129	77	0.0093994140625
morgan_1130	65	0.0079345703125
morgan_1131	17	0.0020751953125
morgan_1132	53	0.0064697265625
morgan_1133	51	0.0062255859375
morgan_1134	76	0.00927734375
morgan_1135	78	0.009521484375
morgan_1136	338	0.041259765625
morgan_1137	54	0.006591796875
morgan_1138	160	0.01953125
morgan_1139	64	0.0078125
morgan_1140	59	0.0072021484375
morgan_1141	130	0.015869140625
morgan_1142	88	0.0107421875
morgan_1143	334	0.040771484375
morgan_1144	40	0.0048828125
morgan_1145	1290	0.157470703125
morgan_1146	77	0.0093994140625
morgan_1147	191	0.0233154296875
morgan_1148	105	0.0128173828125
morgan_1149	129	0.0157470703125
morgan_1150	119	0.0145263671875
morgan_1151	31	0.0037841796875
morgan_1152	3385	0.4132080078125
morgan_1153	128	0.015625
morgan_1154	488	0.0595703125
morgan_1155	130	0.015869140625
morgan_1156	37	0.0045166015625
morgan_1157	179	0.0218505859375
morgan_1158	147	0.0179443359375
morgan_1159	51	0.0062255859375
morgan_1160	1028	0.12548828125
morgan_1161	42	0.005126953125
morgan_1162	793	0.0968017578125
morgan_1163	594	0.072509765625
morgan_1164	231	0.0281982421875
morgan_1165	47	0.0057373046875
morgan_1166	33	0.0040283203125
morgan_1167	127	0.0155029296875
morgan_1168	231	0.0281982421875
morgan_1169	53	0.0064697265625
morgan_1170	44	0.00537109375
morgan_1171	1857	0.2266845703125
morgan_1172	69	0.0084228515625
morgan_1173	59	0.0072021484375
morgan_1174	75	0.0091552734375
morgan_1175	72	0.0087890625
morgan_1176	126	0.015380859375
morgan_1177	46	0.005615234375
morgan_1178	32	0.00390625
morgan_1179	68	0.00830078125
morgan_1180	39	0.0047607421875
morgan_1181	220	0.02685546875
morgan_1182	145	0.0177001953125
morgan_1183	32	0.00390625
morgan_1184	121	0.0147705078125
morgan_1185	75	0.0091552734375
morgan_1186	63	0.0076904296875
morgan_1187	63	0.0076904296875
morgan_1188	42	0.005126953125
morgan_1189	42	0.005126953125
morgan_1190	86	0.010498046875
morgan_1191	45	0.0054931640625
morgan_1192	47	0.0057373046875
morgan_1193	47	0.0057373046875
morgan_1194	86	0.010498046875
morgan_1195	255	0.0311279296875
morgan_1196	72	0.0087890625
morgan_1197	94	0.011474609375
morgan_1198	44	0.00537109375
morgan_1199	2650	0.323486328125
morgan_1200	77	0.0093994140625
morgan_1201	53	0.0064697265625
morgan_1202	39	0.0047607421875
morgan_1203	97	0.0118408203125
morgan_1204	70	0.008544921875
morgan_1205	107	0.0130615234375
morgan_1206	142	0.017333984375
morgan_1207	39	0.0047607421875
morgan_1208	168	0.0205078125
morgan_1209	131	0.0159912109375
morgan_1210	127	0.0155029296875
morgan_1211	73	0.0089111328125
morgan_1212	76	0.00927734375
morgan_1213	217	0.0264892578125
morgan_1214	82	0.010009765625
morgan_1215	52	0.00634765625
morgan_1216	58	0.007080078125
morgan_1217	62	0.007568359375
morgan_1218	111	0.0135498046875
morgan_1219	64	0.0078125
morgan_1220	36	0.00439453125
morgan_1221	138	0.016845703125
morgan_1222	49	0.0059814453125
morgan_1223	43	0.0052490234375
morgan_1224	559	0.0682373046875
morgan_1225	73	0.0089111328125
morgan_1226	319	0.0389404296875
morgan_1227	61	0.0074462890625
morgan_1228	67	0.0081787109375
morgan_1229	45	0.0054931640625
morgan_1230	61	0.0074462890625
morgan_1231	61	0.0074462890625
morgan_1232	94	0.011474609375
morgan_1233	116	0.01416015625
morgan_1234	169	0.0206298828125
morgan_1235	68	0.00830078125
morgan_1236	757	0.0924072265625
morgan_1237	44	0.00537109375
morgan_1238	391	0.0477294921875
morgan_1239	132	0.01611328125
morgan_1240	116	0.01416015625
morgan_1241	40	0.0048828125
morgan_1242	75	0.0091552734375
morgan_1243	480	0.05859375
morgan_1244	40	0.0048828125
morgan_1245	221	0.0269775390625
morgan_1246	37	0.0045166015625
morgan_1247	37	0.0045166015625
morgan_1248	29	0.0035400390625
morgan_1249	208	0.025390625
morgan_1250	118	0.014404296875
morgan_1251	36	0.00439453125
morgan_1252	116	0.01416015625
morgan_1253	52	0.00634765625
morgan_1254	56	0.0068359375
morgan_1255	129	0.0157470703125
morgan_1256	210	0.025634765625
morgan_1257	1036	0.12646484375
morgan_1258	50	0.006103515625
morgan_1259	50	0.006103515625
morgan_1260	250	0.030517578125
morgan_1261	168	0.0205078125
morgan_1262	69	0.0084228515625
morgan_1263	44	0.00537109375
morgan_1264	162	0.019775390625
morgan_1265	128	0.015625
morgan_1266	81	0.0098876953125
morgan_1267	175	0.0213623046875
morgan_1268	106	0.012939453125
morgan_1269	63	0.0076904296875
morgan_1270	165	0.0201416015625
morgan_1271	34	0.004150390625
morgan_1272	82	0.010009765625
morgan_1273	50	0.006103515625
morgan_1274	976	0.119140625
morgan_1275	67	0.0081787109375
morgan_1276	81	0.0098876953125
morgan_1277	43	0.0052490234375
morgan_1278	43	0.0052490234375
morgan_1279	373	0.0455322265625
morgan_1280	129	0.0157470703125
morgan_1281	65	0.0079345703125
morgan_1282	176	0.021484375
morgan_1283	105	0.0128173828125
morgan_1284	63	0.0076904296875
morgan_1285	226	0.027587890625
morgan_1286	85	0.0103759765625
morgan_1287	202	0.024658203125
morgan_1288	73	0.0089111328125
morgan_1289	46	0.005615234375
morgan_1290	147	0.0179443359375
morgan_1291	73	0.0089111328125
morgan_1292	792	0.0966796875
morgan_1293	36	0.00439453125
morgan_1294	140	0.01708984375
morgan_1295	413	0.0504150390625
morgan_1296	129	0.0157470703125
morgan_1297	41	0.0050048828125
morgan_1298	101	0.0123291015625
morgan_1299	152	0.0185546875
morgan_1300	90	0.010986328125
morgan_1301	81	0.0098876953125
morgan_1302	103	0.0125732421875
morgan_1303	88	0.0107421875
morgan_1304	66	0.008056640625
morgan_1305	59	0.0072021484375
morgan_1306	85	0.0103759765625
morgan_1307	88	0.0107421875
morgan_1308	365	0.0445556640625
morgan_1309	667	0.0814208984375
morgan_1310	43	0.0052490234375
morgan_1311	43	0.0052490234375
morgan_1312	263	0.0321044921875
morgan_1313	342	0.041748046875
morgan_1314	96	0.01171875
morgan_1315	39	0.0047607421875
morgan_1316	49	0.0059814453125
morgan_1317	92	0.01123046875
morgan_1318	68	0.00830078125
morgan_1319	46	0.005615234375
morgan_1320	23	0.0028076171875
morgan_1321	133	0.0162353515625
morgan_1322	54	0.006591796875
morgan_1323	188	0.02294921875
morgan_1324	73	0.0089111328125
morgan_1325	1816	0.2216796875
morgan_1326	107	0.0130615234375
morgan_1327	90	0.010986328125
morgan_1328	76	0.00927734375
morgan_1329	49	0.0059814453125
morgan_1330	30	0.003662109375
morgan_1331	23	0.0028076171875
morgan_1332	86	0.010498046875
morgan_1333	63	0.0076904296875
morgan_1334	30	0.003662109375
morgan_1335	27	0.0032958984375
morgan_1336	79	0.0096435546875
morgan_1337	40	0.0048828125
morgan_1338	57	0.0069580078125
morgan_1339	140	0.01708984375
morgan_1340	44	0.00537109375
morgan_1341	83	0.0101318359375
morgan_1342	60	0.00732421875
morgan_1343	40	0.0048828125
morgan_1344	82	0.010009765625
morgan_1345	42	0.005126953125
morgan_1346	76	0.00927734375
morgan_1347	67	0.0081787109375
morgan_1348	111	0.0135498046875
morgan_1349	559	0.0682373046875
morgan_1350	22	0.002685546875
morgan_1351	128	0.015625
morgan_1352	63	0.0076904296875
morgan_1353	146	0.017822265625
morgan_1354	20	0.00244140625
morgan_1355	40	0.0048828125
morgan_1356	127	0.0155029296875
morgan_1357	1287	0.1571044921875
morgan_1358	27	0.0032958984375
morgan_1359	26	0.003173828125
morgan_1360	89	0.0108642578125
morgan_1361	56	0.0068359375
morgan_1362	155	0.0189208984375
morgan_1363	32	0.00390625
morgan_1364	74	0.009033203125
morgan_1365	565	0.0689697265625
morgan_1366	336	0.041015625
morgan_1367	165	0.0201416015625
morgan_1368	80	0.009765625
morgan_1369	118	0.014404296875
morgan_1370	145	0.0177001953125
morgan_1371	29	0.0035400390625
morgan_1372	41	0.0050048828125
morgan_1373	99	0.0120849609375
morgan_1374	66	0.008056640625
morgan_1375	88	0.0107421875
morgan_1376	55	0.0067138671875
morgan_1377	83	0.0101318359375
morgan_1378	53	0.0064697265625
morgan_1379	78	0.009521484375
morgan_1380	7542	0.920654296875
morgan_1381	227	0.0277099609375
morgan_1382	67	0.0081787109375
morgan_1383	33	0.0040283203125
morgan_1384	401	0.0489501953125
morgan_1385	987	0.1204833984375
morgan_1386	189	0.0230712890625
morgan_1387	109	0.0133056640625
morgan_1388	59	0.0072021484375
morgan_1389	80	0.009765625
morgan_1390	46	0.005615234375
morgan_1391	521	0.0635986328125
morgan_1392	65	0.0079345703125
morgan_1393	39	0.0047607421875
morgan_1394	83	0.0101318359375
morgan_1395	67	0.0081787109375
morgan_1396	50	0.006103515625
morgan_1397	42	0.005126953125
morgan_1398	45	0.0054931640625
morgan_1399	118	0.014404296875
morgan_1400	48	0.005859375
morgan_1401	109	0.0133056640625
morgan_1402	85	0.0103759765625
morgan_1403	84	0.01025390625
morgan_1404	94	0.011474609375
morgan_1405	350	0.042724609375
morgan_1406	44	0.00537109375
morgan_1407	63	0.0076904296875
morgan_1408	45	0.0054931640625
morgan_1409	130	0.015869140625
morgan_1410	615	0.0750732421875
morgan_1411	108	0.01318359375
morgan_1412	78	0.009521484375
morgan_1413	74	0.009033203125
morgan_1414	53	0.0064697265625
morgan_1415	110	0.013427734375
morgan_1416	249	0.0303955078125
morgan_1417	357	0.0435791015625
morgan_1418	60	0.00732421875
morgan_1419	32	0.00390625
morgan_1420	81	0.0098876953125
morgan_1421	43	0.0052490234375
morgan_1422	218	0.026611328125
morgan_1423	119	0.0145263671875
morgan_1424	51	0.0062255859375
morgan_1425	56	0.0068359375
morgan_1426	46	0.005615234375
morgan_1427	127	0.0155029296875
morgan_1428	98	0.011962890625
morgan_1429	39	0.0047607421875
morgan_1430	382	0.046630859375
morgan_1431	166	0.020263671875
morgan_1432	35	0.0042724609375
morgan_1433	80	0.009765625
morgan_1434	110	0.013427734375
morgan_1435	84	0.01025390625
morgan_1436	203	0.0247802734375
morgan_1437	44	0.00537109375
morgan_1438	75	0.0091552734375
morgan_1439	40	0.0048828125
morgan_1440	348	0.04248046875
morgan_1441	342	0.041748046875
morgan_1442	52	0.00634765625
morgan_1443	122	0.014892578125
morgan_1444	243	0.0296630859375
morgan_1445	178	0.021728515625
morgan_1446	134	0.016357421875
morgan_1447	237	0.0289306640625
morgan_1448	96	0.01171875
morgan_1449	94	0.011474609375
morgan_1450	71	0.0086669921875
morgan_1451	79	0.0096435546875
morgan_1452	2093	0.2554931640625
morgan_1453	535	0.0653076171875
morgan_1454	115	0.0140380859375
morgan_1455	174	0.021240234375
morgan_1456	165	0.0201416015625
morgan_1457	834	0.101806640625
morgan_1458	71	0.0086669921875
morgan_1459	289	0.0352783203125
morgan_1460	147	0.0179443359375
morgan_1461	33	0.0040283203125
morgan_1462	67	0.0081787109375
morgan_1463	132	0.01611328125
morgan_1464	68	0.00830078125
morgan_1465	62	0.007568359375
morgan_1466	46	0.005615234375
morgan_1467	12	0.00146484375
morgan_1468	139	0.0169677734375
morgan_1469	59	0.0072021484375
morgan_1470	124	0.01513671875
morgan_1471	81	0.0098876953125
morgan_1472	107	0.0130615234375
morgan_1473	59	0.0072021484375
morgan_1474	24	0.0029296875
morgan_1475	255	0.0311279296875
morgan_1476	990	0.120849609375
morgan_1477	225	0.0274658203125
morgan_1478	42	0.005126953125
morgan_1479	55	0.0067138671875
morgan_1480	1869	0.2281494140625
morgan_1481	97	0.0118408203125
morgan_1482	395	0.0482177734375
morgan_1483	46	0.005615234375
morgan_1484	54	0.006591796875
morgan_1485	65	0.0079345703125
morgan_1486	33	0.0040283203125
morgan_1487	786	0.095947265625
morgan_1488	77	0.0093994140625
morgan_1489	104	0.0126953125
morgan_1490	83	0.0101318359375
morgan_1491	46	0.005615234375
morgan_1492	55	0.0067138671875
morgan_1493	29	0.0035400390625
morgan_1494	88	0.0107421875
morgan_1495	58	0.007080078125
morgan_1496	124	0.01513671875
morgan_1497	46	0.005615234375
morgan_1498	97	0.0118408203125
morgan_1499	80	0.009765625
morgan_1500	75	0.0091552734375
morgan_1501	138	0.016845703125
morgan_1502	79	0.0096435546875
morgan_1503	76	0.00927734375
morgan_1504	156	0.01904296875
morgan_1505	47	0.0057373046875
morgan_1506	181	0.0220947265625
morgan_1507	172	0.02099609375
morgan_1508	372	0.04541015625
morgan_1509	110	0.013427734375
morgan_1510	43	0.0052490234375
morgan_1511	114	0.013916015625
morgan_1512	65	0.0079345703125
morgan_1513	72	0.0087890625
morgan_1514	62	0.007568359375
morgan_1515	32	0.00390625
morgan_1516	446	0.054443359375
morgan_1517	146	0.017822265625
morgan_1518	165	0.0201416015625
morgan_1519	44	0.00537109375
morgan_1520	65	0.0079345703125
morgan_1521	48	0.005859375
morgan_1522	207	0.0252685546875
morgan_1523	35	0.0042724609375
morgan_1524	217	0.0264892578125
morgan_1525	55	0.0067138671875
morgan_1526	87	0.0106201171875
morgan_1527	100	0.01220703125
morgan_1528	50	0.006103515625
morgan_1529	59	0.0072021484375
morgan_1530	177	0.0216064453125
morgan_1531	164	0.02001953125
morgan_1532	106	0.012939453125
morgan_1533	40	0.0048828125
morgan_1534	62	0.007568359375
morgan_1535	977	0.1192626953125
morgan_1536	958	0.116943359375
morgan_1537	60	0.00732421875
morgan_1538	746	0.091064453125
morgan_1539	105	0.0128173828125
morgan_1540	78	0.009521484375
morgan_1541	10	0.001220703125
morgan_1542	174	0.021240234375
morgan_1543	78	0.009521484375
morgan_1544	156	0.01904296875
morgan_1545	32	0.00390625
morgan_1546	53	0.0064697265625
morgan_1547	48	0.005859375
morgan_1548	56	0.0068359375
morgan_1549	39	0.0047607421875
morgan_1550	49	0.0059814453125
morgan_1551	50	0.006103515625
morgan_1552	61	0.0074462890625
morgan_1553	43	0.0052490234375
morgan_1554	82	0.010009765625
morgan_1555	57	0.0069580078125
morgan_1556	77	0.0093994140625
morgan_1557	69	0.0084228515625
morgan_1558	61	0.0074462890625
morgan_1559	31	0.0037841796875
morgan_1560	66	0.008056640625
morgan_1561	56	0.0068359375
morgan_1562	34	0.004150390625
morgan_1563	75	0.0091552734375
morgan_1564	561	0.0684814453125
morgan_1565	51	0.0062255859375
morgan_1566	33	0.0040283203125
morgan_1567	315	0.0384521484375
morgan_1568	99	0.0120849609375
morgan_1569	86	0.010498046875
morgan_1570	121	0.0147705078125
morgan_1571	68	0.00830078125
morgan_1572	116	0.01416015625
morgan_1573	696	0.0849609375
morgan_1574	158	0.019287109375
morgan_1575	197	0.0240478515625
morgan_1576	84	0.01025390625
morgan_1577	42	0.005126953125
morgan_1578	155	0.0189208984375
morgan_1579	29	0.0035400390625
morgan_1580	64	0.0078125
morgan_1581	375	0.0457763671875
morgan_1582	383	0.0467529296875
morgan_1583	84	0.01025390625
morgan_1584	49	0.0059814453125
morgan_1585	117	0.0142822265625
morgan_1586	316	0.03857421875
morgan_1587	67	0.0081787109375
morgan_1588	46	0.005615234375
morgan_1589	301	0.0367431640625
morgan_1590	45	0.0054931640625
morgan_1591	28	0.00341796875
morgan_1592	129	0.0157470703125
morgan_1593	45	0.0054931640625
morgan_1594	136	0.0166015625
morgan_1595	29	0.0035400390625
morgan_1596	25	0.0030517578125
morgan_1597	199	0.0242919921875
morgan_1598	64	0.0078125
morgan_1599	252	0.03076171875
morgan_1600	68	0.00830078125
morgan_1601	85	0.0103759765625
morgan_1602	1010	0.123291015625
morgan_1603	451	0.0550537109375
morgan_1604	416	0.05078125
morgan_1605	44	0.00537109375
morgan_1606	44	0.00537109375
morgan_1607	618	0.075439453125
morgan_1608	61	0.0074462890625
morgan_1609	182	0.022216796875
morgan_1610	88	0.0107421875
morgan_1611	89	0.0108642578125
morgan_1612	147	0.0179443359375
morgan_1613	81	0.0098876953125
morgan_1614	68	0.00830078125
morgan_1615	47	0.0057373046875
morgan_1616	70	0.008544921875
morgan_1617	243	0.0296630859375
morgan_1618	91	0.0111083984375
morgan_1619	43	0.0052490234375
morgan_1620	67	0.0081787109375
morgan_1621	32	0.00390625
morgan_1622	22	0.002685546875
morgan_1623	86	0.010498046875
morgan_1624	178	0.021728515625
morgan_1625	52	0.00634765625
morgan_1626	118	0.014404296875
morgan_1627	150	0.018310546875
morgan_1628	48	0.005859375
morgan_1629	87	0.0106201171875
morgan_1630	96	0.01171875
morgan_1631	316	0.03857421875
morgan_1632	57	0.0069580078125
morgan_1633	88	0.0107421875
morgan_1634	270	0.032958984375
morgan_1635	100	0.01220703125
morgan_1636	57	0.0069580078125
morgan_1637	154	0.018798828125
morgan_1638	110	0.013427734375
morgan_1639	29	0.0035400390625
morgan_1640	58	0.007080078125
morgan_1641	23	0.0028076171875
morgan_1642	38	0.004638671875
morgan_1643	35	0.0042724609375
morgan_1644	78	0.009521484375
morgan_1645	167	0.0203857421875
morgan_1646	77	0.0093994140625
morgan_1647	298	0.036376953125
morgan_1648	226	0.027587890625
morgan_1649	129	0.0157470703125
morgan_1650	39	0.0047607421875
morgan_1651	67	0.0081787109375
morgan_1652	122	0.014892578125
morgan_1653	99	0.0120849609375
morgan_1654	74	0.009033203125
morgan_1655	142	0.017333984375
morgan_1656	93	0.0113525390625
morgan_1657	189	0.0230712890625
morgan_1658	29	0.0035400390625
morgan_1659	52	0.00634765625
morgan_1660	126	0.015380859375
morgan_1661	80	0.009765625
morgan_1662	44	0.00537109375
morgan_1663	135	0.0164794921875
morgan_1664	108	0.01318359375
morgan_1665	438	0.053466796875
morgan_1666	80	0.009765625
morgan_1667	96	0.01171875
morgan_1668	99	0.0120849609375
morgan_1669	77	0.0093994140625
morgan_1670	454	0.055419921875
morgan_1671	172	0.02099609375
morgan_1672	49	0.0059814453125
morgan_1673	122	0.014892578125
morgan_1674	68	0.00830078125
morgan_1675	45	0.0054931640625
morgan_1676	62	0.007568359375
morgan_1677	61	0.0074462890625
morgan_1678	50	0.006103515625
morgan_1679	86	0.010498046875
morgan_1680	37	0.0045166015625
morgan_1681	72	0.0087890625
morgan_1682	77	0.0093994140625
morgan_1683	1411	0.1722412109375
morgan_1684	62	0.007568359375
morgan_1685	75	0.0091552734375
morgan_1686	84	0.01025390625
morgan_1687	63	0.0076904296875
morgan_1688	30	0.003662109375
morgan_1689	128	0.015625
morgan_1690	85	0.0103759765625
morgan_1691	174	0.021240234375
morgan_1692	127	0.0155029296875
morgan_1693	218	0.026611328125
morgan_1694	88	0.0107421875
morgan_1695	61	0.0074462890625
morgan_1696	541	0.0660400390625
morgan_1697	640	0.078125
morgan_1698	67	0.0081787109375
morgan_1699	67	0.0081787109375
morgan_1700	119	0.0145263671875
morgan_1701	108	0.01318359375
morgan_1702	43	0.0052490234375
morgan_1703	33	0.0040283203125
morgan_1704	20	0.00244140625
morgan_1705	42	0.005126953125
morgan_1706	56	0.0068359375
morgan_1707	53	0.0064697265625
morgan_1708	222	0.027099609375
morgan_1709	30	0.003662109375
morgan_1710	41	0.0050048828125
morgan_1711	78	0.009521484375
morgan_1712	76	0.00927734375
morgan_1713	66	0.008056640625
morgan_1714	77	0.0093994140625
morgan_1715	57	0.0069580078125
morgan_1716	140	0.01708984375
morgan_1717	92	0.01123046875
morgan_1718	206	0.025146484375
morgan_1719	52	0.00634765625
morgan_1720	61	0.0074462890625
morgan_1721	111	0.0135498046875
morgan_1722	1534	0.187255859375
morgan_1723	68	0.00830078125
morgan_1724	322	0.039306640625
morgan_1725	28	0.00341796875
morgan_1726	132	0.01611328125
morgan_1727	93	0.0113525390625
morgan_1728	50	0.006103515625
morgan_1729	192	0.0234375
morgan_1730	137	0.0167236328125
morgan_1731	180	0.02197265625
morgan_1732	29	0.0035400390625
morgan_1733	257	0.0313720703125
morgan_1734	158	0.019287109375
morgan_1735	87	0.0106201171875
morgan_1736	90	0.010986328125
morgan_1737	436	0.05322265625
morgan_1738	793	0.0968017578125
morgan_1739	72	0.0087890625
morgan_1740	45	0.0054931640625
morgan_1741	121	0.0147705078125
morgan_1742	89	0.0108642578125
morgan_1743	15	0.0018310546875
morgan_1744	83	0.0101318359375
morgan_1745	562	0.068603515625
morgan_1746	113	0.0137939453125
morgan_1747	404	0.04931640625
morgan_1748	40	0.0048828125
morgan_1749	34	0.004150390625
morgan_1750	6031	0.7362060546875
morgan_1751	44	0.00537109375
morgan_1752	78	0.009521484375
morgan_1753	41	0.0050048828125
morgan_1754	1283	0.1566162109375
morgan_1755	72	0.0087890625
morgan_1756	60	0.00732421875
morgan_1757	49	0.0059814453125
morgan_1758	182	0.022216796875
morgan_1759	89	0.0108642578125
morgan_1760	87	0.0106201171875
morgan_1761	84	0.01025390625
morgan_1762	119	0.0145263671875
morgan_1763	82	0.010009765625
morgan_1764	275	0.0335693359375
morgan_1765	383	0.0467529296875
morgan_1766	85	0.0103759765625
morgan_1767	12	0.00146484375
morgan_1768	118	0.014404296875
morgan_1769	38	0.004638671875
morgan_1770	31	0.0037841796875
morgan_1771	158	0.019287109375
morgan_1772	88	0.0107421875
morgan_1773	152	0.0185546875
morgan_1774	78	0.009521484375
morgan_1775	118	0.014404296875
morgan_1776	98	0.011962890625
morgan_1777	62	0.007568359375
morgan_1778	223	0.0272216796875
morgan_1779	133	0.0162353515625
morgan_1780	59	0.0072021484375
morgan_1781	135	0.0164794921875
morgan_1782	63	0.0076904296875
morgan_1783	343	0.0418701171875
morgan_1784	44	0.00537109375
morgan_1785	67	0.0081787109375
morgan_1786	91	0.0111083984375
morgan_1787	24	0.0029296875
morgan_1788	60	0.00732421875
morgan_1789	41	0.0050048828125
morgan_1790	92	0.01123046875
morgan_1791	742	0.090576171875
morgan_1792	78	0.009521484375
morgan_1793	76	0.00927734375
morgan_1794	97	0.0118408203125
morgan_1795	170	0.020751953125
morgan_1796	103	0.0125732421875
morgan_1797	52	0.00634765625
morgan_1798	61	0.0074462890625
morgan_1799	102	0.012451171875
morgan_1800	130	0.015869140625
morgan_1801	62	0.007568359375
morgan_1802	58	0.007080078125
morgan_1803	208	0.025390625
morgan_1804	121	0.0147705078125
morgan_1805	50	0.006103515625
morgan_1806	38	0.004638671875
morgan_1807	57	0.0069580078125
morgan_1808	184	0.0224609375
morgan_1809	128	0.015625
morgan_1810	367	0.0447998046875
morgan_1811	74	0.009033203125
morgan_1812	55	0.0067138671875
morgan_1813	34	0.004150390625
morgan_1814	114	0.013916015625
morgan_1815	118	0.014404296875
morgan_1816	880	0.107421875
morgan_1817	62	0.007568359375
morgan_1818	73	0.0089111328125
morgan_1819	177	0.0216064453125
morgan_1820	75	0.0091552734375
morgan_1821	26	0.003173828125
morgan_1822	61	0.0074462890625
morgan_1823	268	0.03271484375
morgan_1824	58	0.007080078125
morgan_1825	439	0.0535888671875
morgan_1826	40	0.0048828125
morgan_1827	57	0.0069580078125
morgan_1828	135	0.0164794921875
morgan_1829	65	0.0079345703125
morgan_1830	11	0.0013427734375
morgan_1831	137	0.0167236328125
morgan_1832	221	0.0269775390625
morgan_1833	48	0.005859375
morgan_1834	33	0.0040283203125
morgan_1835	34	0.004150390625
morgan_1836	42	0.005126953125
morgan_1837	59	0.0072021484375
morgan_1838	134	0.016357421875
morgan_1839	116	0.01416015625
morgan_1840	595	0.0726318359375
morgan_1841	26	0.003173828125
morgan_1842	93	0.0113525390625
morgan_1843	69	0.0084228515625
morgan_1844	447	0.0545654296875
morgan_1845	59	0.0072021484375
morgan_1846	53	0.0064697265625
morgan_1847	178	0.021728515625
morgan_1848	37	0.0045166015625
morgan_1849	235	0.0286865234375
morgan_1850	37	0.0045166015625
morgan_1851	78	0.009521484375
morgan_1852	95	0.0115966796875
morgan_1853	294	0.035888671875
morgan_1854	222	0.027099609375
morgan_1855	1838	0.224365234375
morgan_1856	176	0.021484375
morgan_1857	54	0.006591796875
morgan_1858	81	0.0098876953125
morgan_1859	166	0.020263671875
morgan_1860	177	0.0216064453125
morgan_1861	51	0.0062255859375
morgan_1862	181	0.0220947265625
morgan_1863	171	0.0208740234375
morgan_1864	67	0.0081787109375
morgan_1865	62	0.007568359375
morgan_1866	1077	0.1314697265625
morgan_1867	41	0.0050048828125
morgan_1868	54	0.006591796875
morgan_1869	20	0.00244140625
morgan_1870	36	0.00439453125
morgan_1871	58	0.007080078125
morgan_1872	42	0.005126953125
morgan_1873	7230	0.882568359375
morgan_1874	41	0.0050048828125
morgan_1875	61	0.0074462890625
morgan_1876	205	0.0250244140625
morgan_1877	73	0.0089111328125
morgan_1878	49	0.0059814453125
morgan_1879	278	0.033935546875
morgan_1880	52	0.00634765625
morgan_1881	42	0.005126953125
morgan_1882	33	0.0040283203125
morgan_1883	38	0.004638671875
morgan_1884	144	0.017578125
morgan_1885	106	0.012939453125
morgan_1886	28	0.00341796875
morgan_1887	122	0.014892578125
morgan_1888	109	0.0133056640625
morgan_1889	34	0.004150390625
morgan_1890	11	0.0013427734375
morgan_1891	67	0.0081787109375
morgan_1892	89	0.0108642578125
morgan_1893	57	0.0069580078125
morgan_1894	31	0.0037841796875
morgan_1895	72	0.0087890625
morgan_1896	68	0.00830078125
morgan_1897	187	0.0228271484375
morgan_1898	140	0.01708984375
morgan_1899	29	0.0035400390625
morgan_1900	44	0.00537109375
morgan_1901	32	0.00390625
morgan_1902	42	0.005126953125
morgan_1903	37	0.0045166015625
morgan_1904	42	0.005126953125
morgan_1905	345	0.0421142578125
morgan_1906	75	0.0091552734375
morgan_1907	68	0.00830078125
morgan_1908	213	0.0260009765625
morgan_1909	61	0.0074462890625
morgan_1910	277	0.0338134765625
morgan_1911	930	0.113525390625
morgan_1912	122	0.014892578125
morgan_1913	16	0.001953125
morgan_1914	76	0.00927734375
morgan_1915	200	0.0244140625
morgan_1916	79	0.0096435546875
morgan_1917	4536	0.5537109375
morgan_1918	72	0.0087890625
morgan_1919	86	0.010498046875
morgan_1920	175	0.0213623046875
morgan_1921	590	0.072021484375
morgan_1922	293	0.0357666015625
morgan_1923	227	0.0277099609375
morgan_1924	22	0.002685546875
morgan_1925	28	0.00341796875
morgan_1926	74	0.009033203125
morgan_1927	57	0.0069580078125
morgan_1928	1290	0.157470703125
morgan_1929	93	0.0113525390625
morgan_1930	55	0.0067138671875
morgan_1931	21	0.0025634765625
morgan_1932	67	0.0081787109375
morgan_1933	35	0.0042724609375
morgan_1934	156	0.01904296875
morgan_1935	72	0.0087890625
morgan_1936	68	0.00830078125
morgan_1937	294	0.035888671875
morgan_1938	78	0.009521484375
morgan_1939	190	0.023193359375
morgan_1940	70	0.008544921875
morgan_1941	49	0.0059814453125
morgan_1942	107	0.0130615234375
morgan_1943	105	0.0128173828125
morgan_1944	70	0.008544921875
morgan_1945	49	0.0059814453125
morgan_1946	263	0.0321044921875
morgan_1947	38	0.004638671875
morgan_1948	142	0.017333984375
morgan_1949	61	0.0074462890625
morgan_1950	335	0.0408935546875
morgan_1951	594	0.072509765625
morgan_1952	55	0.0067138671875
morgan_1953	92	0.01123046875
morgan_1954	86	0.010498046875
morgan_1955	71	0.0086669921875
morgan_1956	316	0.03857421875
morgan_1957	91	0.0111083984375
morgan_1958	91	0.0111083984375
morgan_1959	101	0.0123291015625
morgan_1960	79	0.0096435546875
morgan_1961	47	0.0057373046875
morgan_1962	101	0.0123291015625
morgan_1963	249	0.0303955078125
morgan_1964	169	0.0206298828125
morgan_1965	57	0.0069580078125
morgan_1966	62	0.007568359375
morgan_1967	28	0.00341796875
morgan_1968	42	0.005126953125
morgan_1969	94	0.011474609375
morgan_1970	1030	0.125732421875
morgan_1971	147	0.0179443359375
morgan_1972	228	0.02783203125
morgan_1973	68	0.00830078125
morgan_1974	73	0.0089111328125
morgan_1975	91	0.0111083984375
morgan_1976	80	0.009765625
morgan_1977	243	0.0296630859375
morgan_1978	290	0.035400390625
morgan_1979	85	0.0103759765625
morgan_1980	393	0.0479736328125
morgan_1981	114	0.013916015625
morgan_1982	210	0.025634765625
morgan_1983	55	0.0067138671875
morgan_1984	326	0.039794921875
morgan_1985	278	0.033935546875
morgan_1986	39	0.0047607421875
morgan_1987	44	0.00537109375
morgan_1988	69	0.0084228515625
morgan_1989	202	0.024658203125
morgan_1990	199	0.0242919921875
morgan_1991	671	0.0819091796875
morgan_1992	111	0.0135498046875
morgan_1993	180	0.02197265625
morgan_1994	57	0.0069580078125
morgan_1995	102	0.012451171875
morgan_1996	45	0.0054931640625
morgan_1997	138	0.016845703125
morgan_1998	261	0.0318603515625
morgan_1999	141	0.0172119140625
morgan_2000	238	0.029052734375
morgan_2001	67	0.0081787109375
morgan_2002	56	0.0068359375
morgan_2003	25	0.0030517578125
morgan_2004	315	0.0384521484375
morgan_2005	57	0.0069580078125
morgan_2006	65	0.0079345703125
morgan_2007	48	0.005859375
morgan_2008	70	0.008544921875
morgan_2009	346	0.042236328125
morgan_2010	34	0.004150390625
morgan_2011	33	0.0040283203125
morgan_2012	46	0.005615234375
morgan_2013	50	0.006103515625
morgan_2014	43	0.0052490234375
morgan_2015	38	0.004638671875
morgan_2016	70	0.008544921875
morgan_2017	195	0.0238037109375
morgan_2018	126	0.015380859375
morgan_2019	50	0.006103515625
morgan_2020	121	0.0147705078125
morgan_2021	313	0.0382080078125
morgan_2022	114	0.013916015625
morgan_2023	64	0.0078125
morgan_2024	44	0.00537109375
morgan_2025	55	0.0067138671875
morgan_2026	118	0.014404296875
morgan_2027	42	0.005126953125
morgan_2028	136	0.0166015625
morgan_2029	85	0.0103759765625
morgan_2030	94	0.011474609375
morgan_2031	36	0.00439453125
morgan_2032	61	0.0074462890625
morgan_2033	299	0.0364990234375
morgan_2034	193	0.0235595703125
morgan_2035	59	0.0072021484375
morgan_2036	74	0.009033203125
morgan_2037	39	0.0047607421875
morgan_2038	223	0.0272216796875
morgan_2039	57	0.0069580078125
morgan_2040	31	0.0037841796875
morgan_2041	93	0.0113525390625
morgan_2042	136	0.0166015625
morgan_2043	75	0.0091552734375
morgan_2044	180	0.02197265625
morgan_2045	92	0.01123046875
morgan_2046	68	0.00830078125
morgan_2047	52	0.00634765625
