holdout	metric	context_a	context_b	seed	a	b	delta_b_minus_a
unseen_cell_line	test_macro_f1	programs	expression_programs	42	0.4576202704343492	0.4820550352986838	0.0244347648643346
unseen_cell_line	test_macro_f1	programs	expression_programs	43	0.4530852855535911	0.4619110669121669	0.008825781358575757
unseen_cell_line	test_macro_f1	programs	expression_programs	44	0.47604699408574397	0.45173835755840597	-0.024308636527338
unseen_cell_line	test_macro_f1	programs	expression_programs	45	0.4638967497717184	0.46431103976193583	0.0004142899902174202
unseen_cell_line	test_macro_f1	programs	expression_programs	46	0.4637680435542498	0.46095659146791507	-0.0028114520863347092
unseen_cell_line	test_balanced_accuracy	programs	expression_programs	42	0.5186073730519217	0.5321595346926845	0.013552161640762783
unseen_cell_line	test_balanced_accuracy	programs	expression_programs	43	0.5442609495205775	0.5395745061904837	-0.004686443330093715
unseen_cell_line	test_balanced_accuracy	programs	expression_programs	44	0.5558210367855133	0.5251704817941367	-0.03065055499137659
unseen_cell_line	test_balanced_accuracy	programs	expression_programs	45	0.5214033517319643	0.5358212225117976	0.014417870779833364
unseen_cell_line	test_balanced_accuracy	programs	expression_programs	46	0.547687704128862	0.533008438882221	-0.014679265246640982
unseen_cell_line	test_macro_ovr_auroc	programs	expression_programs	42	0.6874744112163439	0.704193663611116	0.01671925239477212
unseen_cell_line	test_macro_ovr_auroc	programs	expression_programs	43	0.720157612365541	0.6890058193828498	-0.031151792982691218
unseen_cell_line	test_macro_ovr_auroc	programs	expression_programs	44	0.761642298853919	0.6893999806162286	-0.07224231823769034
unseen_cell_line	test_macro_ovr_auroc	programs	expression_programs	45	0.6920830311685201	0.6969342529814483	0.004851221812928186
unseen_cell_line	test_macro_ovr_auroc	programs	expression_programs	46	0.7517283347924445	0.6923422387957179	-0.05938609599672662
unseen_cell_line	test_macro_auprc	programs	expression_programs	42	0.4393636694478214	0.4663179307926583	0.026954261344836916
unseen_cell_line	test_macro_auprc	programs	expression_programs	43	0.44499942945856646	0.4510026362602506	0.006003206801684147
unseen_cell_line	test_macro_auprc	programs	expression_programs	44	0.46643304530022806	0.44408239976930924	-0.02235064553091881
unseen_cell_line	test_macro_auprc	programs	expression_programs	45	0.44339303704249455	0.446648002519986	0.003254965477491434
unseen_cell_line	test_macro_auprc	programs	expression_programs	46	0.45826585710915285	0.44956711469119676	-0.008698742417956096
unseen_cell_line	test_antagonism_auprc	programs	expression_programs	42	0.16889150679042078	0.22523802219949296	0.05634651540907218
unseen_cell_line	test_antagonism_auprc	programs	expression_programs	43	0.16506146368424432	0.21070663624787533	0.045645172563631015
unseen_cell_line	test_antagonism_auprc	programs	expression_programs	44	0.20335548703205605	0.18842117967086364	-0.014934307361192417
unseen_cell_line	test_antagonism_auprc	programs	expression_programs	45	0.1820572518970795	0.18680304488066146	0.0047457929835819646
unseen_cell_line	test_antagonism_auprc	programs	expression_programs	46	0.18760969042976106	0.18970006847889398	0.002090378049132924
unseen_cell_line	test_synergy_auprc	programs	expression_programs	42	0.2244326951680109	0.24618588580726633	0.021753190639255432
unseen_cell_line	test_synergy_auprc	programs	expression_programs	43	0.23432149319007634	0.21198331388545769	-0.02233817930461865
unseen_cell_line	test_synergy_auprc	programs	expression_programs	44	0.26075521341715857	0.22491563059535838	-0.03583958282180019
unseen_cell_line	test_synergy_auprc	programs	expression_programs	45	0.2197376331985792	0.2226111838613953	0.00287355066281611
unseen_cell_line	test_synergy_auprc	programs	expression_programs	46	0.253792820520498	0.24008813227939316	-0.013704688241104851
unseen_cell_line	test_macro_f1	programs	regulons_programs	42	0.4576202704343492	0.47636225793269227	0.01874198749834305
unseen_cell_line	test_macro_f1	programs	regulons_programs	43	0.4530852855535911	0.4733953624980412	0.020310076944450084
unseen_cell_line	test_macro_f1	programs	regulons_programs	44	0.47604699408574397	0.474601605804346	-0.0014453882813979524
unseen_cell_line	test_macro_f1	programs	regulons_programs	45	0.4638967497717184	0.46146972180094775	-0.0024270279707706566
unseen_cell_line	test_macro_f1	programs	regulons_programs	46	0.4637680435542498	0.444894882492171	-0.018873161062078758
unseen_cell_line	test_balanced_accuracy	programs	regulons_programs	42	0.5186073730519217	0.5493442800570277	0.030736907005106007
unseen_cell_line	test_balanced_accuracy	programs	regulons_programs	43	0.5442609495205775	0.5351182461259968	-0.009142703394580676
unseen_cell_line	test_balanced_accuracy	programs	regulons_programs	44	0.5558210367855133	0.5495163892013868	-0.0063046475841265215
unseen_cell_line	test_balanced_accuracy	programs	regulons_programs	45	0.5214033517319643	0.5529767690825395	0.03157341735057517
unseen_cell_line	test_balanced_accuracy	programs	regulons_programs	46	0.547687704128862	0.5438597629615302	-0.003827941167331872
unseen_cell_line	test_macro_ovr_auroc	programs	regulons_programs	42	0.6874744112163439	0.7073881689264017	0.019913757710057767
unseen_cell_line	test_macro_ovr_auroc	programs	regulons_programs	43	0.720157612365541	0.7041771566688636	-0.015980455696677387
unseen_cell_line	test_macro_ovr_auroc	programs	regulons_programs	44	0.761642298853919	0.7031749649681583	-0.05846733388576064
unseen_cell_line	test_macro_ovr_auroc	programs	regulons_programs	45	0.6920830311685201	0.7092465259619732	0.017163494793453138
unseen_cell_line	test_macro_ovr_auroc	programs	regulons_programs	46	0.7517283347924445	0.7005391120413176	-0.05118922275112692
unseen_cell_line	test_macro_auprc	programs	regulons_programs	42	0.4393636694478214	0.45028594938738326	0.010922279939561852
unseen_cell_line	test_macro_auprc	programs	regulons_programs	43	0.44499942945856646	0.45867906840829686	0.0136796389497304
unseen_cell_line	test_macro_auprc	programs	regulons_programs	44	0.46643304530022806	0.45313887928512037	-0.013294166015107689
unseen_cell_line	test_macro_auprc	programs	regulons_programs	45	0.44339303704249455	0.45534282122566755	0.011949784183172996
unseen_cell_line	test_macro_auprc	programs	regulons_programs	46	0.45826585710915285	0.4446750788841993	-0.013590778224953526
unseen_cell_line	test_antagonism_auprc	programs	regulons_programs	42	0.16889150679042078	0.18777097271523682	0.01887946592481604
unseen_cell_line	test_antagonism_auprc	programs	regulons_programs	43	0.16506146368424432	0.21447541311809848	0.04941394943385416
unseen_cell_line	test_antagonism_auprc	programs	regulons_programs	44	0.20335548703205605	0.1998036574696828	-0.0035518295623732654
unseen_cell_line	test_antagonism_auprc	programs	regulons_programs	45	0.1820572518970795	0.20534285469017538	0.023285602793095883
unseen_cell_line	test_antagonism_auprc	programs	regulons_programs	46	0.18760969042976106	0.17905344468039813	-0.008556245749362923
unseen_cell_line	test_synergy_auprc	programs	regulons_programs	42	0.2244326951680109	0.23427677823155457	0.009844083063543674
unseen_cell_line	test_synergy_auprc	programs	regulons_programs	43	0.23432149319007634	0.2360548467267179	0.0017333535366415576
unseen_cell_line	test_synergy_auprc	programs	regulons_programs	44	0.26075521341715857	0.22711032713740492	-0.03364488627975365
unseen_cell_line	test_synergy_auprc	programs	regulons_programs	45	0.2197376331985792	0.23010584928861333	0.010368216090034132
unseen_cell_line	test_synergy_auprc	programs	regulons_programs	46	0.253792820520498	0.2233303218873321	-0.030462498633165913
unseen_cell_line	test_macro_f1	programs	expression_regulons_programs	42	0.4576202704343492	0.4621664395878704	0.0045461691535211846
unseen_cell_line	test_macro_f1	programs	expression_regulons_programs	43	0.4530852855535911	0.46584886703170963	0.012763581478118513
unseen_cell_line	test_macro_f1	programs	expression_regulons_programs	44	0.47604699408574397	0.44313496589783335	-0.032912028187910614
unseen_cell_line	test_macro_f1	programs	expression_regulons_programs	45	0.4638967497717184	0.4603245949117984	-0.003572154859920018
unseen_cell_line	test_macro_f1	programs	expression_regulons_programs	46	0.4637680435542498	0.4754965730935293	0.011728529539279497
unseen_cell_line	test_balanced_accuracy	programs	expression_regulons_programs	42	0.5186073730519217	0.5394853629739441	0.02087798992202239
unseen_cell_line	test_balanced_accuracy	programs	expression_regulons_programs	43	0.5442609495205775	0.5107347616247442	-0.03352618789583328
unseen_cell_line	test_balanced_accuracy	programs	expression_regulons_programs	44	0.5558210367855133	0.5271025034976143	-0.028718533287898973
unseen_cell_line	test_balanced_accuracy	programs	expression_regulons_programs	45	0.5214033517319643	0.5503968066038691	0.028993454871904856
unseen_cell_line	test_balanced_accuracy	programs	expression_regulons_programs	46	0.547687704128862	0.5423983250015784	-0.0052893791272836665
unseen_cell_line	test_macro_ovr_auroc	programs	expression_regulons_programs	42	0.6874744112163439	0.7060337691217901	0.01855935790544616
unseen_cell_line	test_macro_ovr_auroc	programs	expression_regulons_programs	43	0.720157612365541	0.6944432367375701	-0.025714375627970854
unseen_cell_line	test_macro_ovr_auroc	programs	expression_regulons_programs	44	0.761642298853919	0.6726136502334038	-0.08902864862051518
unseen_cell_line	test_macro_ovr_auroc	programs	expression_regulons_programs	45	0.6920830311685201	0.7000590322366725	0.007976001068152438
unseen_cell_line	test_macro_ovr_auroc	programs	expression_regulons_programs	46	0.7517283347924445	0.7071174733522513	-0.04461086144019322
unseen_cell_line	test_macro_auprc	programs	expression_regulons_programs	42	0.4393636694478214	0.45353434084611827	0.014170671398296864
unseen_cell_line	test_macro_auprc	programs	expression_regulons_programs	43	0.44499942945856646	0.4457249577221729	0.0007255282636064453
unseen_cell_line	test_macro_auprc	programs	expression_regulons_programs	44	0.46643304530022806	0.44181384716839345	-0.024619198131834608
unseen_cell_line	test_macro_auprc	programs	expression_regulons_programs	45	0.44339303704249455	0.4525902296040285	0.009197192561533951
unseen_cell_line	test_macro_auprc	programs	expression_regulons_programs	46	0.45826585710915285	0.46540120885672426	0.007135351747571406
unseen_cell_line	test_antagonism_auprc	programs	expression_regulons_programs	42	0.16889150679042078	0.20894439394851025	0.04005288715808947
unseen_cell_line	test_antagonism_auprc	programs	expression_regulons_programs	43	0.16506146368424432	0.17737848394845657	0.012317020264212247
unseen_cell_line	test_antagonism_auprc	programs	expression_regulons_programs	44	0.20335548703205605	0.20863998941990194	0.005284502387845891
unseen_cell_line	test_antagonism_auprc	programs	expression_regulons_programs	45	0.1820572518970795	0.19285527208680964	0.01079802018973014
unseen_cell_line	test_antagonism_auprc	programs	expression_regulons_programs	46	0.18760969042976106	0.22709426336364902	0.03948457293388796
unseen_cell_line	test_synergy_auprc	programs	expression_regulons_programs	42	0.2244326951680109	0.2223189042866724	-0.0021137908813385065
unseen_cell_line	test_synergy_auprc	programs	expression_regulons_programs	43	0.23432149319007634	0.23228482998508285	-0.0020366632049934885
unseen_cell_line	test_synergy_auprc	programs	expression_regulons_programs	44	0.26075521341715857	0.19526784492840765	-0.06548736848875092
unseen_cell_line	test_synergy_auprc	programs	expression_regulons_programs	45	0.2197376331985792	0.24136147698490523	0.021623843786326036
unseen_cell_line	test_synergy_auprc	programs	expression_regulons_programs	46	0.253792820520498	0.2440933638826897	-0.009699456637808301
unseen_cell_line	test_macro_f1	expression_programs	regulons_programs	42	0.4820550352986838	0.47636225793269227	-0.005692777365991553
unseen_cell_line	test_macro_f1	expression_programs	regulons_programs	43	0.4619110669121669	0.4733953624980412	0.011484295585874327
unseen_cell_line	test_macro_f1	expression_programs	regulons_programs	44	0.45173835755840597	0.474601605804346	0.02286324824594005
unseen_cell_line	test_macro_f1	expression_programs	regulons_programs	45	0.46431103976193583	0.46146972180094775	-0.0028413179609880768
unseen_cell_line	test_macro_f1	expression_programs	regulons_programs	46	0.46095659146791507	0.444894882492171	-0.01606170897574405
unseen_cell_line	test_balanced_accuracy	expression_programs	regulons_programs	42	0.5321595346926845	0.5493442800570277	0.017184745364343224
unseen_cell_line	test_balanced_accuracy	expression_programs	regulons_programs	43	0.5395745061904837	0.5351182461259968	-0.004456260064486961
unseen_cell_line	test_balanced_accuracy	expression_programs	regulons_programs	44	0.5251704817941367	0.5495163892013868	0.024345907407250067
unseen_cell_line	test_balanced_accuracy	expression_programs	regulons_programs	45	0.5358212225117976	0.5529767690825395	0.01715554657074181
unseen_cell_line	test_balanced_accuracy	expression_programs	regulons_programs	46	0.533008438882221	0.5438597629615302	0.01085132407930911
unseen_cell_line	test_macro_ovr_auroc	expression_programs	regulons_programs	42	0.704193663611116	0.7073881689264017	0.003194505315285645
unseen_cell_line	test_macro_ovr_auroc	expression_programs	regulons_programs	43	0.6890058193828498	0.7041771566688636	0.01517133728601383
unseen_cell_line	test_macro_ovr_auroc	expression_programs	regulons_programs	44	0.6893999806162286	0.7031749649681583	0.013774984351929698
unseen_cell_line	test_macro_ovr_auroc	expression_programs	regulons_programs	45	0.6969342529814483	0.7092465259619732	0.012312272980524952
unseen_cell_line	test_macro_ovr_auroc	expression_programs	regulons_programs	46	0.6923422387957179	0.7005391120413176	0.0081968732455997
unseen_cell_line	test_macro_auprc	expression_programs	regulons_programs	42	0.4663179307926583	0.45028594938738326	-0.016031981405275064
unseen_cell_line	test_macro_auprc	expression_programs	regulons_programs	43	0.4510026362602506	0.45867906840829686	0.007676432148046253
unseen_cell_line	test_macro_auprc	expression_programs	regulons_programs	44	0.44408239976930924	0.45313887928512037	0.009056479515811122
unseen_cell_line	test_macro_auprc	expression_programs	regulons_programs	45	0.446648002519986	0.45534282122566755	0.008694818705681562
unseen_cell_line	test_macro_auprc	expression_programs	regulons_programs	46	0.44956711469119676	0.4446750788841993	-0.00489203580699743
unseen_cell_line	test_antagonism_auprc	expression_programs	regulons_programs	42	0.22523802219949296	0.18777097271523682	-0.03746704948425614
unseen_cell_line	test_antagonism_auprc	expression_programs	regulons_programs	43	0.21070663624787533	0.21447541311809848	0.003768776870223145
unseen_cell_line	test_antagonism_auprc	expression_programs	regulons_programs	44	0.18842117967086364	0.1998036574696828	0.011382477798819152
unseen_cell_line	test_antagonism_auprc	expression_programs	regulons_programs	45	0.18680304488066146	0.20534285469017538	0.01853980980951392
unseen_cell_line	test_antagonism_auprc	expression_programs	regulons_programs	46	0.18970006847889398	0.17905344468039813	-0.010646623798495847
unseen_cell_line	test_synergy_auprc	expression_programs	regulons_programs	42	0.24618588580726633	0.23427677823155457	-0.011909107575711758
unseen_cell_line	test_synergy_auprc	expression_programs	regulons_programs	43	0.21198331388545769	0.2360548467267179	0.024071532841260207
unseen_cell_line	test_synergy_auprc	expression_programs	regulons_programs	44	0.22491563059535838	0.22711032713740492	0.0021946965420465425
unseen_cell_line	test_synergy_auprc	expression_programs	regulons_programs	45	0.2226111838613953	0.23010584928861333	0.007494665427218022
unseen_cell_line	test_synergy_auprc	expression_programs	regulons_programs	46	0.24008813227939316	0.2233303218873321	-0.016757810392061062
unseen_cell_line	test_macro_f1	expression_programs	expression_regulons_programs	42	0.4820550352986838	0.4621664395878704	-0.019888595710813417
unseen_cell_line	test_macro_f1	expression_programs	expression_regulons_programs	43	0.4619110669121669	0.46584886703170963	0.003937800119542756
unseen_cell_line	test_macro_f1	expression_programs	expression_regulons_programs	44	0.45173835755840597	0.44313496589783335	-0.008603391660572612
unseen_cell_line	test_macro_f1	expression_programs	expression_regulons_programs	45	0.46431103976193583	0.4603245949117984	-0.003986444850137438
unseen_cell_line	test_macro_f1	expression_programs	expression_regulons_programs	46	0.46095659146791507	0.4754965730935293	0.014539981625614207
unseen_cell_line	test_balanced_accuracy	expression_programs	expression_regulons_programs	42	0.5321595346926845	0.5394853629739441	0.007325828281259605
unseen_cell_line	test_balanced_accuracy	expression_programs	expression_regulons_programs	43	0.5395745061904837	0.5107347616247442	-0.028839744565739567
unseen_cell_line	test_balanced_accuracy	expression_programs	expression_regulons_programs	44	0.5251704817941367	0.5271025034976143	0.0019320217034776155
unseen_cell_line	test_balanced_accuracy	expression_programs	expression_regulons_programs	45	0.5358212225117976	0.5503968066038691	0.014575584092071492
unseen_cell_line	test_balanced_accuracy	expression_programs	expression_regulons_programs	46	0.533008438882221	0.5423983250015784	0.009389886119357316
unseen_cell_line	test_macro_ovr_auroc	expression_programs	expression_regulons_programs	42	0.704193663611116	0.7060337691217901	0.0018401055106740394
unseen_cell_line	test_macro_ovr_auroc	expression_programs	expression_regulons_programs	43	0.6890058193828498	0.6944432367375701	0.005437417354720364
unseen_cell_line	test_macro_ovr_auroc	expression_programs	expression_regulons_programs	44	0.6893999806162286	0.6726136502334038	-0.016786330382824843
unseen_cell_line	test_macro_ovr_auroc	expression_programs	expression_regulons_programs	45	0.6969342529814483	0.7000590322366725	0.0031247792552242526
unseen_cell_line	test_macro_ovr_auroc	expression_programs	expression_regulons_programs	46	0.6923422387957179	0.7071174733522513	0.014775234556533401
unseen_cell_line	test_macro_auprc	expression_programs	expression_regulons_programs	42	0.4663179307926583	0.45353434084611827	-0.012783589946540053
unseen_cell_line	test_macro_auprc	expression_programs	expression_regulons_programs	43	0.4510026362602506	0.4457249577221729	-0.005277678538077701
unseen_cell_line	test_macro_auprc	expression_programs	expression_regulons_programs	44	0.44408239976930924	0.44181384716839345	-0.0022685526009157964
unseen_cell_line	test_macro_auprc	expression_programs	expression_regulons_programs	45	0.446648002519986	0.4525902296040285	0.005942227084042517
unseen_cell_line	test_macro_auprc	expression_programs	expression_regulons_programs	46	0.44956711469119676	0.46540120885672426	0.0158340941655275
unseen_cell_line	test_antagonism_auprc	expression_programs	expression_regulons_programs	42	0.22523802219949296	0.20894439394851025	-0.01629362825098271
unseen_cell_line	test_antagonism_auprc	expression_programs	expression_regulons_programs	43	0.21070663624787533	0.17737848394845657	-0.03332815229941877
unseen_cell_line	test_antagonism_auprc	expression_programs	expression_regulons_programs	44	0.18842117967086364	0.20863998941990194	0.020218809749038308
unseen_cell_line	test_antagonism_auprc	expression_programs	expression_regulons_programs	45	0.18680304488066146	0.19285527208680964	0.006052227206148175
unseen_cell_line	test_antagonism_auprc	expression_programs	expression_regulons_programs	46	0.18970006847889398	0.22709426336364902	0.03739419488475504
unseen_cell_line	test_synergy_auprc	expression_programs	expression_regulons_programs	42	0.24618588580726633	0.2223189042866724	-0.02386698152059394
unseen_cell_line	test_synergy_auprc	expression_programs	expression_regulons_programs	43	0.21198331388545769	0.23228482998508285	0.02030151609962516
unseen_cell_line	test_synergy_auprc	expression_programs	expression_regulons_programs	44	0.22491563059535838	0.19526784492840765	-0.029647785666950727
unseen_cell_line	test_synergy_auprc	expression_programs	expression_regulons_programs	45	0.2226111838613953	0.24136147698490523	0.018750293123509926
unseen_cell_line	test_synergy_auprc	expression_programs	expression_regulons_programs	46	0.24008813227939316	0.2440933638826897	0.00400523160329655
unseen_cell_line	test_macro_f1	regulons_programs	expression_regulons_programs	42	0.47636225793269227	0.4621664395878704	-0.014195818344821864
unseen_cell_line	test_macro_f1	regulons_programs	expression_regulons_programs	43	0.4733953624980412	0.46584886703170963	-0.007546495466331571
unseen_cell_line	test_macro_f1	regulons_programs	expression_regulons_programs	44	0.474601605804346	0.44313496589783335	-0.03146663990651266
unseen_cell_line	test_macro_f1	regulons_programs	expression_regulons_programs	45	0.46146972180094775	0.4603245949117984	-0.0011451268891493616
unseen_cell_line	test_macro_f1	regulons_programs	expression_regulons_programs	46	0.444894882492171	0.4754965730935293	0.030601690601358256
unseen_cell_line	test_balanced_accuracy	regulons_programs	expression_regulons_programs	42	0.5493442800570277	0.5394853629739441	-0.009858917083083618
unseen_cell_line	test_balanced_accuracy	regulons_programs	expression_regulons_programs	43	0.5351182461259968	0.5107347616247442	-0.024383484501252606
unseen_cell_line	test_balanced_accuracy	regulons_programs	expression_regulons_programs	44	0.5495163892013868	0.5271025034976143	-0.02241388570377245
unseen_cell_line	test_balanced_accuracy	regulons_programs	expression_regulons_programs	45	0.5529767690825395	0.5503968066038691	-0.002579962478670317
unseen_cell_line	test_balanced_accuracy	regulons_programs	expression_regulons_programs	46	0.5438597629615302	0.5423983250015784	-0.0014614379599517946
unseen_cell_line	test_macro_ovr_auroc	regulons_programs	expression_regulons_programs	42	0.7073881689264017	0.7060337691217901	-0.0013543998046116057
unseen_cell_line	test_macro_ovr_auroc	regulons_programs	expression_regulons_programs	43	0.7041771566688636	0.6944432367375701	-0.009733919931293467
unseen_cell_line	test_macro_ovr_auroc	regulons_programs	expression_regulons_programs	44	0.7031749649681583	0.6726136502334038	-0.03056131473475454
unseen_cell_line	test_macro_ovr_auroc	regulons_programs	expression_regulons_programs	45	0.7092465259619732	0.7000590322366725	-0.0091874937253007
unseen_cell_line	test_macro_ovr_auroc	regulons_programs	expression_regulons_programs	46	0.7005391120413176	0.7071174733522513	0.0065783613109337
unseen_cell_line	test_macro_auprc	regulons_programs	expression_regulons_programs	42	0.45028594938738326	0.45353434084611827	0.0032483914587350116
unseen_cell_line	test_macro_auprc	regulons_programs	expression_regulons_programs	43	0.45867906840829686	0.4457249577221729	-0.012954110686123954
unseen_cell_line	test_macro_auprc	regulons_programs	expression_regulons_programs	44	0.45313887928512037	0.44181384716839345	-0.011325032116726919
unseen_cell_line	test_macro_auprc	regulons_programs	expression_regulons_programs	45	0.45534282122566755	0.4525902296040285	-0.0027525916216390445
unseen_cell_line	test_macro_auprc	regulons_programs	expression_regulons_programs	46	0.4446750788841993	0.46540120885672426	0.02072612997252493
unseen_cell_line	test_antagonism_auprc	regulons_programs	expression_regulons_programs	42	0.18777097271523682	0.20894439394851025	0.021173421233273426
unseen_cell_line	test_antagonism_auprc	regulons_programs	expression_regulons_programs	43	0.21447541311809848	0.17737848394845657	-0.03709692916964191
unseen_cell_line	test_antagonism_auprc	regulons_programs	expression_regulons_programs	44	0.1998036574696828	0.20863998941990194	0.008836331950219156
unseen_cell_line	test_antagonism_auprc	regulons_programs	expression_regulons_programs	45	0.20534285469017538	0.19285527208680964	-0.012487582603365743
unseen_cell_line	test_antagonism_auprc	regulons_programs	expression_regulons_programs	46	0.17905344468039813	0.22709426336364902	0.048040818683250885
unseen_cell_line	test_synergy_auprc	regulons_programs	expression_regulons_programs	42	0.23427677823155457	0.2223189042866724	-0.01195787394488218
unseen_cell_line	test_synergy_auprc	regulons_programs	expression_regulons_programs	43	0.2360548467267179	0.23228482998508285	-0.003770016741635046
unseen_cell_line	test_synergy_auprc	regulons_programs	expression_regulons_programs	44	0.22711032713740492	0.19526784492840765	-0.03184248220899727
unseen_cell_line	test_synergy_auprc	regulons_programs	expression_regulons_programs	45	0.23010584928861333	0.24136147698490523	0.011255627696291903
unseen_cell_line	test_synergy_auprc	regulons_programs	expression_regulons_programs	46	0.2233303218873321	0.2440933638826897	0.020763041995357612
unseen_drug	test_macro_f1	programs	expression_programs	42	0.5274158614690485	0.5393484434826759	0.011932582013627346
unseen_drug	test_macro_f1	programs	expression_programs	43	0.528382203701922	0.5729545054408296	0.04457230173890758
unseen_drug	test_macro_f1	programs	expression_programs	44	0.5389480739036769	0.5412972911503547	0.002349217246677804
unseen_drug	test_macro_f1	programs	expression_programs	45	0.5406802871392786	0.5800648142337982	0.03938452709451956
unseen_drug	test_macro_f1	programs	expression_programs	46	0.5226853767320305	0.5326722874819277	0.009986910749897215
unseen_drug	test_balanced_accuracy	programs	expression_programs	42	0.589401040668033	0.6497466381341062	0.06034559746607315
unseen_drug	test_balanced_accuracy	programs	expression_programs	43	0.6241842782497081	0.6618339262789569	0.03764964802924875
unseen_drug	test_balanced_accuracy	programs	expression_programs	44	0.6243100817594032	0.6172160703740971	-0.007094011385306076
unseen_drug	test_balanced_accuracy	programs	expression_programs	45	0.6090268713617587	0.6592466196783638	0.05021974831660514
unseen_drug	test_balanced_accuracy	programs	expression_programs	46	0.6308254359796851	0.6177347761949141	-0.013090659784770975
unseen_drug	test_macro_ovr_auroc	programs	expression_programs	42	0.7599003610884432	0.8073137509958254	0.0474133899073822
unseen_drug	test_macro_ovr_auroc	programs	expression_programs	43	0.7820682787785858	0.8134630768887104	0.03139479811012469
unseen_drug	test_macro_ovr_auroc	programs	expression_programs	44	0.7830922555122083	0.7819184166376214	-0.0011738388745868855
unseen_drug	test_macro_ovr_auroc	programs	expression_programs	45	0.7802715735324623	0.8216390867101105	0.041367513177648196
unseen_drug	test_macro_ovr_auroc	programs	expression_programs	46	0.792497427469519	0.7822267826552437	-0.01027064481427531
unseen_drug	test_macro_auprc	programs	expression_programs	42	0.541730678392671	0.5670081221943354	0.025277443801664412
unseen_drug	test_macro_auprc	programs	expression_programs	43	0.5681410163988723	0.5995324252123893	0.031391408813516986
unseen_drug	test_macro_auprc	programs	expression_programs	44	0.5607165156398214	0.5608781082046367	0.00016159256481529383
unseen_drug	test_macro_auprc	programs	expression_programs	45	0.568313131456286	0.6113990318831456	0.04308590042685956
unseen_drug	test_macro_auprc	programs	expression_programs	46	0.5767676604167131	0.5645925319093302	-0.012175128507382893
unseen_drug	test_antagonism_auprc	programs	expression_programs	42	0.28329845037915974	0.3349712494465662	0.05167279906740646
unseen_drug	test_antagonism_auprc	programs	expression_programs	43	0.3498711962133173	0.4046173208137599	0.05474612460044259
unseen_drug	test_antagonism_auprc	programs	expression_programs	44	0.32337460413113417	0.33387447839550694	0.010499874264372766
unseen_drug	test_antagonism_auprc	programs	expression_programs	45	0.3374993333280371	0.41338246032510984	0.07588312699707273
unseen_drug	test_antagonism_auprc	programs	expression_programs	46	0.37353130990240807	0.33754248020115235	-0.03598882970125572
unseen_drug	test_synergy_auprc	programs	expression_programs	42	0.41557671830120574	0.4199973221270918	0.004420603825886049
unseen_drug	test_synergy_auprc	programs	expression_programs	43	0.42088718780135104	0.4506240087702206	0.029736820968869537
unseen_drug	test_synergy_auprc	programs	expression_programs	44	0.4201383509253188	0.4123803537464551	-0.007757997178863718
unseen_drug	test_synergy_auprc	programs	expression_programs	45	0.43666402306563223	0.4736044344473288	0.03694041138169657
unseen_drug	test_synergy_auprc	programs	expression_programs	46	0.4197285222597688	0.4215522848276969	0.0018237625679281
unseen_drug	test_macro_f1	programs	regulons_programs	42	0.5274158614690485	0.5442314719942668	0.016815610525218294
unseen_drug	test_macro_f1	programs	regulons_programs	43	0.528382203701922	0.5370739532923844	0.008691749590462372
unseen_drug	test_macro_f1	programs	regulons_programs	44	0.5389480739036769	0.5656913383235861	0.026743264419909152
unseen_drug	test_macro_f1	programs	regulons_programs	45	0.5406802871392786	0.5504675667129999	0.009787279573721275
unseen_drug	test_macro_f1	programs	regulons_programs	46	0.5226853767320305	0.5426346002330341	0.019949223501003588
unseen_drug	test_balanced_accuracy	programs	regulons_programs	42	0.589401040668033	0.6445528156861483	0.0551517750181153
unseen_drug	test_balanced_accuracy	programs	regulons_programs	43	0.6241842782497081	0.6560059059568223	0.031821627707114164
unseen_drug	test_balanced_accuracy	programs	regulons_programs	44	0.6243100817594032	0.6681103054149032	0.04380022365550007
unseen_drug	test_balanced_accuracy	programs	regulons_programs	45	0.6090268713617587	0.6427830768929849	0.03375620553122616
unseen_drug	test_balanced_accuracy	programs	regulons_programs	46	0.6308254359796851	0.6288931576643092	-0.0019322783153759016
unseen_drug	test_macro_ovr_auroc	programs	regulons_programs	42	0.7599003610884432	0.8021154410951254	0.04221508000668228
unseen_drug	test_macro_ovr_auroc	programs	regulons_programs	43	0.7820682787785858	0.8071015215035894	0.025033242725003624
unseen_drug	test_macro_ovr_auroc	programs	regulons_programs	44	0.7830922555122083	0.8122211247120633	0.029128869199855023
unseen_drug	test_macro_ovr_auroc	programs	regulons_programs	45	0.7802715735324623	0.7951938624710316	0.014922288938569284
unseen_drug	test_macro_ovr_auroc	programs	regulons_programs	46	0.792497427469519	0.7898550449748836	-0.0026423824946354424
unseen_drug	test_macro_auprc	programs	regulons_programs	42	0.541730678392671	0.5859388770551726	0.044208198662501585
unseen_drug	test_macro_auprc	programs	regulons_programs	43	0.5681410163988723	0.5767663933622206	0.008625376963348308
unseen_drug	test_macro_auprc	programs	regulons_programs	44	0.5607165156398214	0.5799469814352011	0.01923046579537968
unseen_drug	test_macro_auprc	programs	regulons_programs	45	0.568313131456286	0.5800320882109088	0.011718956754622756
unseen_drug	test_macro_auprc	programs	regulons_programs	46	0.5767676604167131	0.5620612553084369	-0.014706405108276255
unseen_drug	test_antagonism_auprc	programs	regulons_programs	42	0.28329845037915974	0.3826338796915919	0.09933542931243217
unseen_drug	test_antagonism_auprc	programs	regulons_programs	43	0.3498711962133173	0.37652765676327304	0.02665646054995574
unseen_drug	test_antagonism_auprc	programs	regulons_programs	44	0.32337460413113417	0.3437773588977459	0.02040275476661174
unseen_drug	test_antagonism_auprc	programs	regulons_programs	45	0.3374993333280371	0.3623675964985539	0.02486826317051677
unseen_drug	test_antagonism_auprc	programs	regulons_programs	46	0.37353130990240807	0.33158540865166564	-0.041945901250742434
unseen_drug	test_synergy_auprc	programs	regulons_programs	42	0.41557671830120574	0.43627368649723847	0.020696968196032728
unseen_drug	test_synergy_auprc	programs	regulons_programs	43	0.42088718780135104	0.40932456749142754	-0.0115626203099235
unseen_drug	test_synergy_auprc	programs	regulons_programs	44	0.4201383509253188	0.45016729598884175	0.030028945063522938
unseen_drug	test_synergy_auprc	programs	regulons_programs	45	0.43666402306563223	0.4333851865990946	-0.003278836466537649
unseen_drug	test_synergy_auprc	programs	regulons_programs	46	0.4197285222597688	0.41323693102469294	-0.0064915912350758664
unseen_drug	test_macro_f1	programs	expression_regulons_programs	42	0.5274158614690485	0.5569568470110743	0.029540985542025777
unseen_drug	test_macro_f1	programs	expression_regulons_programs	43	0.528382203701922	0.5537152998738153	0.025333096171893277
unseen_drug	test_macro_f1	programs	expression_regulons_programs	44	0.5389480739036769	0.5623546581543967	0.02340658425071973
unseen_drug	test_macro_f1	programs	expression_regulons_programs	45	0.5406802871392786	0.5738708472752213	0.03319056013594268
unseen_drug	test_macro_f1	programs	expression_regulons_programs	46	0.5226853767320305	0.5320854345152178	0.00940005778318731
unseen_drug	test_balanced_accuracy	programs	expression_regulons_programs	42	0.589401040668033	0.6446517121103722	0.055250671442339194
unseen_drug	test_balanced_accuracy	programs	expression_regulons_programs	43	0.6241842782497081	0.648289621871533	0.024105343621824926
unseen_drug	test_balanced_accuracy	programs	expression_regulons_programs	44	0.6243100817594032	0.6211861283426724	-0.0031239534167307736
unseen_drug	test_balanced_accuracy	programs	expression_regulons_programs	45	0.6090268713617587	0.6539838301682398	0.044956958806481095
unseen_drug	test_balanced_accuracy	programs	expression_regulons_programs	46	0.6308254359796851	0.5854109222977012	-0.045414513681983903
unseen_drug	test_macro_ovr_auroc	programs	expression_regulons_programs	42	0.7599003610884432	0.804396825004375	0.04449646391593187
unseen_drug	test_macro_ovr_auroc	programs	expression_regulons_programs	43	0.7820682787785858	0.806368596220136	0.024300317441550257
unseen_drug	test_macro_ovr_auroc	programs	expression_regulons_programs	44	0.7830922555122083	0.7849354728456296	0.0018432173334212987
unseen_drug	test_macro_ovr_auroc	programs	expression_regulons_programs	45	0.7802715735324623	0.8122393597537491	0.03196778622128671
unseen_drug	test_macro_ovr_auroc	programs	expression_regulons_programs	46	0.792497427469519	0.7590136275116723	-0.03348379995784667
unseen_drug	test_macro_auprc	programs	expression_regulons_programs	42	0.541730678392671	0.579558379438556	0.037827701045885065
unseen_drug	test_macro_auprc	programs	expression_regulons_programs	43	0.5681410163988723	0.5790896362923225	0.010948619893450195
unseen_drug	test_macro_auprc	programs	expression_regulons_programs	44	0.5607165156398214	0.5739965479878115	0.013280032347990134
unseen_drug	test_macro_auprc	programs	expression_regulons_programs	45	0.568313131456286	0.5943295245335676	0.02601639307728154
unseen_drug	test_macro_auprc	programs	expression_regulons_programs	46	0.5767676604167131	0.5390366599285636	-0.03773100048814948
unseen_drug	test_antagonism_auprc	programs	expression_regulons_programs	42	0.28329845037915974	0.3613992738400053	0.07810082346084557
unseen_drug	test_antagonism_auprc	programs	expression_regulons_programs	43	0.3498711962133173	0.3736561848187474	0.023784988605430102
unseen_drug	test_antagonism_auprc	programs	expression_regulons_programs	44	0.32337460413113417	0.3622945232763143	0.038919919145180115
unseen_drug	test_antagonism_auprc	programs	expression_regulons_programs	45	0.3374993333280371	0.4004560229082142	0.06295668958017708
unseen_drug	test_antagonism_auprc	programs	expression_regulons_programs	46	0.37353130990240807	0.31517657203845906	-0.05835473786394901
unseen_drug	test_synergy_auprc	programs	expression_regulons_programs	42	0.41557671830120574	0.432134443393107	0.016557725091901287
unseen_drug	test_synergy_auprc	programs	expression_regulons_programs	43	0.42088718780135104	0.41949612688657956	-0.0013910609147714803
unseen_drug	test_synergy_auprc	programs	expression_regulons_programs	44	0.4201383509253188	0.42555972734758085	0.005421376422262036
unseen_drug	test_synergy_auprc	programs	expression_regulons_programs	45	0.43666402306563223	0.44070051091661894	0.004036487850986703
unseen_drug	test_synergy_auprc	programs	expression_regulons_programs	46	0.4197285222597688	0.38154994299852707	-0.03817857926124174
unseen_drug	test_macro_f1	expression_programs	regulons_programs	42	0.5393484434826759	0.5442314719942668	0.004883028511590948
unseen_drug	test_macro_f1	expression_programs	regulons_programs	43	0.5729545054408296	0.5370739532923844	-0.03588055214844521
unseen_drug	test_macro_f1	expression_programs	regulons_programs	44	0.5412972911503547	0.5656913383235861	0.024394047173231348
unseen_drug	test_macro_f1	expression_programs	regulons_programs	45	0.5800648142337982	0.5504675667129999	-0.029597247520798287
unseen_drug	test_macro_f1	expression_programs	regulons_programs	46	0.5326722874819277	0.5426346002330341	0.009962312751106372
unseen_drug	test_balanced_accuracy	expression_programs	regulons_programs	42	0.6497466381341062	0.6445528156861483	-0.005193822447957852
unseen_drug	test_balanced_accuracy	expression_programs	regulons_programs	43	0.6618339262789569	0.6560059059568223	-0.005828020322134586
unseen_drug	test_balanced_accuracy	expression_programs	regulons_programs	44	0.6172160703740971	0.6681103054149032	0.050894235040806146
unseen_drug	test_balanced_accuracy	expression_programs	regulons_programs	45	0.6592466196783638	0.6427830768929849	-0.016463542785378982
unseen_drug	test_balanced_accuracy	expression_programs	regulons_programs	46	0.6177347761949141	0.6288931576643092	0.011158381469395073
unseen_drug	test_macro_ovr_auroc	expression_programs	regulons_programs	42	0.8073137509958254	0.8021154410951254	-0.005198309900699916
unseen_drug	test_macro_ovr_auroc	expression_programs	regulons_programs	43	0.8134630768887104	0.8071015215035894	-0.006361555385121065
unseen_drug	test_macro_ovr_auroc	expression_programs	regulons_programs	44	0.7819184166376214	0.8122211247120633	0.03030270807444191
unseen_drug	test_macro_ovr_auroc	expression_programs	regulons_programs	45	0.8216390867101105	0.7951938624710316	-0.026445224239078913
unseen_drug	test_macro_ovr_auroc	expression_programs	regulons_programs	46	0.7822267826552437	0.7898550449748836	0.007628262319639867
unseen_drug	test_macro_auprc	expression_programs	regulons_programs	42	0.5670081221943354	0.5859388770551726	0.018930754860837173
unseen_drug	test_macro_auprc	expression_programs	regulons_programs	43	0.5995324252123893	0.5767663933622206	-0.022766031850168678
unseen_drug	test_macro_auprc	expression_programs	regulons_programs	44	0.5608781082046367	0.5799469814352011	0.019068873230564387
unseen_drug	test_macro_auprc	expression_programs	regulons_programs	45	0.6113990318831456	0.5800320882109088	-0.0313669436722368
unseen_drug	test_macro_auprc	expression_programs	regulons_programs	46	0.5645925319093302	0.5620612553084369	-0.002531276600893362
unseen_drug	test_antagonism_auprc	expression_programs	regulons_programs	42	0.3349712494465662	0.3826338796915919	0.047662630245025706
unseen_drug	test_antagonism_auprc	expression_programs	regulons_programs	43	0.4046173208137599	0.37652765676327304	-0.02808966405048685
unseen_drug	test_antagonism_auprc	expression_programs	regulons_programs	44	0.33387447839550694	0.3437773588977459	0.009902880502238975
unseen_drug	test_antagonism_auprc	expression_programs	regulons_programs	45	0.41338246032510984	0.3623675964985539	-0.051014863826555956
unseen_drug	test_antagonism_auprc	expression_programs	regulons_programs	46	0.33754248020115235	0.33158540865166564	-0.005957071549486714
unseen_drug	test_synergy_auprc	expression_programs	regulons_programs	42	0.4199973221270918	0.43627368649723847	0.01627636437014668
unseen_drug	test_synergy_auprc	expression_programs	regulons_programs	43	0.4506240087702206	0.40932456749142754	-0.041299441278793037
unseen_drug	test_synergy_auprc	expression_programs	regulons_programs	44	0.4123803537464551	0.45016729598884175	0.037786942242386656
unseen_drug	test_synergy_auprc	expression_programs	regulons_programs	45	0.4736044344473288	0.4333851865990946	-0.04021924784823422
unseen_drug	test_synergy_auprc	expression_programs	regulons_programs	46	0.4215522848276969	0.41323693102469294	-0.008315353803003966
unseen_drug	test_macro_f1	expression_programs	expression_regulons_programs	42	0.5393484434826759	0.5569568470110743	0.01760840352839843
unseen_drug	test_macro_f1	expression_programs	expression_regulons_programs	43	0.5729545054408296	0.5537152998738153	-0.019239205567014306
unseen_drug	test_macro_f1	expression_programs	expression_regulons_programs	44	0.5412972911503547	0.5623546581543967	0.021057367004041927
unseen_drug	test_macro_f1	expression_programs	expression_regulons_programs	45	0.5800648142337982	0.5738708472752213	-0.00619396695857688
unseen_drug	test_macro_f1	expression_programs	expression_regulons_programs	46	0.5326722874819277	0.5320854345152178	-0.0005868529667099054
unseen_drug	test_balanced_accuracy	expression_programs	expression_regulons_programs	42	0.6497466381341062	0.6446517121103722	-0.005094926023733959
unseen_drug	test_balanced_accuracy	expression_programs	expression_regulons_programs	43	0.6618339262789569	0.648289621871533	-0.013544304407423824
unseen_drug	test_balanced_accuracy	expression_programs	expression_regulons_programs	44	0.6172160703740971	0.6211861283426724	0.003970057968575302
unseen_drug	test_balanced_accuracy	expression_programs	expression_regulons_programs	45	0.6592466196783638	0.6539838301682398	-0.005262789510124044
unseen_drug	test_balanced_accuracy	expression_programs	expression_regulons_programs	46	0.6177347761949141	0.5854109222977012	-0.03232385389721293
unseen_drug	test_macro_ovr_auroc	expression_programs	expression_regulons_programs	42	0.8073137509958254	0.804396825004375	-0.0029169259914503254
unseen_drug	test_macro_ovr_auroc	expression_programs	expression_regulons_programs	43	0.8134630768887104	0.806368596220136	-0.007094480668574432
unseen_drug	test_macro_ovr_auroc	expression_programs	expression_regulons_programs	44	0.7819184166376214	0.7849354728456296	0.003017056208008184
unseen_drug	test_macro_ovr_auroc	expression_programs	expression_regulons_programs	45	0.8216390867101105	0.8122393597537491	-0.009399726956361487
unseen_drug	test_macro_ovr_auroc	expression_programs	expression_regulons_programs	46	0.7822267826552437	0.7590136275116723	-0.023213155143571362
unseen_drug	test_macro_auprc	expression_programs	expression_regulons_programs	42	0.5670081221943354	0.579558379438556	0.012550257244220653
unseen_drug	test_macro_auprc	expression_programs	expression_regulons_programs	43	0.5995324252123893	0.5790896362923225	-0.02044278892006679
unseen_drug	test_macro_auprc	expression_programs	expression_regulons_programs	44	0.5608781082046367	0.5739965479878115	0.01311843978317484
unseen_drug	test_macro_auprc	expression_programs	expression_regulons_programs	45	0.6113990318831456	0.5943295245335676	-0.017069507349578017
unseen_drug	test_macro_auprc	expression_programs	expression_regulons_programs	46	0.5645925319093302	0.5390366599285636	-0.025555871980766587
unseen_drug	test_antagonism_auprc	expression_programs	expression_regulons_programs	42	0.3349712494465662	0.3613992738400053	0.02642802439343911
unseen_drug	test_antagonism_auprc	expression_programs	expression_regulons_programs	43	0.4046173208137599	0.3736561848187474	-0.03096113599501249
unseen_drug	test_antagonism_auprc	expression_programs	expression_regulons_programs	44	0.33387447839550694	0.3622945232763143	0.02842004488080735
unseen_drug	test_antagonism_auprc	expression_programs	expression_regulons_programs	45	0.41338246032510984	0.4004560229082142	-0.012926437416895642
unseen_drug	test_antagonism_auprc	expression_programs	expression_regulons_programs	46	0.33754248020115235	0.31517657203845906	-0.022365908162693293
unseen_drug	test_synergy_auprc	expression_programs	expression_regulons_programs	42	0.4199973221270918	0.432134443393107	0.012137121266015238
unseen_drug	test_synergy_auprc	expression_programs	expression_regulons_programs	43	0.4506240087702206	0.41949612688657956	-0.031127881883641018
unseen_drug	test_synergy_auprc	expression_programs	expression_regulons_programs	44	0.4123803537464551	0.42555972734758085	0.013179373601125755
unseen_drug	test_synergy_auprc	expression_programs	expression_regulons_programs	45	0.4736044344473288	0.44070051091661894	-0.032903923530709867
unseen_drug	test_synergy_auprc	expression_programs	expression_regulons_programs	46	0.4215522848276969	0.38154994299852707	-0.04000234182916984
unseen_drug	test_macro_f1	regulons_programs	expression_regulons_programs	42	0.5442314719942668	0.5569568470110743	0.012725375016807483
unseen_drug	test_macro_f1	regulons_programs	expression_regulons_programs	43	0.5370739532923844	0.5537152998738153	0.016641346581430905
unseen_drug	test_macro_f1	regulons_programs	expression_regulons_programs	44	0.5656913383235861	0.5623546581543967	-0.003336680169189421
unseen_drug	test_macro_f1	regulons_programs	expression_regulons_programs	45	0.5504675667129999	0.5738708472752213	0.023403280562221407
unseen_drug	test_macro_f1	regulons_programs	expression_regulons_programs	46	0.5426346002330341	0.5320854345152178	-0.010549165717816278
unseen_drug	test_balanced_accuracy	regulons_programs	expression_regulons_programs	42	0.6445528156861483	0.6446517121103722	9.889642422389322e-05
unseen_drug	test_balanced_accuracy	regulons_programs	expression_regulons_programs	43	0.6560059059568223	0.648289621871533	-0.007716284085289238
unseen_drug	test_balanced_accuracy	regulons_programs	expression_regulons_programs	44	0.6681103054149032	0.6211861283426724	-0.046924177072230844
unseen_drug	test_balanced_accuracy	regulons_programs	expression_regulons_programs	45	0.6427830768929849	0.6539838301682398	0.011200753275254938
unseen_drug	test_balanced_accuracy	regulons_programs	expression_regulons_programs	46	0.6288931576643092	0.5854109222977012	-0.043482235366608
unseen_drug	test_macro_ovr_auroc	regulons_programs	expression_regulons_programs	42	0.8021154410951254	0.804396825004375	0.0022813839092495902
unseen_drug	test_macro_ovr_auroc	regulons_programs	expression_regulons_programs	43	0.8071015215035894	0.806368596220136	-0.0007329252834533673
unseen_drug	test_macro_ovr_auroc	regulons_programs	expression_regulons_programs	44	0.8122211247120633	0.7849354728456296	-0.027285651866433724
unseen_drug	test_macro_ovr_auroc	regulons_programs	expression_regulons_programs	45	0.7951938624710316	0.8122393597537491	0.017045497282717426
unseen_drug	test_macro_ovr_auroc	regulons_programs	expression_regulons_programs	46	0.7898550449748836	0.7590136275116723	-0.03084141746321123
unseen_drug	test_macro_auprc	regulons_programs	expression_regulons_programs	42	0.5859388770551726	0.579558379438556	-0.006380497616616521
unseen_drug	test_macro_auprc	regulons_programs	expression_regulons_programs	43	0.5767663933622206	0.5790896362923225	0.0023232429301018875
unseen_drug	test_macro_auprc	regulons_programs	expression_regulons_programs	44	0.5799469814352011	0.5739965479878115	-0.005950433447389547
unseen_drug	test_macro_auprc	regulons_programs	expression_regulons_programs	45	0.5800320882109088	0.5943295245335676	0.014297436322658785
unseen_drug	test_macro_auprc	regulons_programs	expression_regulons_programs	46	0.5620612553084369	0.5390366599285636	-0.023024595379873225
unseen_drug	test_antagonism_auprc	regulons_programs	expression_regulons_programs	42	0.3826338796915919	0.3613992738400053	-0.021234605851586597
unseen_drug	test_antagonism_auprc	regulons_programs	expression_regulons_programs	43	0.37652765676327304	0.3736561848187474	-0.0028714719445256387
unseen_drug	test_antagonism_auprc	regulons_programs	expression_regulons_programs	44	0.3437773588977459	0.3622945232763143	0.018517164378568374
unseen_drug	test_antagonism_auprc	regulons_programs	expression_regulons_programs	45	0.3623675964985539	0.4004560229082142	0.038088426409660314
unseen_drug	test_antagonism_auprc	regulons_programs	expression_regulons_programs	46	0.33158540865166564	0.31517657203845906	-0.01640883661320658
unseen_drug	test_synergy_auprc	regulons_programs	expression_regulons_programs	42	0.43627368649723847	0.432134443393107	-0.00413924310413144
unseen_drug	test_synergy_auprc	regulons_programs	expression_regulons_programs	43	0.40932456749142754	0.41949612688657956	0.010171559395152019
unseen_drug	test_synergy_auprc	regulons_programs	expression_regulons_programs	44	0.45016729598884175	0.42555972734758085	-0.024607568641260902
unseen_drug	test_synergy_auprc	regulons_programs	expression_regulons_programs	45	0.4333851865990946	0.44070051091661894	0.007315324317524352
unseen_drug	test_synergy_auprc	regulons_programs	expression_regulons_programs	46	0.41323693102469294	0.38154994299852707	-0.031686988026165874
unseen_both	test_macro_f1	programs	expression_programs	42	0.4169825383611226	0.3910209251706817	-0.02596161319044088
unseen_both	test_macro_f1	programs	expression_programs	43	0.4368024115272558	0.3989134243218296	-0.03788898720542622
unseen_both	test_macro_f1	programs	expression_programs	44	0.4310007109442848	0.40931910574403596	-0.021681605200248866
unseen_both	test_macro_f1	programs	expression_programs	45	0.4077566672634551	0.37795726535378593	-0.029799401909669176
unseen_both	test_macro_f1	programs	expression_programs	46	0.3894776404608871	0.38789774651252834	-0.0015798939483587793
unseen_both	test_balanced_accuracy	programs	expression_programs	42	0.45608505782097986	0.400845238974695	-0.05523981884628487
unseen_both	test_balanced_accuracy	programs	expression_programs	43	0.44527996786097357	0.4210548788290555	-0.024225089031918057
unseen_both	test_balanced_accuracy	programs	expression_programs	44	0.45726861878093544	0.41512961656565933	-0.04213900221527611
unseen_both	test_balanced_accuracy	programs	expression_programs	45	0.404019102910602	0.3803243520162857	-0.023694750894316274
unseen_both	test_balanced_accuracy	programs	expression_programs	46	0.39006151432346353	0.3928046529123194	0.002743138588855887
unseen_both	test_macro_ovr_auroc	programs	expression_programs	42	0.6844998138344957	0.5961735139666968	-0.08832629986779883
unseen_both	test_macro_ovr_auroc	programs	expression_programs	43	0.6471420665472442	0.5993090603626955	-0.047833006184548665
unseen_both	test_macro_ovr_auroc	programs	expression_programs	44	0.6498046263672577	0.6149997494785957	-0.03480487688866196
unseen_both	test_macro_ovr_auroc	programs	expression_programs	45	0.6104838358647551	0.5688133865844102	-0.04167044928034491
unseen_both	test_macro_ovr_auroc	programs	expression_programs	46	0.5976843969317001	0.5744596037098583	-0.02322479322184179
unseen_both	test_macro_auprc	programs	expression_programs	42	0.4193418097069784	0.39009836861250774	-0.029243441094470635
unseen_both	test_macro_auprc	programs	expression_programs	43	0.4204392676151196	0.3867378172256662	-0.033701450389453436
unseen_both	test_macro_auprc	programs	expression_programs	44	0.4227728245043454	0.4017262166576576	-0.02104660784668777
unseen_both	test_macro_auprc	programs	expression_programs	45	0.3965292195053192	0.3773553079860788	-0.019173911519240416
unseen_both	test_macro_auprc	programs	expression_programs	46	0.393868314548977	0.3822567229251245	-0.011611591623852502
unseen_both	test_antagonism_auprc	programs	expression_programs	42	0.15530123630148787	0.13027347305808318	-0.025027763243404694
unseen_both	test_antagonism_auprc	programs	expression_programs	43	0.16532644380883765	0.119389308799188	-0.04593713500964966
unseen_both	test_antagonism_auprc	programs	expression_programs	44	0.14140825857500894	0.14715336836255344	0.0057451097875445
unseen_both	test_antagonism_auprc	programs	expression_programs	45	0.11595431687348198	0.11023672375037298	-0.005717593123109002
unseen_both	test_antagonism_auprc	programs	expression_programs	46	0.10017584929426784	0.11502325969416861	0.01484741039990077
unseen_both	test_synergy_auprc	programs	expression_programs	42	0.24265798327937632	0.2060968581256289	-0.03656112515374743
unseen_both	test_synergy_auprc	programs	expression_programs	43	0.2375193800552508	0.21102426894265064	-0.026495111112600167
unseen_both	test_synergy_auprc	programs	expression_programs	44	0.24896586411668525	0.2069741083700925	-0.04199175574659275
unseen_both	test_synergy_auprc	programs	expression_programs	45	0.247713379807472	0.18948384605033547	-0.05822953375713652
unseen_both	test_synergy_auprc	programs	expression_programs	46	0.23890923547008408	0.20458598308972864	-0.03432325238035544
unseen_both	test_macro_f1	programs	regulons_programs	42	0.4169825383611226	0.3828265410721059	-0.03415599728901669
unseen_both	test_macro_f1	programs	regulons_programs	43	0.4368024115272558	0.4572049149708219	0.02040250344356609
unseen_both	test_macro_f1	programs	regulons_programs	44	0.4310007109442848	0.38910028636137417	-0.041900424582910656
unseen_both	test_macro_f1	programs	regulons_programs	45	0.4077566672634551	0.4191048263618411	0.01134815909838599
unseen_both	test_macro_f1	programs	regulons_programs	46	0.3894776404608871	0.4005186921469008	0.011041051686013659
unseen_both	test_balanced_accuracy	programs	regulons_programs	42	0.45608505782097986	0.390139645660658	-0.06594541216032185
unseen_both	test_balanced_accuracy	programs	regulons_programs	43	0.44527996786097357	0.46866891771675556	0.023388949855781993
unseen_both	test_balanced_accuracy	programs	regulons_programs	44	0.45726861878093544	0.3974841958963207	-0.05978442288461472
unseen_both	test_balanced_accuracy	programs	regulons_programs	45	0.404019102910602	0.4420362116851892	0.038017108774587194
unseen_both	test_balanced_accuracy	programs	regulons_programs	46	0.39006151432346353	0.4204119175366012	0.030350403213137644
unseen_both	test_macro_ovr_auroc	programs	regulons_programs	42	0.6844998138344957	0.5883613637737602	-0.0961384500607354
unseen_both	test_macro_ovr_auroc	programs	regulons_programs	43	0.6471420665472442	0.6680517952527388	0.02090972870549468
unseen_both	test_macro_ovr_auroc	programs	regulons_programs	44	0.6498046263672577	0.5912707126926287	-0.05853391367462901
unseen_both	test_macro_ovr_auroc	programs	regulons_programs	45	0.6104838358647551	0.611006707604563	0.0005228717398079175
unseen_both	test_macro_ovr_auroc	programs	regulons_programs	46	0.5976843969317001	0.617074911921539	0.019390514989838903
unseen_both	test_macro_auprc	programs	regulons_programs	42	0.4193418097069784	0.38441412171078465	-0.034927687996193724
unseen_both	test_macro_auprc	programs	regulons_programs	43	0.4204392676151196	0.44531884091420837	0.024879573299088742
unseen_both	test_macro_auprc	programs	regulons_programs	44	0.4227728245043454	0.38531311273412866	-0.03745971177021673
unseen_both	test_macro_auprc	programs	regulons_programs	45	0.3965292195053192	0.38897054022028427	-0.007558679285034953
unseen_both	test_macro_auprc	programs	regulons_programs	46	0.393868314548977	0.3982518453095288	0.004383530760551757
unseen_both	test_antagonism_auprc	programs	regulons_programs	42	0.15530123630148787	0.12869814895773274	-0.026603087343755133
unseen_both	test_antagonism_auprc	programs	regulons_programs	43	0.16532644380883765	0.24106196753331538	0.07573552372447773
unseen_both	test_antagonism_auprc	programs	regulons_programs	44	0.14140825857500894	0.11956262989594382	-0.021845628679065116
unseen_both	test_antagonism_auprc	programs	regulons_programs	45	0.11595431687348198	0.16903918584566488	0.0530848689721829
unseen_both	test_antagonism_auprc	programs	regulons_programs	46	0.10017584929426784	0.12247023094213327	0.02229438164786543
unseen_both	test_synergy_auprc	programs	regulons_programs	42	0.24265798327937632	0.17429315559588116	-0.06836482768349517
unseen_both	test_synergy_auprc	programs	regulons_programs	43	0.2375193800552508	0.23886408441801055	0.001344704362759741
unseen_both	test_synergy_auprc	programs	regulons_programs	44	0.24896586411668525	0.1948691983539974	-0.054096665762687846
unseen_both	test_synergy_auprc	programs	regulons_programs	45	0.247713379807472	0.1988349449928206	-0.0488784348146514
unseen_both	test_synergy_auprc	programs	regulons_programs	46	0.23890923547008408	0.216201605116346	-0.022707630353738073
unseen_both	test_macro_f1	programs	expression_regulons_programs	42	0.4169825383611226	0.39331231307772224	-0.023670225283400348
unseen_both	test_macro_f1	programs	expression_regulons_programs	43	0.4368024115272558	0.3985095527378056	-0.03829285878945021
unseen_both	test_macro_f1	programs	expression_regulons_programs	44	0.4310007109442848	0.40229555348907603	-0.028705157455208796
unseen_both	test_macro_f1	programs	expression_regulons_programs	45	0.4077566672634551	0.40801253386711916	0.00025586660366405667
unseen_both	test_macro_f1	programs	expression_regulons_programs	46	0.3894776404608871	0.40998192475243195	0.020504284291544828
unseen_both	test_balanced_accuracy	programs	expression_regulons_programs	42	0.45608505782097986	0.41031631600929414	-0.04576874181168572
unseen_both	test_balanced_accuracy	programs	expression_regulons_programs	43	0.44527996786097357	0.40220113701908106	-0.04307883084189251
unseen_both	test_balanced_accuracy	programs	expression_regulons_programs	44	0.45726861878093544	0.4304293491803943	-0.026839269600541116
unseen_both	test_balanced_accuracy	programs	expression_regulons_programs	45	0.404019102910602	0.42516607804551265	0.02114697513491065
unseen_both	test_balanced_accuracy	programs	expression_regulons_programs	46	0.39006151432346353	0.4241304406979842	0.03406892637452069
unseen_both	test_macro_ovr_auroc	programs	expression_regulons_programs	42	0.6844998138344957	0.6297410866622475	-0.05475872717224817
unseen_both	test_macro_ovr_auroc	programs	expression_regulons_programs	43	0.6471420665472442	0.6133186847748692	-0.03382338177237498
unseen_both	test_macro_ovr_auroc	programs	expression_regulons_programs	44	0.6498046263672577	0.6374082726171483	-0.01239635375010939
unseen_both	test_macro_ovr_auroc	programs	expression_regulons_programs	45	0.6104838358647551	0.5924353532523009	-0.018048482612454175
unseen_both	test_macro_ovr_auroc	programs	expression_regulons_programs	46	0.5976843969317001	0.5773250262570477	-0.020359370674652322
unseen_both	test_macro_auprc	programs	expression_regulons_programs	42	0.4193418097069784	0.39937242118078203	-0.01996938852619634
unseen_both	test_macro_auprc	programs	expression_regulons_programs	43	0.4204392676151196	0.40033905748118953	-0.020100210133930096
unseen_both	test_macro_auprc	programs	expression_regulons_programs	44	0.4227728245043454	0.39532340295162544	-0.027449421552719955
unseen_both	test_macro_auprc	programs	expression_regulons_programs	45	0.3965292195053192	0.3935895956907937	-0.002939623814525505
unseen_both	test_macro_auprc	programs	expression_regulons_programs	46	0.393868314548977	0.37913496045404343	-0.014733354094933593
unseen_both	test_antagonism_auprc	programs	expression_regulons_programs	42	0.15530123630148787	0.15212232990421876	-0.0031789063972691156
unseen_both	test_antagonism_auprc	programs	expression_regulons_programs	43	0.16532644380883765	0.12265997604039987	-0.042666467768437785
unseen_both	test_antagonism_auprc	programs	expression_regulons_programs	44	0.14140825857500894	0.1567798159946272	0.015371557419618265
unseen_both	test_antagonism_auprc	programs	expression_regulons_programs	45	0.11595431687348198	0.12241289135706852	0.0064585744835865405
unseen_both	test_antagonism_auprc	programs	expression_regulons_programs	46	0.10017584929426784	0.14011548867514728	0.03993963938087944
unseen_both	test_synergy_auprc	programs	expression_regulons_programs	42	0.24265798327937632	0.19234688122781282	-0.0503111020515635
unseen_both	test_synergy_auprc	programs	expression_regulons_programs	43	0.2375193800552508	0.20651902807077513	-0.031000351984475677
unseen_both	test_synergy_auprc	programs	expression_regulons_programs	44	0.24896586411668525	0.18777867266498094	-0.061187191451704315
unseen_both	test_synergy_auprc	programs	expression_regulons_programs	45	0.247713379807472	0.22173934661655198	-0.02597403319092001
unseen_both	test_synergy_auprc	programs	expression_regulons_programs	46	0.23890923547008408	0.17446297952685952	-0.06444625594322456
unseen_both	test_macro_f1	expression_programs	regulons_programs	42	0.3910209251706817	0.3828265410721059	-0.008194384098575813
unseen_both	test_macro_f1	expression_programs	regulons_programs	43	0.3989134243218296	0.4572049149708219	0.058291490648992306
unseen_both	test_macro_f1	expression_programs	regulons_programs	44	0.40931910574403596	0.38910028636137417	-0.02021881938266179
unseen_both	test_macro_f1	expression_programs	regulons_programs	45	0.37795726535378593	0.4191048263618411	0.04114756100805517
unseen_both	test_macro_f1	expression_programs	regulons_programs	46	0.38789774651252834	0.4005186921469008	0.012620945634372438
unseen_both	test_balanced_accuracy	expression_programs	regulons_programs	42	0.400845238974695	0.390139645660658	-0.010705593314036976
unseen_both	test_balanced_accuracy	expression_programs	regulons_programs	43	0.4210548788290555	0.46866891771675556	0.04761403888770005
unseen_both	test_balanced_accuracy	expression_programs	regulons_programs	44	0.41512961656565933	0.3974841958963207	-0.017645420669338607
unseen_both	test_balanced_accuracy	expression_programs	regulons_programs	45	0.3803243520162857	0.4420362116851892	0.06171185966890347
unseen_both	test_balanced_accuracy	expression_programs	regulons_programs	46	0.3928046529123194	0.4204119175366012	0.027607264624281758
unseen_both	test_macro_ovr_auroc	expression_programs	regulons_programs	42	0.5961735139666968	0.5883613637737602	-0.007812150192936573
unseen_both	test_macro_ovr_auroc	expression_programs	regulons_programs	43	0.5993090603626955	0.6680517952527388	0.06874273489004334
unseen_both	test_macro_ovr_auroc	expression_programs	regulons_programs	44	0.6149997494785957	0.5912707126926287	-0.02372903678596705
unseen_both	test_macro_ovr_auroc	expression_programs	regulons_programs	45	0.5688133865844102	0.611006707604563	0.04219332102015283
unseen_both	test_macro_ovr_auroc	expression_programs	regulons_programs	46	0.5744596037098583	0.617074911921539	0.04261530821168069
unseen_both	test_macro_auprc	expression_programs	regulons_programs	42	0.39009836861250774	0.38441412171078465	-0.005684246901723089
unseen_both	test_macro_auprc	expression_programs	regulons_programs	43	0.3867378172256662	0.44531884091420837	0.05858102368854218
unseen_both	test_macro_auprc	expression_programs	regulons_programs	44	0.4017262166576576	0.38531311273412866	-0.01641310392352896
unseen_both	test_macro_auprc	expression_programs	regulons_programs	45	0.3773553079860788	0.38897054022028427	0.011615232234205464
unseen_both	test_macro_auprc	expression_programs	regulons_programs	46	0.3822567229251245	0.3982518453095288	0.01599512238440426
unseen_both	test_antagonism_auprc	expression_programs	regulons_programs	42	0.13027347305808318	0.12869814895773274	-0.0015753241003504392
unseen_both	test_antagonism_auprc	expression_programs	regulons_programs	43	0.119389308799188	0.24106196753331538	0.12167265873412739
unseen_both	test_antagonism_auprc	expression_programs	regulons_programs	44	0.14715336836255344	0.11956262989594382	-0.027590738466609616
unseen_both	test_antagonism_auprc	expression_programs	regulons_programs	45	0.11023672375037298	0.16903918584566488	0.0588024620952919
unseen_both	test_antagonism_auprc	expression_programs	regulons_programs	46	0.11502325969416861	0.12247023094213327	0.007446971247964659
unseen_both	test_synergy_auprc	expression_programs	regulons_programs	42	0.2060968581256289	0.17429315559588116	-0.031803702529747735
unseen_both	test_synergy_auprc	expression_programs	regulons_programs	43	0.21102426894265064	0.23886408441801055	0.027839815475359908
unseen_both	test_synergy_auprc	expression_programs	regulons_programs	44	0.2069741083700925	0.1948691983539974	-0.012104910016095094
unseen_both	test_synergy_auprc	expression_programs	regulons_programs	45	0.18948384605033547	0.1988349449928206	0.00935109894248512
unseen_both	test_synergy_auprc	expression_programs	regulons_programs	46	0.20458598308972864	0.216201605116346	0.011615622026617367
unseen_both	test_macro_f1	expression_programs	expression_regulons_programs	42	0.3910209251706817	0.39331231307772224	0.002291387907040532
unseen_both	test_macro_f1	expression_programs	expression_regulons_programs	43	0.3989134243218296	0.3985095527378056	-0.0004038715840239959
unseen_both	test_macro_f1	expression_programs	expression_regulons_programs	44	0.40931910574403596	0.40229555348907603	-0.0070235522549599305
unseen_both	test_macro_f1	expression_programs	expression_regulons_programs	45	0.37795726535378593	0.40801253386711916	0.030055268513333233
unseen_both	test_macro_f1	expression_programs	expression_regulons_programs	46	0.38789774651252834	0.40998192475243195	0.022084178239903607
unseen_both	test_balanced_accuracy	expression_programs	expression_regulons_programs	42	0.400845238974695	0.41031631600929414	0.009471077034599151
unseen_both	test_balanced_accuracy	expression_programs	expression_regulons_programs	43	0.4210548788290555	0.40220113701908106	-0.018853741809974456
unseen_both	test_balanced_accuracy	expression_programs	expression_regulons_programs	44	0.41512961656565933	0.4304293491803943	0.015299732614734995
unseen_both	test_balanced_accuracy	expression_programs	expression_regulons_programs	45	0.3803243520162857	0.42516607804551265	0.044841726029226925
unseen_both	test_balanced_accuracy	expression_programs	expression_regulons_programs	46	0.3928046529123194	0.4241304406979842	0.031325787785664805
unseen_both	test_macro_ovr_auroc	expression_programs	expression_regulons_programs	42	0.5961735139666968	0.6297410866622475	0.03356757269555066
unseen_both	test_macro_ovr_auroc	expression_programs	expression_regulons_programs	43	0.5993090603626955	0.6133186847748692	0.014009624412173682
unseen_both	test_macro_ovr_auroc	expression_programs	expression_regulons_programs	44	0.6149997494785957	0.6374082726171483	0.022408523138552572
unseen_both	test_macro_ovr_auroc	expression_programs	expression_regulons_programs	45	0.5688133865844102	0.5924353532523009	0.023621966667890737
unseen_both	test_macro_ovr_auroc	expression_programs	expression_regulons_programs	46	0.5744596037098583	0.5773250262570477	0.0028654225471894668
unseen_both	test_macro_auprc	expression_programs	expression_regulons_programs	42	0.39009836861250774	0.39937242118078203	0.009274052568274294
unseen_both	test_macro_auprc	expression_programs	expression_regulons_programs	43	0.3867378172256662	0.40033905748118953	0.01360124025552334
unseen_both	test_macro_auprc	expression_programs	expression_regulons_programs	44	0.4017262166576576	0.39532340295162544	-0.006402813706032184
unseen_both	test_macro_auprc	expression_programs	expression_regulons_programs	45	0.3773553079860788	0.3935895956907937	0.01623428770471491
unseen_both	test_macro_auprc	expression_programs	expression_regulons_programs	46	0.3822567229251245	0.37913496045404343	-0.003121762471081091
unseen_both	test_antagonism_auprc	expression_programs	expression_regulons_programs	42	0.13027347305808318	0.15212232990421876	0.021848856846135578
unseen_both	test_antagonism_auprc	expression_programs	expression_regulons_programs	43	0.119389308799188	0.12265997604039987	0.003270667241211875
unseen_both	test_antagonism_auprc	expression_programs	expression_regulons_programs	44	0.14715336836255344	0.1567798159946272	0.009626447632073765
unseen_both	test_antagonism_auprc	expression_programs	expression_regulons_programs	45	0.11023672375037298	0.12241289135706852	0.012176167606695543
unseen_both	test_antagonism_auprc	expression_programs	expression_regulons_programs	46	0.11502325969416861	0.14011548867514728	0.025092228980978667
unseen_both	test_synergy_auprc	expression_programs	expression_regulons_programs	42	0.2060968581256289	0.19234688122781282	-0.013749976897816069
unseen_both	test_synergy_auprc	expression_programs	expression_regulons_programs	43	0.21102426894265064	0.20651902807077513	-0.00450524087187551
unseen_both	test_synergy_auprc	expression_programs	expression_regulons_programs	44	0.2069741083700925	0.18777867266498094	-0.019195435705111563
unseen_both	test_synergy_auprc	expression_programs	expression_regulons_programs	45	0.18948384605033547	0.22173934661655198	0.03225550056621651
unseen_both	test_synergy_auprc	expression_programs	expression_regulons_programs	46	0.20458598308972864	0.17446297952685952	-0.03012300356286912
unseen_both	test_macro_f1	regulons_programs	expression_regulons_programs	42	0.3828265410721059	0.39331231307772224	0.010485772005616345
unseen_both	test_macro_f1	regulons_programs	expression_regulons_programs	43	0.4572049149708219	0.3985095527378056	-0.0586953622330163
unseen_both	test_macro_f1	regulons_programs	expression_regulons_programs	44	0.38910028636137417	0.40229555348907603	0.01319526712770186
unseen_both	test_macro_f1	regulons_programs	expression_regulons_programs	45	0.4191048263618411	0.40801253386711916	-0.011092292494721934
unseen_both	test_macro_f1	regulons_programs	expression_regulons_programs	46	0.4005186921469008	0.40998192475243195	0.009463232605531169
unseen_both	test_balanced_accuracy	regulons_programs	expression_regulons_programs	42	0.390139645660658	0.41031631600929414	0.020176670348636128
unseen_both	test_balanced_accuracy	regulons_programs	expression_regulons_programs	43	0.46866891771675556	0.40220113701908106	-0.0664677806976745
unseen_both	test_balanced_accuracy	regulons_programs	expression_regulons_programs	44	0.3974841958963207	0.4304293491803943	0.0329451532840736
unseen_both	test_balanced_accuracy	regulons_programs	expression_regulons_programs	45	0.4420362116851892	0.42516607804551265	-0.016870133639676543
unseen_both	test_balanced_accuracy	regulons_programs	expression_regulons_programs	46	0.4204119175366012	0.4241304406979842	0.003718523161383047
unseen_both	test_macro_ovr_auroc	regulons_programs	expression_regulons_programs	42	0.5883613637737602	0.6297410866622475	0.041379722888487236
unseen_both	test_macro_ovr_auroc	regulons_programs	expression_regulons_programs	43	0.6680517952527388	0.6133186847748692	-0.05473311047786966
unseen_both	test_macro_ovr_auroc	regulons_programs	expression_regulons_programs	44	0.5912707126926287	0.6374082726171483	0.04613755992451962
unseen_both	test_macro_ovr_auroc	regulons_programs	expression_regulons_programs	45	0.611006707604563	0.5924353532523009	-0.018571354352262093
unseen_both	test_macro_ovr_auroc	regulons_programs	expression_regulons_programs	46	0.617074911921539	0.5773250262570477	-0.039749885664491225
unseen_both	test_macro_auprc	regulons_programs	expression_regulons_programs	42	0.38441412171078465	0.39937242118078203	0.014958299469997383
unseen_both	test_macro_auprc	regulons_programs	expression_regulons_programs	43	0.44531884091420837	0.40033905748118953	-0.04497978343301884
unseen_both	test_macro_auprc	regulons_programs	expression_regulons_programs	44	0.38531311273412866	0.39532340295162544	0.010010290217496776
unseen_both	test_macro_auprc	regulons_programs	expression_regulons_programs	45	0.38897054022028427	0.3935895956907937	0.004619055470509448
unseen_both	test_macro_auprc	regulons_programs	expression_regulons_programs	46	0.3982518453095288	0.37913496045404343	-0.01911688485548535
unseen_both	test_antagonism_auprc	regulons_programs	expression_regulons_programs	42	0.12869814895773274	0.15212232990421876	0.023424180946486017
unseen_both	test_antagonism_auprc	regulons_programs	expression_regulons_programs	43	0.24106196753331538	0.12265997604039987	-0.11840199149291551
unseen_both	test_antagonism_auprc	regulons_programs	expression_regulons_programs	44	0.11956262989594382	0.1567798159946272	0.03721718609868338
unseen_both	test_antagonism_auprc	regulons_programs	expression_regulons_programs	45	0.16903918584566488	0.12241289135706852	-0.046626294488596357
unseen_both	test_antagonism_auprc	regulons_programs	expression_regulons_programs	46	0.12247023094213327	0.14011548867514728	0.017645257733014008
unseen_both	test_synergy_auprc	regulons_programs	expression_regulons_programs	42	0.17429315559588116	0.19234688122781282	0.018053725631931666
unseen_both	test_synergy_auprc	regulons_programs	expression_regulons_programs	43	0.23886408441801055	0.20651902807077513	-0.03234505634723542
unseen_both	test_synergy_auprc	regulons_programs	expression_regulons_programs	44	0.1948691983539974	0.18777867266498094	-0.007090525689016469
unseen_both	test_synergy_auprc	regulons_programs	expression_regulons_programs	45	0.1988349449928206	0.22173934661655198	0.02290440162373139
unseen_both	test_synergy_auprc	regulons_programs	expression_regulons_programs	46	0.216201605116346	0.17446297952685952	-0.04173862558948649
