holdout	context_config	context_label	n_seeds	mean_total_parameters	test_macro_f1_mean	test_macro_f1_sd	test_macro_f1_median	test_macro_f1_min	test_macro_f1_max	test_balanced_accuracy_mean	test_balanced_accuracy_sd	test_balanced_accuracy_median	test_balanced_accuracy_min	test_balanced_accuracy_max	test_macro_ovr_auroc_mean	test_macro_ovr_auroc_sd	test_macro_ovr_auroc_median	test_macro_ovr_auroc_min	test_macro_ovr_auroc_max	test_macro_auprc_mean	test_macro_auprc_sd	test_macro_auprc_median	test_macro_auprc_min	test_macro_auprc_max	test_antagonism_f1_mean	test_antagonism_f1_sd	test_antagonism_f1_median	test_antagonism_f1_min	test_antagonism_f1_max	test_antagonism_auroc_mean	test_antagonism_auroc_sd	test_antagonism_auroc_median	test_antagonism_auroc_min	test_antagonism_auroc_max	test_antagonism_auprc_mean	test_antagonism_auprc_sd	test_antagonism_auprc_median	test_antagonism_auprc_min	test_antagonism_auprc_max	test_no_interaction_f1_mean	test_no_interaction_f1_sd	test_no_interaction_f1_median	test_no_interaction_f1_min	test_no_interaction_f1_max	test_no_interaction_auroc_mean	test_no_interaction_auroc_sd	test_no_interaction_auroc_median	test_no_interaction_auroc_min	test_no_interaction_auroc_max	test_no_interaction_auprc_mean	test_no_interaction_auprc_sd	test_no_interaction_auprc_median	test_no_interaction_auprc_min	test_no_interaction_auprc_max	test_synergy_f1_mean	test_synergy_f1_sd	test_synergy_f1_median	test_synergy_f1_min	test_synergy_f1_max	test_synergy_auroc_mean	test_synergy_auroc_sd	test_synergy_auroc_median	test_synergy_auroc_min	test_synergy_auroc_max	test_synergy_auprc_mean	test_synergy_auprc_sd	test_synergy_auprc_median	test_synergy_auprc_min	test_synergy_auprc_max
unseen_both	expression	Expression only	5	8498467.0	0.4031545287474033	0.027488754762175497	0.38980490312911903	0.37784001834375985	0.4396633598221335	0.4176415943403903	0.0329343115220462	0.3992604749546538	0.3857975945300482	0.45543037901253536	0.6121309986917274	0.04225385373766765	0.6033276318019545	0.5733625808279316	0.6709749829708214	0.3930591955605819	0.015486994119545908	0.39066812455528727	0.37459571681971754	0.41003175444186474	0.20279836020856107	0.03522164631431324	0.20246913580246914	0.16213847502191062	0.23889739663093415	0.5513846485628515	0.08108706838983995	0.5535379645284841	0.45527852299782623	0.6628357803388427	0.13913398008689665	0.030575918996989797	0.1379327479045397	0.10617274564989321	0.17978692696106083	0.780547168781633	0.016642665258102447	0.7899857309638085	0.7611290670114199	0.7968451639684516	0.6492941581631307	0.022284950664671403	0.6457614134269583	0.6168970343481477	0.6757931316599309	0.8341536345320211	0.016936214781537878	0.8359907559714841	0.8119604410865299	0.8533741783473583	0.22611805725201578	0.06271391500465939	0.24614716735402647	0.15087444531453928	0.29010695187165775	0.6357141893492001	0.04624665622318209	0.6516162540415293	0.5802250700251462	0.6794257655641311	0.20588997206282783	0.02654587517592656	0.21818813355023722	0.17402027647981336	0.2310322466303612
unseen_both	expression_pathways	Expression + pathways	5	8522403.0	0.3976326930968632	0.015483987790676786	0.3993473867789095	0.3828599599015674	0.4210186048638717	0.41510642406022014	0.01638201411963783	0.40840067767042093	0.4055248001313824	0.44412222743264956	0.59540279648234	0.03010807172849088	0.5821680096656333	0.5665228015583125	0.6408108259722815	0.3897736531080781	0.02041727611983187	0.3865882011680993	0.3693416198726791	0.4171592937668673	0.19288936722490888	0.0443029479532766	0.1903199343724364	0.1482537419814683	0.26187183033656064	0.5257602955384562	0.057833057894709466	0.511746144025396	0.46228205548462786	0.6079105275870398	0.13418028626384965	0.03417283301283231	0.12577304601446815	0.1109609486151615	0.19359428326885406	0.762495364564626	0.03001091240016339	0.7749519314805104	0.7249615489007509	0.7938084112149533	0.6381115970872578	0.032973194725377665	0.6294520949683131	0.5958271864132993	0.6763766337745216	0.8276795528766783	0.029301244257977966	0.8238660133178254	0.7894507573223969	0.8645206733490487	0.2375133475010549	0.016550788000762116	0.22980392156862745	0.22092520536100302	0.25598000714030705	0.6223364968213059	0.02941571128079493	0.6349093158826533	0.577692756929443	0.6483755477548343	0.20746112018370638	0.014609768979543263	0.21046469091089803	0.1921519665147728	0.22493764157131096
unseen_both	expression_pathways_regulons	Expression + pathways + regulons	5	8752995.0	0.39918086094504734	0.014520139030293555	0.39452302046325943	0.38807960619460574	0.42410986019613767	0.41843080170112346	0.022809103950549026	0.4076658095796182	0.39869414368568684	0.45425588488451796	0.6094458622229115	0.02857156632704313	0.6004148316382708	0.5796710856988975	0.6444465211601081	0.3927831288576304	0.015276884718072946	0.3873933657874729	0.3769723598590265	0.4127604384019023	0.20118521908250192	0.04356453313421761	0.19765807962529275	0.1561822125813449	0.2723905723905724	0.5519057442807356	0.0703943987942365	0.5410695800697009	0.4794604870432352	0.6600310979607329	0.1376889871268019	0.023245297786344127	0.13366822806832132	0.1182572384993916	0.17697514658965263	0.7647832514426846	0.037173346838846315	0.778124066088887	0.7096864895262196	0.8066321072986093	0.6527786632356951	0.01730153247469239	0.6578635612757393	0.6337001368922126	0.6763756708652024	0.8381929979990075	0.019286049372388907	0.8341548127856381	0.8116871978741877	0.8620117539102485	0.23157411230995578	0.020642604356161588	0.22285597881442248	0.2142436727486757	0.2652084757347915	0.6236531791523039	0.037669096547373014	0.6154449042438521	0.5888548009973132	0.6858264824629976	0.20246740144708197	0.023873740138023115	0.1929069360890124	0.18242701890140783	0.242601333227137
unseen_both	expression_regulons	Expression + regulons	5	8729059.0	0.40728661703129954	0.016376997587667603	0.4074844492759455	0.3909265843692107	0.4320265869732449	0.4245097017178363	0.022996568537796143	0.4236711703440314	0.3961287461016105	0.4535969984002972	0.6124852445000606	0.021338395948958585	0.6108073689287242	0.5805234592341776	0.6351382525715782	0.3935700228612155	0.009332490892019672	0.39395033838077703	0.37998375129385115	0.40449586981405466	0.22540307016117217	0.04295246758828736	0.22554485554992398	0.17414818820984315	0.2861977278220933	0.5550306062592734	0.0521770259588382	0.5524440581760464	0.4783793692419171	0.6232639056623305	0.15357658508153363	0.02682901378384461	0.15228414044227187	0.11629745424305979	0.1917846804470861	0.7721952179449171	0.027162202491502568	0.782331705245275	0.7347591627821954	0.7998362333674514	0.6404995514935854	0.012942200040390294	0.6466308682101183	0.6185636210514752	0.6503058534922586	0.8254390236394403	0.01637262958247449	0.8186311452354349	0.8087066037559749	0.8439992332256322	0.22426156298780925	0.03092016995444678	0.22763561924257933	0.17485029940119762	0.2547792251734055	0.6419255757473229	0.024574497462483393	0.6343468776986148	0.6206265736754646	0.6828940794600141	0.20169445986267265	0.011353961593560138	0.19733363579974494	0.18994839679898787	0.21720423577425985
unseen_both	pathways	Pathways only	5	8248035.0	0.4224521809328213	0.02331413861873027	0.42358592019605257	0.3934739067413724	0.451183198651232	0.4537889228504686	0.022367504147254764	0.45551415777217513	0.42670406262708266	0.482264471152354	0.6657722967814825	0.025418839898222155	0.6693834194095182	0.6370972306193874	0.6967947771888472	0.41394650021068663	0.013112901310035731	0.41191716866447003	0.4015344714155567	0.43532275522748387	0.24764660720360854	0.026638910953091774	0.2533671676751903	0.2048466489965922	0.27096461463887545	0.6433622890859529	0.044382919056337886	0.6478110658707429	0.5755452063420863	0.6961511205617474	0.1645028961071398	0.019998103472164963	0.16515517979504135	0.13243917034816372	0.18382983852914409	0.7521297994928691	0.02026586187517639	0.7580609782847115	0.7220337407631175	0.7733961676966167	0.6826946104625707	0.02069026991955971	0.6840507907871851	0.6543201491789356	0.7119350328431623	0.849685655500463	0.013872184985221202	0.8445665575711341	0.8346026421975354	0.8670344431953001	0.2675801361019862	0.03931806785208028	0.2816699516215732	0.20681920143562135	0.30918881361820394	0.6712599907959241	0.028531600835139906	0.6738603210583456	0.6410334022363118	0.7153438589524949	0.2276509490244571	0.021929360770509883	0.22853411427535106	0.2051298007032063	0.2607548770208096
unseen_both	pathways_regulons	Pathways + regulons	5	8478627.0	0.40085941872178654	0.005843405976324206	0.40195912926595817	0.39258856667771075	0.40831651036294087	0.41979757345401525	0.019941790297185704	0.4156858064645497	0.3984803393571705	0.4518097941967263	0.6017850539649066	0.009944165299351205	0.6004322306691233	0.5902926094714825	0.6174685436735842	0.39081503754578706	0.0040604205127783176	0.3900734796490141	0.38531027063376805	0.39634476477450403	0.2108818663011843	0.03077188211330438	0.2092534174553102	0.17607361963190185	0.259180790960452	0.5639708645319347	0.040907593315887725	0.5604955833132051	0.5132691677305822	0.6269610908871329	0.14128845512413085	0.01219661319279469	0.1427564306823063	0.12700860939146014	0.15637045726975102	0.7634469325703303	0.03152047892828671	0.7721606648199446	0.7228369056988102	0.7989441624365482	0.6326477230585719	0.01817665963671136	0.63269583293875	0.6060923230756696	0.6552425430418374	0.8257835349381916	0.01669012618857052	0.8223696065935738	0.8027414441724096	0.8469206670480988	0.2282494572938451	0.01900522463158782	0.226286686516376	0.2078900709219858	0.2592037314675995	0.6087365743042132	0.017799728306960645	0.60066910895535	0.5978474585694226	0.6398234220513042	0.20537312257503887	0.008469991792874011	0.20538229312087308	0.19304628814801614	0.2150067279434326
unseen_both	regulons	Regulons only	5	8454691.0	0.41068075192339804	0.014618306568373492	0.405088922012262	0.3945246464916761	0.4269806174864211	0.42437138836906885	0.01636619982941849	0.4157075655644272	0.40827186833309764	0.44385355732598103	0.6194051290654934	0.0097370644671572	0.6213523333086308	0.6029423844298173	0.6268024014249084	0.4044411261694744	0.011352081923396842	0.4069254411578666	0.38835472058508175	0.41857061522472655	0.22075384844641815	0.028869909010184196	0.21149897330595482	0.1978448275862069	0.2698907956318253	0.5569174847313757	0.03842520640011381	0.5510934534695145	0.505824591974052	0.6098973465373865	0.15326535632692462	0.0381754252136093	0.14053244616203348	0.1191423594148393	0.21875989190016543	0.7790236540513209	0.0034271986725369374	0.7796263988766435	0.7744133554788978	0.7827163656547543	0.6576092987901756	0.02044757767635757	0.6647951163416346	0.6336280756893615	0.6835603768843822	0.8498112761204935	0.012678254185480624	0.8569675898705325	0.8343675462473952	0.8605718031781971	0.23226475327245505	0.02749427628430539	0.22699386503067484	0.2030127462340672	0.2777222777222777	0.6436886036749287	0.03643841287263383	0.6623895501485968	0.5948115191255652	0.6746720310674582	0.2102467460610052	0.015897618653066208	0.21540662737725286	0.186782516093253	0.2275830655702324
unseen_cell_line	expression	Expression only	5	8498467.0	0.45027329374769715	0.015199473567430842	0.4559978010813271	0.43376853156699324	0.46654928313633365	0.5362016679656112	0.005272651105475466	0.5384139093800777	0.5301905898962938	0.5417930108834929	0.6952751487318921	0.010116185964918823	0.6909686480200216	0.6846778876885705	0.7092514555320083	0.44693317796121407	0.0036369847546313104	0.44781901146557196	0.4419341996542827	0.4516553430806685	0.28265318871023914	0.014383994960708751	0.28370190851257193	0.2608342518999826	0.3008418837148119	0.6297223901412071	0.025218370079602564	0.6293679038581705	0.5922876589082661	0.6554671934398045	0.19459086498392736	0.01445148140854097	0.1989554312982885	0.1795052376226563	0.2114912268527822	0.7260870662865637	0.035176862758726085	0.7406465081384349	0.6820322956319201	0.766652517725479	0.7686705381819678	0.0070433766526804675	0.7681037188585321	0.7580960447349903	0.7751626892848937	0.9242041691399496	0.0030712700904959155	0.9252060579150985	0.9201667065357981	0.9275417979288773	0.3420796262462888	0.012039324202911005	0.34548300536672627	0.3232540988256652	0.3541860033413774	0.6874325178725015	0.03192805594974693	0.6795309198881146	0.6459267822443895	0.7302827438793222	0.22200449975976505	0.015357969405064703	0.22400576963801616	0.2066804611287617	0.2419694054292866
unseen_cell_line	expression_pathways	Expression + pathways	5	8522403.0	0.45286756646069437	0.015944667534513714	0.45421542444801516	0.4292815466234554	0.47175895819133573	0.5336974052958985	0.014763555365848006	0.5297812577358698	0.5219710508081264	0.5584863977609401	0.6916960388029579	0.01020031439318033	0.6866703486225217	0.681830916405953	0.7038119286721939	0.45075457432944	0.005073726145826815	0.4511994086594173	0.4446817244763508	0.4556836937668847	0.2827293860969248	0.02198476973427844	0.2865013774104683	0.24842053609765075	0.3043775225085377	0.6298456976883113	0.022788216562675122	0.6376989074082364	0.5905232520276031	0.6461790837938299	0.2004178534638772	0.01617556562764197	0.2052235450681038	0.18179118509981104	0.22089723499708075	0.7342975427014343	0.028094641489866182	0.7500081718040075	0.6941661555237512	0.7587722816756782	0.7690529843579453	0.01385551747904504	0.7644843649781002	0.7563335885281888	0.7874803192767699	0.9239242047968175	0.005170617029462977	0.9222547562113078	0.9183763689704438	0.9310865479613292	0.3415757705837239	0.020967251375698846	0.34525794824896444	0.30588708595950115	0.360891180261462	0.6761894343626171	0.03133764121473037	0.6862565593315756	0.6342799780258555	0.7093481285302585	0.22792166472762543	0.013518676164331174	0.22941934159620309	0.2054270488608925	0.23957278002124263
unseen_cell_line	expression_pathways_regulons	Expression + pathways + regulons	5	8752995.0	0.44741490427458663	0.017901571626144783	0.44667886986094024	0.42010590778388385	0.4688605845447704	0.5239326446169933	0.017133496880126088	0.5148305034278974	0.5078982099185431	0.5451878113720753	0.6903476562266724	0.018335679555495504	0.6973435774388695	0.6692095063303487	0.7112271039360983	0.4400855213917102	0.00929838007643782	0.4359556346018218	0.4317682809908625	0.4537461713837965	0.27801453034655815	0.02724855261423725	0.2677982659665405	0.24541806745472292	0.31574110542208217	0.6329781864097394	0.029019160015223797	0.6515077033060787	0.590182908492537	0.6561894040172283	0.1823357060024517	0.025922914713517663	0.1709763783813893	0.16050900388865663	0.21698013090151747	0.7342184555366799	0.030624936730796	0.7396767248304894	0.6828860812362952	0.7633978207694018	0.7674548046937384	0.014914492756347802	0.7658563087636553	0.7508045669336054	0.7831601100900466	0.9235945229340585	0.005536807804341166	0.921280202423294	0.9176713929818949	0.9296132889715739	0.33001172694052194	0.005403710063645557	0.3291020844468199	0.3235294117647059	0.3379707363876229	0.6706099775765395	0.023609426666068765	0.6621372070000457	0.6528020991013702	0.7116355990274117	0.21432633523862038	0.007729590522908802	0.21464509427829823	0.20450335040774756	0.22597127612820386
unseen_cell_line	expression_regulons	Expression + regulons	5	8729059.0	0.45349590153603164	0.02812103775564049	0.4686467479255087	0.4170238193304355	0.47892152501524604	0.5204543345944379	0.013568460766472118	0.5287476787701877	0.5055463888325581	0.5332721108144254	0.6923615305294768	0.024762893640706045	0.6983406302829956	0.6528686710212167	0.7206820125688983	0.44469473074638116	0.011418073757262571	0.44555943563241024	0.4283307269843745	0.45557248591153815	0.2738046928981068	0.021988020213234066	0.2883347664087131	0.24688915499557454	0.2915259561768633	0.6105492620936503	0.02660119358398106	0.6080782282420725	0.58070999490363	0.652165038190163	0.19001026387573874	0.01626727488676309	0.19325178335875348	0.1707019187035333	0.21129912145371132	0.7517240353465191	0.04530680641810194	0.7771256443699149	0.684658551325218	0.792281843477732	0.7751507617716576	0.013128934780954367	0.776906530567149	0.753110133180786	0.7857852753945865	0.9255323467982427	0.0053581919681964406	0.9272717499195231	0.9164726690760157	0.9304842887562661	0.334958976363469	0.019367732025352778	0.33866140227981917	0.31055517900055457	0.3530977734753146	0.6913845677231222	0.042067984236596516	0.7047624367591094	0.624785884979234	0.7253803430889871	0.21854158156516218	0.01617408705961179	0.2129422347822113	0.1978175931735747	0.23921452794996279
unseen_cell_line	pathways	Pathways only	5	8248035.0	0.4584252469523932	0.008051937888851501	0.45974104440105296	0.448607638975184	0.4686174016172931	0.5306782939394912	0.01900497240020287	0.5314603319903186	0.5126784203215095	0.5591483260284323	0.7033688085273451	0.026981081874705718	0.6940154797098342	0.6799595355845037	0.748881545323699	0.45456726259081937	0.010816326643796172	0.4496448867501341	0.448538299770614	0.4737273352067417	0.2754478182922808	0.007443595837542656	0.2749751205695476	0.26415844207458433	0.2839896521989077	0.6264388528987197	0.03733316010440074	0.6217111662682564	0.5781325727220971	0.681140167272015	0.19778936298861377	0.010554260543281672	0.19466484198807804	0.1877018971366266	0.21307144176575232	0.7451925967211561	0.03649915752123507	0.7526708972608241	0.6971875916058835	0.7898775559625252	0.7651011655005021	0.025575265520618607	0.7716252621213313	0.7270393471811907	0.7911180149793697	0.9201790181435292	0.011330315099003774	0.9239006612300222	0.9013645940834306	0.9293826426299623	0.3546353258437427	0.014631132031394609	0.3614611027626864	0.3319849966904464	0.36876606009754054	0.7185664071828134	0.03399166555043844	0.7066755652065759	0.6887100107399151	0.7743864537197123	0.24573340664031468	0.020079879740336634	0.24048294707769843	0.22737610862993543	0.2787279212245105
unseen_cell_line	pathways_regulons	Pathways + regulons	5	8478627.0	0.4736961086296684	0.007729942122794175	0.47614762105968245	0.4654232256837603	0.4838693069562037	0.5462023064581991	0.021235457720101474	0.5586293873360489	0.5129176851470065	0.5636743453355352	0.6995429428316856	0.004703718152263806	0.6988156578661163	0.6928696205242527	0.7048385206920863	0.45277389579854643	0.00854826128495955	0.45568858273359086	0.4431412785702023	0.4608680092201749	0.29065766961484285	0.021016373678102628	0.2932378679395386	0.26121177338689844	0.3191694475342974	0.6024612942210406	0.011537677468350346	0.6071872059667751	0.5841560581233243	0.6129573651144431	0.19408147039453744	0.02130380686053587	0.2013970938271056	0.16842374692229994	0.21709998941674347	0.7681473359752644	0.01902889726254538	0.7694721506219881	0.7390452144447028	0.7897319055213792	0.783028344453889	0.007247626539064329	0.7810515958681523	0.7731116557864944	0.790808547354142	0.9296977471504448	0.0027413056708337357	0.9294752990193549	0.9257642183321203	0.932298004045593	0.36228332029889787	0.010220482636306427	0.36296632271232565	0.34837962962962965	0.37366507611906385	0.713139189820127	0.007997138232344065	0.7148895909626443	0.6997661096456435	0.7213411476629396	0.23454246985065694	0.006520127648168876	0.23338122123538302	0.22869111372820555	0.24542222828739568
unseen_cell_line	regulons	Regulons only	5	8454691.0	0.45261850466669856	0.02356630560144488	0.4551624218568379	0.4177889168605399	0.4839921375099854	0.5378641687401456	0.018162558276960013	0.5317945327210821	0.522045636350803	0.5685160061006403	0.712135739552877	0.01517781725528267	0.7060357335994419	0.6968144667742161	0.7287029547231798	0.45592175425296394	0.008877472513396404	0.4541315661930265	0.44638692659343443	0.4680759733552799	0.2775325044161587	0.01769560296471609	0.2866611433305717	0.25481798715203424	0.2945689603093095	0.6361271170268664	0.037341230503630786	0.6148972222164574	0.6066388001858292	0.6889237557549105	0.192788248701944	0.017006526669439283	0.1845307696194935	0.17949919187698715	0.21889136490736688	0.7276960796891221	0.05096990970998557	0.730370172032934	0.6585061649205332	0.7945345806782061	0.7737088726036209	0.012304015963738469	0.7724051559203159	0.7564504190612118	0.7892901407614152	0.9252137707133137	0.004337817022562095	0.925255690652266	0.920041879675456	0.9309600753055082	0.3526269298948149	0.016314767825854556	0.35173824130879344	0.33339693442727214	0.36968380912027965	0.7265712290281436	0.02041991044849674	0.725993412234282	0.6990699270204017	0.7521651477148981	0.24976324334363417	0.014307897929055166	0.25268598645248475	0.22695795883855868	0.26285362702663634
unseen_drug	expression	Expression only	5	8498467.0	0.5494220312940763	0.009192899906476561	0.5489123416572413	0.5400689213735054	0.5615594387885167	0.6494335770894388	0.009187347122992566	0.6490763907107581	0.6413681979357592	0.66428138261357	0.8068076523388671	0.00927171144131077	0.8031604764721423	0.7961418481472621	0.8183405618367559	0.5733611929873144	0.01711646549754627	0.5851762607062638	0.5498375238346312	0.5859069152376141	0.39956600308410184	0.018890462745756086	0.39854729196273486	0.37316023850856667	0.42038097025429294	0.7838645525698951	0.017692467233270844	0.7882310445667077	0.7551231052332583	0.8028751896931945	0.3438596834953642	0.038760207102154144	0.3605044812592284	0.30054091147642054	0.3859209226768388	0.8163426886433449	0.01116994218489999	0.8144789234430871	0.8033883192153366	0.8284034212401996	0.8189864049814493	0.00616902921059976	0.8169640300202325	0.8110272726130764	0.8262953457061064	0.9463853904268659	0.0026974483652169494	0.9466523210271326	0.9419278330738945	0.9485604667652847	0.43235740215478236	0.007701281674022371	0.43589392487105755	0.42076681803286364	0.44039270687237025	0.8175719994652567	0.014706352765759259	0.8167078856068928	0.7989781951568147	0.8382322073832451	0.42983850503971305	0.02189144602988544	0.4336168880204614	0.3961573583823689	0.4552884313797193
unseen_drug	expression_pathways	Expression + pathways	5	8522403.0	0.5505264715044683	0.00886445324814638	0.5489464670104663	0.542464884290223	0.5647895190420801	0.6338398950350294	0.011548022797157362	0.6368168447713694	0.6163811267930331	0.6469227743307625	0.7927673242500417	0.0028636306674004208	0.7911590308359372	0.7905431996771002	0.7972576202462879	0.5757414523925095	0.0048023514491428755	0.5758449641369995	0.5700915057404009	0.5809736346380241	0.3941255108484194	0.010263770340082018	0.38928022022508296	0.38529201996988666	0.4083371367716416	0.7648731694113142	0.017438781304522772	0.7678327985703834	0.7423391100755409	0.7813623378525589	0.3590376114867047	0.01862012237064949	0.36976669495762743	0.33265502715566925	0.37529549325526645	0.8245090347903494	0.015232756120981688	0.8186498601926235	0.8115091147438124	0.848147400410154	0.8027975172052845	0.010209563622626107	0.8001061477557978	0.7929689187066197	0.8198956154419967	0.9402297774727346	0.0030513897092483712	0.9395179248264887	0.9373895647921118	0.9454433429464056	0.43294486887463596	0.008931855907705202	0.43059351815696995	0.42458381531961975	0.444688729460773	0.8106312861335262	0.005652783294984405	0.8080350869072804	0.8074020432922775	0.8206500468671174	0.4279569682180891	0.008148583760173552	0.4271768890667324	0.41669360482049955	0.4374311551251835
unseen_drug	expression_pathways_regulons	Expression + pathways + regulons	5	8752995.0	0.5470661060173316	0.01264854612404224	0.5513219202283917	0.5303060513223185	0.5630686135567823	0.625318037146258	0.021701544108781258	0.6240597229153318	0.5954235346165144	0.6515822742726397	0.7883306558656195	0.018124483360884198	0.7847664732319887	0.7681512619776817	0.8105164493875475	0.5699592988953383	0.016431816014730215	0.5640778241048117	0.5503800763227186	0.5921613350224827	0.3827853141811445	0.02565609580607331	0.3745813797722706	0.3546330615270571	0.4200469326181696	0.7610079701478291	0.02676877914133705	0.7527040186227884	0.7300750778967341	0.7894402545529746	0.3487211164239685	0.026196473517137015	0.33476754095945666	0.32316619092801313	0.3867312007923026	0.8261971072014236	0.0148555903152647	0.832615258990255	0.8101631618725825	0.8410405255002946	0.7963833579563466	0.022894615336200297	0.8062219965076222	0.7660607487232163	0.815864470482412	0.9377945082082151	0.008482045586070495	0.9405413055519409	0.9264697312838162	0.9460355085642381	0.43221589666942695	0.015782652771710294	0.42612193056731584	0.4160412232552929	0.4561911658218682	0.8076006394926829	0.014116048796165712	0.8086262226348084	0.7939921201098675	0.827209874677803	0.4233622720538313	0.017209656615274196	0.42168378903628234	0.4015043067563264	0.4437172957109073
unseen_drug	expression_regulons	Expression + regulons	5	8729059.0	0.5582986380041708	0.01005418310096982	0.5632445355847844	0.5461226069726809	0.5672512336515357	0.648975154518382	0.016044679330427632	0.652227231982904	0.630685106507297	0.6687150817129822	0.8089997270046008	0.009152803470028021	0.8091785326492612	0.7965784177718316	0.8198718777206055	0.5786742777812687	0.00780033523723039	0.5801444571403632	0.5655502445633873	0.5854242660636202	0.4098294992372784	0.014103298935191168	0.40512699536054103	0.39276672694394216	0.43024220931109936	0.79208855758611	0.016359251620966707	0.78760197761413	0.7772024513807438	0.8154002827669914	0.36484758349335245	0.027037654387193417	0.3708382175572108	0.31907365553785894	0.3884829394570243	0.8256193785099379	0.007335213437895819	0.823538632063325	0.8197208927852574	0.8376391932877288	0.8150568023335367	0.011868235905197333	0.8139713788422379	0.7979423417546383	0.8295590144681521	0.9454389757460987	0.0039616330172962495	0.9457635140326202	0.9394618561229252	0.9501378384139786	0.4394470362652963	0.015566347893557717	0.44451182534869615	0.42134251290877794	0.4589875123063371	0.8198538210941557	0.006326749173066792	0.8212272647832918	0.8134547977090473	0.8285473335553608	0.4257362741043549	0.00678155177407935	0.4295627636027153	0.4166242502537777	0.43181356411968286
unseen_drug	pathways	Pathways only	5	8248035.0	0.5336083765673496	0.0177395265722664	0.5368053942737364	0.5072394190321	0.5532969091064839	0.6244613762905652	0.017939510532940194	0.6249839095236064	0.6032559609690304	0.647935351932555	0.7834147645780456	0.015627499140243972	0.781114524519729	0.7687509383840615	0.8074868979441874	0.5739212949208464	0.012154277372605457	0.5745436445188571	0.5594589890496624	0.5901453801966788	0.39769836895511224	0.02332797472710653	0.40012450392965526	0.36923873640600724	0.4289318755256518	0.7669939258654342	0.02100431544287031	0.7625430064570221	0.7459549213656174	0.8021662704743049	0.37175725288087424	0.0219562571499157	0.3841408429043941	0.33775496896313306	0.3902115508972683	0.8030857719262354	0.01734814128420502	0.8090437788018433	0.7730538298684622	0.8167611120949176	0.786241359091316	0.01838354532753663	0.7833727757976385	0.7685516375439293	0.8055174080645576	0.9340366967189663	0.007655518118377482	0.9318916740314435	0.9250478813889497	0.9427736538434801	0.40004098882070116	0.019538153327851415	0.40556584508714444	0.36720220636518847	0.4191145467322558	0.7970090087773862	0.012966184548348327	0.7981529704010237	0.7783851807089646	0.8147770152936994	0.4159699351626986	0.016152441617689042	0.41129537049708886	0.40152770862785975	0.44352164384216214
unseen_drug	pathways_regulons	Pathways + regulons	5	8478627.0	0.5564994037606243	0.004251024009989869	0.5558026626231715	0.550994927950249	0.5609822031165159	0.639511593768266	0.013939351564496357	0.6398338571663017	0.6175213439013848	0.6548366476290332	0.7997452219926365	0.0114975493091567	0.8032911553750762	0.7805361054206278	0.8105449704852633	0.5796666475107319	0.014606827896086916	0.5842056721915784	0.5611770269241282	0.5977965066374832	0.3979577389917623	0.01986998344725337	0.4056261343012704	0.36573705179282867	0.4162278808804489	0.770001275707577	0.017722806044918812	0.7751762756905914	0.7404686226527486	0.7870993563535845	0.3531829544420885	0.02810704476933628	0.3562617797663701	0.3163789375575452	0.3845932052509923	0.8287188282679064	0.0072679035779283216	0.8269953103816149	0.8239630929519016	0.8414516024882154	0.8078769569670861	0.013283060897829317	0.8147300482716224	0.7907748639881415	0.8211428251070996	0.9417570555907784	0.006311477516243444	0.9445977596431798	0.9335908997618299	0.9477863551040132	0.44282164402220425	0.009055778682110743	0.4397079719731491	0.43432245301681505	0.45541740674955594	0.8213574333032463	0.007773790787604937	0.8225825949128135	0.8103648296209931	0.8317562491936541	0.44405993249932935	0.01589566572566377	0.44808560093198035	0.4208488924770243	0.4641985550182772
unseen_drug	regulons	Regulons only	5	8454691.0	0.5479237860039115	0.017218314007807524	0.5426215162366923	0.5281621413838583	0.5712170915244408	0.6377643043023696	0.024146171741709195	0.6240697287391006	0.6179752761795608	0.6680084059354042	0.7945692722639763	0.019978552872206727	0.7854914583638964	0.7774426107892717	0.8187048097635105	0.573326788103551	0.02113481142917085	0.5696016725478249	0.5487055375881768	0.5960056039853665	0.39828838070492967	0.03414030835320735	0.3946078431372549	0.3633767324653507	0.4458412261064233	0.7734672636830066	0.04105721742307985	0.7696335392274126	0.7193365087410772	0.8150657328017694	0.3627437209932354	0.051957955332533834	0.36312319616078426	0.29364094862401435	0.4283075124143404	0.8199573418401458	0.019853834132849798	0.8270019795848401	0.7955287092966743	0.8423351101406461	0.806714261776636	0.018864140591454522	0.8082904565870501	0.7855405937414036	0.8255548191234694	0.9413518712065392	0.007084778922632608	0.9418446160482756	0.9332908659427553	0.9485641194748919	0.42552563546665895	0.012929259390576072	0.4243634548177733	0.4114122962089963	0.4411694224778337	0.8035262913322864	0.008368094278722918	0.8020179120390014	0.793225771862093	0.8163866635977766	0.4158847721108783	0.013978697583232013	0.41114518006686707	0.40490275708154244	0.44035391977380683
