holdout	context_config	context_label	metric	n_pairs	mean_delta	sd_delta	median_delta	min_delta	max_delta	n_improved	n_worsened	wilcoxon_statistic	wilcoxon_p
unseen_both	expression	Expression only	test_macro_f1	5	0.005521835650540074	0.01679786551588108	0.006944943227551625	-0.015951138417089505	0.02430452892314977	3	2	4.0	0.4375
unseen_both	expression	Expression only	test_balanced_accuracy	5	0.0025351702801701516	0.025274759796126187	-0.008881266893161655	-0.0203193848840309	0.042675312296072465	2	3	7.0	1.0
unseen_both	expression	Expression only	test_macro_ovr_auroc	5	0.016728202209387442	0.026389156896157055	0.006839779269619095	-0.0025839457137984967	0.06064385393164817	3	2	3.0	0.3125
unseen_both	expression	Expression only	test_macro_auprc	5	0.003285542452503798	0.008269735657218226	0.004079923387187989	-0.009566088874216616	0.013065557220710178	4	1	4.0	0.4375
unseen_both	expression	Expression only	test_antagonism_f1	5	0.009908992983652193	0.04164036726699125	0.012361263795984012	-0.04055465042103765	0.05421539382100085	3	2	5.0	0.625
unseen_both	expression	Expression only	test_antagonism_auroc	5	0.025624353024395297	0.09446903777701889	0.032998516269279854	-0.10274518218833018	0.15108963631344674	3	2	5.0	0.625
unseen_both	expression	Expression only	test_antagonism_auprc	5	0.004953693823047028	0.022560545304622523	0.0020106141352727452	-0.01960030036457494	0.029193712362952373	3	2	5.0	0.625
unseen_both	expression	Expression only	test_no_interaction_f1	5	0.018051804217007073	0.028169740604104924	0.015033799483298083	-0.01812395775089548	0.054144908488465426	4	1	3.0	0.3125
unseen_both	expression	Expression only	test_no_interaction_auroc	5	0.01118256107587281	0.02301344858970349	0.015130005736427643	-0.02038498914801201	0.04068144297069076	3	2	4.0	0.4375
unseen_both	expression	Expression only	test_no_interaction_auprc	5	0.006474081655342889	0.031139084255305156	0.02284934269821326	-0.0354584660343199	0.03340989475764056	3	2	6.0	0.8125
unseen_both	expression	Expression only	test_synergy_f1	5	-0.01139529024903912	0.07811768820944709	0.025221961993023456	-0.10510556182576777	0.06387489909711369	3	2	6.0	0.8125
unseen_both	expression	Expression only	test_synergy_auroc	5	0.013377692527894247	0.047538263684007896	0.031050217809296843	-0.04190149568114998	0.07392349711208634	3	2	5.0	0.625
unseen_both	expression	Expression only	test_synergy_auprc	5	-0.0015711481208785683	0.029216596032037148	0.008561510599385508	-0.044240194157347035	0.025387077269064945	3	2	7.0	1.0
unseen_both	expression_pathways_regulons	Expression + pathways + regulons	test_macro_f1	5	0.0015481678481841011	0.022117620899271846	0.010349091680326272	-0.030600365214460357	0.023346275039103248	3	2	7.0	1.0
unseen_both	expression_pathways_regulons	Expression + pathways + regulons	test_balanced_accuracy	5	0.0033243776409033086	0.03249637981799608	0.0021410094482357533	-0.04542808374696272	0.04288844923194923	3	2	6.0	0.8125
unseen_both	expression_pathways_regulons	Expression + pathways + regulons	test_macro_ovr_auroc	5	0.014043065740571547	0.04653796497542843	0.021750159926335222	-0.06113974027338398	0.06726530498380856	4	1	4.0	0.4375
unseen_both	expression_pathways_regulons	Expression + pathways + regulons	test_macro_auprc	5	0.003009475749552337	0.026634793640650113	0.00933424888936607	-0.03504865377012212	0.03533722037032622	3	2	6.0	0.8125
unseen_both	expression_pathways_regulons	Expression + pathways + regulons	test_antagonism_f1	5	0.008295851857593035	0.06809636829119571	0.017898029269156485	-0.10568961775521574	0.06969744694762414	4	1	5.0	0.625
unseen_both	expression_pathways_regulons	Expression + pathways + regulons	test_antagonism_auroc	5	0.0261454487422794	0.08091814184565713	0.029323436044304874	-0.10346990269486911	0.10200739277457649	4	1	5.0	0.625
unseen_both	expression_pathways_regulons	Expression + pathways + regulons	test_antagonism_auprc	5	0.0035087008629522604	0.045590007612991895	0.006491734626809298	-0.07085282359369408	0.051202100575184484	4	1	5.0	0.625
unseen_both	expression_pathways_regulons	Expression + pathways + regulons	test_no_interaction_f1	5	0.002287886878058454	0.03512450239926031	0.003172134608376509	-0.0458416662303156	0.04491881761819272	3	2	7.0	1.0
unseen_both	expression_pathways_regulons	Expression + pathways + regulons	test_no_interaction_auroc	5	0.014667066148437224	0.03490730435009628	0.01510709477447536	-0.03244626568275766	0.06203637486243996	3	2	5.0	0.625
unseen_both	expression_pathways_regulons	Expression + pathways + regulons	test_no_interaction_auprc	5	0.010513445122329101	0.02752692997499736	-0.002508919438800161	-0.013264094335211696	0.04264454532855111	2	3	6.0	0.8125
unseen_both	expression_pathways_regulons	Expression + pathways + regulons	test_synergy_f1	5	-0.005939235191099146	0.03017498283701892	-0.006681532612327318	-0.037366013166420214	0.03540455416616406	2	3	6.0	0.8125
unseen_both	expression_pathways_regulons	Expression + pathways + regulons	test_synergy_auroc	5	0.0013166823309980647	0.04476874359519223	0.019432958523050714	-0.04750305244252506	0.04295587314539562	3	2	6.0	0.8125
unseen_both	expression_pathways_regulons	Expression + pathways + regulons	test_synergy_auprc	5	-0.004993718736624381	0.02707038714007314	0.0007549695742396223	-0.04251062266990313	0.02565108758675924	3	2	7.0	1.0
unseen_both	expression_regulons	Expression + regulons	test_macro_f1	5	0.009653923934436237	0.022663335928169038	0.011073808188891643	-0.026860533671701492	0.0326792001943354	4	1	4.0	0.4375
unseen_both	expression_regulons	Expression + regulons	test_balanced_accuracy	5	0.009403277657616138	0.03419347545008875	0.01527049267361047	-0.0347633178259551	0.04807219826891479	3	2	5.0	0.625
unseen_both	expression_regulons	Expression + regulons	test_macro_ovr_auroc	5	0.01708244801772052	0.045243971757603675	0.03022792854675005	-0.060287366738103865	0.052970242905944875	4	1	5.0	0.625
unseen_both	expression_regulons	Expression + regulons	test_macro_auprc	5	0.0037963697531374296	0.024465329417816265	0.012686772166169424	-0.03717554247301613	0.024608718508097926	4	1	5.0	0.625
unseen_both	expression_regulons	Expression + regulons	test_antagonism_f1	5	0.032513702936263295	0.08570137756940222	0.03522492117748757	-0.08772364212671749	0.137943985840625	3	2	5.0	0.625
unseen_both	expression_regulons	Expression + regulons	test_antagonism_auroc	5	0.029270310720817105	0.1054547710313294	0.04069791415065038	-0.1295311583451227	0.13442486025326938	3	2	5.0	0.625
unseen_both	expression_regulons	Expression + regulons	test_antagonism_auprc	5	0.019396298817683986	0.0588564330073532	0.02425330224232297	-0.07729682902579427	0.08082373183192461	4	1	4.0	0.4375
unseen_both	expression_regulons	Expression + regulons	test_no_interaction_f1	5	0.009699853380291024	0.03744417603210337	-0.0018288689146803705	-0.021405131287248302	0.07487468446670043	2	3	6.0	0.8125
unseen_both	expression_regulons	Expression + regulons	test_no_interaction_auroc	5	0.0023879544063274637	0.03942911554589401	0.009741345391972356	-0.047582781523495044	0.050803681796818934	3	2	7.0	1.0
unseen_both	expression_regulons	Expression + regulons	test_no_interaction_auprc	5	-0.0022405292372380758	0.033624561775291696	-0.015159409561850468	-0.03343704122724267	0.05242551276415519	2	3	6.0	0.8125
unseen_both	expression_regulons	Expression + regulons	test_synergy_f1	5	-0.013251784513245652	0.029594418110621606	-0.00996272450016944	-0.0460749059598054	0.028547172398861453	1	4	3.0	0.3125
unseen_both	expression_regulons	Expression + regulons	test_synergy_auroc	5	0.01958907892601709	0.024008125210660383	0.012792319453468037	-0.0037481603456938073	0.049440203563937635	3	2	3.0	0.3125
unseen_both	expression_regulons	Expression + regulons	test_synergy_auprc	5	-0.005766660321033712	0.012341137796612075	-0.0007927571660115151	-0.02760400577156602	0.002162130680711305	2	3	4.0	0.4375
unseen_both	pathways	Pathways only	test_macro_f1	5	0.024819487835958064	0.03342812116026437	0.03941199141311941	-0.01493615573203061	0.05507547004204105	3	2	3.0	0.3125
unseen_both	pathways	Pathways only	test_balanced_accuracy	5	0.03868249879024845	0.032971222743204784	0.04939717835809604	-0.0068736480539497435	0.07673967102097157	4	1	1.0	0.125
unseen_both	pathways	Pathways only	test_macro_ovr_auroc	5	0.0703695002991426	0.05185012014858997	0.1028606178512057	0.0023732287942355157	0.11462676752321388	5	0	0.0	0.0625
unseen_both	pathways	Pathways only	test_macro_auprc	5	0.02417284710260852	0.028633139051505527	0.03956420744426142	-0.011611032772924856	0.048734554059384594	3	2	3.0	0.3125
unseen_both	pathways	Pathways only	test_antagonism_f1	5	0.054757239978699655	0.05241557210920127	0.06478693086864251	-0.008504662661370344	0.12271087265740716	4	1	1.0	0.125
unseen_both	pathways	Pathways only	test_antagonism_auroc	5	0.11760199354749667	0.06978397403132876	0.13812741537559103	0.026288085297263675	0.18552901038611502	5	0	0.0	0.0625
unseen_both	pathways	Pathways only	test_antagonism_auprc	5	0.03032260984329016	0.04152592589924393	0.05088533027434286	-0.028439103473812705	0.07286888991398259	4	1	2.0	0.1875
unseen_both	pathways	Pathways only	test_no_interaction_f1	5	-0.010365565071756877	0.036713011645921216	-0.01689095319579892	-0.060133158766921824	0.03969473299691029	2	3	5.0	0.625
unseen_both	pathways	Pathways only	test_no_interaction_auroc	5	0.044583013375312855	0.04473266361763712	0.05702677633115316	-0.011826253396034714	0.08917936513797697	4	1	2.0	0.1875
unseen_both	pathways	Pathways only	test_no_interaction_auprc	5	0.022006102623784662	0.02270485629566296	0.03142514429786325	-0.006577822715002513	0.04515188487513855	4	1	2.0	0.1875
unseen_both	pathways	Pathways only	test_synergy_f1	5	0.0300667886009313	0.03149977059471677	0.032055832709332155	-0.019412851338922704	0.06074474626057019	4	1	1.0	0.125
unseen_both	pathways	Pathways only	test_synergy_auroc	5	0.04892349397461828	0.04565975241703991	0.06602606683634904	-0.007342145518522525	0.09667392007413456	4	1	1.0	0.125
unseen_both	pathways	Pathways only	test_synergy_auprc	5	0.020189828840750757	0.02418266596082985	0.03581723544949861	-0.011820444937171465	0.04038637806080775	4	1	2.0	0.1875
unseen_both	pathways_regulons	Pathways + regulons	test_macro_f1	5	0.0032267256249233324	0.010207864490849563	0.0026117424870486516	-0.01270209450093085	0.014163847456167944	4	1	4.0	0.4375
unseen_both	pathways_regulons	Pathways + regulons	test_balanced_accuracy	5	0.004691149393795136	0.007242349368606968	0.007285128794128792	-0.007636640056908617	0.011176625202925117	4	1	3.0	0.3125
unseen_both	pathways_regulons	Pathways + regulons	test_macro_ovr_auroc	5	0.006382257482566623	0.022628531730535133	0.01826422100349001	-0.02334228229869728	0.025597161431608395	3	2	4.0	0.4375
unseen_both	pathways_regulons	Pathways + regulons	test_macro_auprc	5	0.0010413844377089921	0.02074741251023276	0.009756563606404756	-0.027085814117853158	0.0232913487494662	3	2	7.0	1.0
unseen_both	pathways_regulons	Pathways + regulons	test_antagonism_f1	5	0.01799249907627542	0.028980346558784374	0.014765415640771024	-0.006968062576225703	0.06592269861006664	3	2	3.0	0.3125
unseen_both	pathways_regulons	Pathways + regulons	test_antagonism_auroc	5	0.0382105689934785	0.055668950459683474	0.04874943928780917	-0.04475453745557423	0.1045064438770229	4	1	2.0	0.1875
unseen_both	pathways_regulons	Pathways + regulons	test_antagonism_auprc	5	0.007108168860281231	0.02810875826284545	0.013948781134124122	-0.03722382599910304	0.03810639051223587	4	1	4.0	0.4375
unseen_both	pathways_regulons	Pathways + regulons	test_no_interaction_f1	5	0.0009515680057043286	0.03655975046065263	-0.009997534930599405	-0.03546987786851585	0.06235613073967239	1	4	5.0	0.625
unseen_both	pathways_regulons	Pathways + regulons	test_no_interaction_auroc	5	-0.005463874028686089	0.04380688810727626	-0.02335977189264349	-0.04368080083577164	0.05941535662853803	2	3	6.0	0.8125
unseen_both	pathways_regulons	Pathways + regulons	test_no_interaction_auprc	5	-0.0018960179384867938	0.04075728454038162	0.009228193320303002	-0.044677462948440216	0.04643281120914622	3	2	7.0	1.0
unseen_both	pathways_regulons	Pathways + regulons	test_synergy_f1	5	-0.009263890207209764	0.033733383302337855	-0.0019326706542163175	-0.04808993621832125	0.03827852610659649	2	3	5.0	0.625
unseen_both	pathways_regulons	Pathways + regulons	test_synergy_auroc	5	-0.013599922517092656	0.04507216210881119	-0.027563439914791488	-0.05052808918541174	0.06213066512186116	1	4	5.0	0.625
unseen_both	pathways_regulons	Pathways + regulons	test_synergy_auprc	5	-0.002087997608667497	0.020772629201583393	0.0006438465939836713	-0.03189135342329483	0.022205671662260312	3	2	7.0	1.0
unseen_both	regulons	Regulons only	test_macro_f1	5	0.013048058826534781	0.022765877951427007	0.010350717708742962	-0.015929682851609728	0.04241842985475186	4	1	3.0	0.3125
unseen_both	regulons	Regulons only	test_balanced_accuracy	5	0.0092649643088487	0.02581334337774327	0.005503030966632683	-0.02841466186822239	0.03459544185340235	4	1	3.0	0.3125
unseen_both	regulons	Regulons only	test_macro_ovr_auroc	5	0.024002332583153364	0.037945452804790385	0.03730529193057963	-0.03786844154246416	0.0599324230095849	4	1	3.0	0.3125
unseen_both	regulons	Regulons only	test_macro_auprc	5	0.014667473061396341	0.027113180046494458	0.0267869437660887	-0.02880457318178553	0.0375838212851875	4	1	3.0	0.3125
unseen_both	regulons	Regulons only	test_antagonism_f1	5	0.02786448122150928	0.06184524251851907	0.0186551891637933	-0.05037285703060582	0.12163705365035699	4	1	4.0	0.4375
unseen_both	regulons	Regulons only	test_antagonism_auroc	5	0.031157189192919477	0.07518446728259547	0.03219050843656179	-0.05219911321210435	0.12105830112832539	3	2	5.0	0.625
unseen_both	regulons	Regulons only	test_antagonism_auprc	5	0.01908507006307498	0.057653221370073345	0.01068232838358818	-0.05306183710682058	0.10779894328500393	4	1	4.0	0.4375
unseen_both	regulons	Regulons only	test_no_interaction_f1	5	0.01652828948669489	0.030317188994853594	0.004674467396133086	-0.012210837908583239	0.05180302803918768	3	2	5.0	0.625
unseen_both	regulons	Regulons only	test_no_interaction_auroc	5	0.019497701702917713	0.04486111701417774	0.010872407984176213	-0.025966147625051228	0.08773319047108286	3	2	5.0	0.625
unseen_both	regulons	Regulons only	test_no_interaction_auprc	5	0.02213172324381516	0.03342422415275848	0.01050153292956979	-0.009669707620890922	0.06751683254813556	3	2	3.0	0.3125
unseen_both	regulons	Regulons only	test_synergy_f1	5	-0.00524859422859984	0.04021185779875962	-0.0028100565379526043	-0.05161280442672575	0.05679707236127468	1	4	5.0	0.625
unseen_both	regulons	Regulons only	test_synergy_auroc	5	0.021352106853622897	0.059584214176497265	0.02880482615353086	-0.05356402862926912	0.09697927413801521	3	2	4.0	0.4375
unseen_both	regulons	Regulons only	test_synergy_auprc	5	0.0027856258772988585	0.024289998543819583	0.010632819929854626	-0.023682174817645035	0.026725147222896095	3	2	6.0	0.8125
unseen_cell_line	expression	Expression only	test_macro_f1	5	-0.002594272712997181	0.014605956253768856	0.005068320031287876	-0.020446892881021916	0.012941964184815913	3	2	6.0	0.8125
unseen_cell_line	expression	Expression only	test_balanced_accuracy	5	0.0025042626697126423	0.013690482242299297	0.007070486036358625	-0.020072488380862397	0.01609857031168005	4	1	5.0	0.625
unseen_cell_line	expression	Expression only	test_macro_ovr_auroc	5	0.003579109928934221	0.014388372812223757	-0.0016413440665512535	-0.010569512622225719	0.027420539126055354	2	3	7.0	1.0
unseen_cell_line	expression	Expression only	test_macro_auprc	5	-0.003821396368225938	0.004930060559880034	-0.004028350686216209	-0.009265209005134611	0.0031372869892211663	1	4	2.0	0.1875
unseen_cell_line	expression	Expression only	test_antagonism_f1	5	-7.619738668569464e-05	0.011924335444495861	-0.0027994688978963955	-0.01689520716653181	0.01241371580233186	2	3	7.0	1.0
unseen_cell_line	expression	Expression only	test_antagonism_auroc	5	-0.00012330754710434543	0.03094472318967108	0.0038317522925019887	-0.038494329510117	0.0388446518305674	3	2	7.0	1.0
unseen_cell_line	expression	Expression only	test_antagonism_auprc	5	-0.005826988479949824	0.009711902716215639	-0.0022859474771547428	-0.021941803698792256	0.0035633875607973264	1	4	3.0	0.3125
unseen_cell_line	expression	Expression only	test_no_interaction_f1	5	-0.00821047641487067	0.04004686415428645	0.0030404337097287293	-0.07673998604375809	0.0250958532333293	3	2	7.0	1.0
unseen_cell_line	expression	Expression only	test_no_interaction_auroc	5	-0.00038244617597742446	0.01544047639999996	0.01057863660988767	-0.02145593931288936	0.010689053899743839	3	2	6.0	0.8125
unseen_cell_line	expression	Expression only	test_no_interaction_auprc	5	0.00027996434313235505	0.005816226279651495	0.003527292526187553	-0.007107235584480565	0.005287041717569441	3	2	7.0	1.0
unseen_cell_line	expression	Expression only	test_synergy_f1	5	0.0005038556625649226	0.0249398086232083	0.0032944271987251916	-0.037637081435796804	0.03229451456722415	4	1	5.0	0.625
unseen_cell_line	expression	Expression only	test_synergy_auroc	5	0.01124308350988441	0.018526839396736237	0.011646804218534035	-0.010290011847799319	0.032727911647854935	3	2	3.0	0.3125
unseen_cell_line	expression	Expression only	test_synergy_auprc	5	-0.005917164967860361	0.013405339370052874	-0.006650641918881012	-0.02117164863814705	0.012550063833083519	2	3	4.0	0.4375
unseen_cell_line	expression_pathways_regulons	Expression + pathways + regulons	test_macro_f1	5	-0.005452662186107693	0.020171950903774313	-0.0020752481876697426	-0.03410951666413131	0.01739732323748483	2	3	6.0	0.8125
unseen_cell_line	expression_pathways_regulons	Expression + pathways + regulons	test_balanced_accuracy	5	-0.00976476067890517	0.012016730227979784	-0.01329858638886483	-0.022541509446484476	0.009784425229931393	1	4	2.0	0.1875
unseen_cell_line	expression_pathways_regulons	Expression + pathways + regulons	test_macro_ovr_auroc	5	-0.0013483825762855561	0.015116806342565308	-0.004194583203377733	-0.012621410075604245	0.024556755313576595	1	4	5.0	0.625
unseen_cell_line	expression_pathways_regulons	Expression + pathways + regulons	test_macro_auprc	5	-0.010669052937729795	0.005354727269298938	-0.011213678186691334	-0.015243774057595527	-0.0019375223830881971	0	5	0.0	0.0625
unseen_cell_line	expression_pathways_regulons	Expression + pathways + regulons	test_antagonism_f1	5	-0.004714855750366659	0.031748960564588063	-0.00856232279256064	-0.05256883825414324	0.02923972801161384	2	3	7.0	1.0
unseen_cell_line	expression_pathways_regulons	Expression + pathways + regulons	test_antagonism_auroc	5	0.003132488721427862	0.01933009570246249	0.010010320223398317	-0.028627793726375472	0.020811464747340414	3	2	6.0	0.8125
unseen_cell_line	expression_pathways_regulons	Expression + pathways + regulons	test_antagonism_auprc	5	-0.01808214746142551	0.026701608095523553	-0.01527308448101608	-0.060281809743113285	0.011756585833413657	1	4	2.0	0.1875
unseen_cell_line	expression_pathways_regulons	Expression + pathways + regulons	test_no_interaction_f1	5	-7.908716475442112e-05	0.04928614170370978	0.010407371170772506	-0.07588620043938299	0.05532603693530691	3	2	7.0	1.0
unseen_cell_line	expression_pathways_regulons	Expression + pathways + regulons	test_no_interaction_auroc	5	-0.001598179664206989	0.011622783264260608	-0.004320209186723267	-0.013695675284224329	0.017660269204821	1	4	5.0	0.625
unseen_cell_line	expression_pathways_regulons	Expression + pathways + regulons	test_no_interaction_auprc	5	-0.00032968186275885716	0.004830340692207977	-0.000704975988548906	-0.00599373969698469	0.007358532760266101	1	4	5.0	0.625
unseen_cell_line	expression_pathways_regulons	Expression + pathways + regulons	test_synergy_f1	5	-0.01156404364320196	0.02117046389696446	-0.021728536484258543	-0.02292044387383907	0.026126488701132322	1	4	5.0	0.625
unseen_cell_line	expression_pathways_regulons	Expression + pathways + regulons	test_synergy_auroc	5	-0.005579456786077653	0.05004119879958583	-0.018074221545669622	-0.051055483562294945	0.07735562100155624	1	4	5.0	0.625
unseen_cell_line	expression_pathways_regulons	Expression + pathways + regulons	test_synergy_auprc	5	-0.013595329489005043	0.01927761558230258	-0.022494466341005853	-0.024927685742944405	0.020544227267311366	1	4	2.0	0.1875
unseen_cell_line	expression_regulons	Expression + regulons	test_macro_f1	5	0.0006283350753373051	0.03639103960342738	0.007165784820462928	-0.04209281695714484	0.043939727551321806	3	2	7.0	1.0
unseen_cell_line	expression_regulons	Expression + regulons	test_balanced_accuracy	5	-0.013243070701460557	0.02690043814861403	-0.0009862416528779727	-0.052575919288913364	0.011301060006298935	2	3	5.0	0.625
unseen_cell_line	expression_regulons	Expression + regulons	test_macro_ovr_auroc	5	0.0006654917265188631	0.021592848329498662	0.011670281660473902	-0.03176016865065723	0.01770072268057865	3	2	6.0	0.8125
unseen_cell_line	expression_regulons	Expression + regulons	test_macro_auprc	5	-0.006059843583058833	0.012718381663204721	-0.010124258134474484	-0.018226155693859547	0.010196401864501548	2	3	4.0	0.4375
unseen_cell_line	expression_regulons	Expression + regulons	test_antagonism_f1	5	-0.008924693198818006	0.03483844314061342	-0.00646094953200288	-0.05154434027825666	0.041019868581451346	2	3	5.0	0.625
unseen_cell_line	expression_regulons	Expression + regulons	test_antagonism_auroc	5	-0.019296435594661033	0.03122580836105748	-0.022703760176310595	-0.06333526188987482	0.0144661307819266	2	3	3.0	0.3125
unseen_cell_line	expression_regulons	Expression + regulons	test_antagonism_auprc	5	-0.010407589588138422	0.014919806293004058	-0.011089266396277747	-0.030734644016275542	0.01135583772458093	1	4	3.0	0.3125
unseen_cell_line	expression_regulons	Expression + regulons	test_no_interaction_f1	5	0.0174264926450848	0.046663515648894746	0.02595362548936453	-0.030892103579887586	0.08295948884616378	3	2	4.0	0.4375
unseen_cell_line	expression_regulons	Expression + regulons	test_no_interaction_auroc	5	0.006097777413712357	0.013075095969290983	-0.002979662849225573	-0.004100770759656869	0.021300910416486296	2	3	6.0	0.8125
unseen_cell_line	expression_regulons	Expression + regulons	test_no_interaction_auprc	5	0.00160814200142525	0.00667917678689155	-0.0016554663664785085	-0.004156739644711749	0.00943818151516429	2	3	6.0	0.8125
unseen_cell_line	expression_regulons	Expression + regulons	test_synergy_f1	5	-0.00661679422025484	0.03746772595282281	-0.006289660026220445	-0.050336001260907426	0.047069689431641804	2	3	6.0	0.8125
unseen_cell_line	expression_regulons	Expression + regulons	test_synergy_auroc	5	0.01519513336050513	0.04453557018685834	0.02714874613024687	-0.03205753310369219	0.07048245873325398	3	2	5.0	0.625
unseen_cell_line	expression_regulons	Expression + regulons	test_synergy_auprc	5	-0.009380083162463216	0.026169242455672523	-0.015005407552665856	-0.03943246104058912	0.024372811666210525	2	3	4.0	0.4375
unseen_cell_line	pathways	Pathways only	test_macro_f1	5	0.005557680491698835	0.015466040727155565	0.004691913684988169	-0.00889166204350772	0.030459497777597544	3	2	6.0	0.8125
unseen_cell_line	pathways	Pathways only	test_balanced_accuracy	5	-0.0030191113564072445	0.029962618577747527	0.0014269718440037549	-0.044531503094882186	0.0356225307010104	3	2	7.0	1.0
unseen_cell_line	pathways	Pathways only	test_macro_ovr_auroc	5	0.011672769724387156	0.032699474423395665	0.007296945300190538	-0.02385239308769016	0.06221119670117725	3	2	6.0	0.8125
unseen_cell_line	pathways	Pathways only	test_macro_auprc	5	0.0038126882613793043	0.01216861123848665	0.004963162273783295	-0.007112862295699018	0.022527926547324384	3	2	7.0	1.0
unseen_cell_line	pathways	Pathways only	test_antagonism_f1	5	-0.007281567804644007	0.01721992549699604	-0.0025117252115606226	-0.02940240193899013	0.015737905976933586	1	4	3.0	0.3125
unseen_cell_line	pathways	Pathways only	test_antagonism_auroc	5	-0.0034068447895916785	0.02223248502167936	-0.009070822150126667	-0.02271417625929606	0.03496108347818505	1	4	5.0	0.625
unseen_cell_line	pathways	Pathways only	test_antagonism_auprc	5	-0.0026284904752633897	0.007429797304572923	-0.004160481141271988	-0.010558703080025766	0.007950090802088	2	3	5.0	0.625
unseen_cell_line	pathways	Pathways only	test_no_interaction_f1	5	0.010895054019721729	0.045389021036033046	0.015047920269639192	-0.06158469006979472	0.058504741737072985	4	1	5.0	0.625
unseen_cell_line	pathways	Pathways only	test_no_interaction_auroc	5	-0.003951818857443157	0.03317757797497444	0.007140897143231073	-0.06044097209557919	0.02516078223096918	3	2	6.0	0.8125
unseen_cell_line	pathways	Pathways only	test_no_interaction_auprc	5	-0.0037451866532880905	0.015114918758850222	0.001645905018714422	-0.029721953877898555	0.00941751623225473	3	2	7.0	1.0
unseen_cell_line	pathways	Pathways only	test_synergy_f1	5	0.013059555260018807	0.030928430514952206	0.010569526620034186	-0.012966065615593214	0.06287897413803939	3	2	5.0	0.625
unseen_cell_line	pathways	Pathways only	test_synergy_auroc	5	0.042376972820196326	0.06409951849363649	0.011597969091804772	-0.020638117790343413	0.1401064756938568	4	1	3.0	0.3125
unseen_cell_line	pathways	Pathways only	test_synergy_auprc	5	0.017811741912689277	0.032552835667147006	0.011391124144188386	-0.012196671391307201	0.07330087236361801	4	1	3.0	0.3125
unseen_cell_line	pathways_regulons	Pathways + regulons	test_macro_f1	5	0.020828542168973986	0.016362247106681313	0.01884016291034929	0.0043886628683467155	0.0473177399792708	5	0	0.0	0.0625
unseen_cell_line	pathways_regulons	Pathways + regulons	test_balanced_accuracy	5	0.01250490116230063	0.03111782909589233	0.03389308759966536	-0.0218048397001277	0.0366583365279225	3	2	3.0	0.3125
unseen_cell_line	pathways_regulons	Pathways + regulons	test_macro_ovr_auroc	5	0.007846904028727609	0.006871012594250166	0.008240780852378782	-0.0006494724495376136	0.016984741460163377	4	1	1.0	0.125
unseen_cell_line	pathways_regulons	Pathways + regulons	test_macro_auprc	5	0.0020193214691064166	0.0071963120794470425	0.004293458809292439	-0.007004952766830552	0.01100685825724007	3	2	5.0	0.625
unseen_cell_line	pathways_regulons	Pathways + regulons	test_antagonism_f1	5	0.00792828351791799	0.029953793824580282	-0.011139654568999124	-0.015148815372202695	0.047689336628314594	2	3	6.0	0.8125
unseen_cell_line	pathways_regulons	Pathways + regulons	test_antagonism_auroc	5	-0.02738440346727087	0.02937668737056102	-0.024741542293793328	-0.0598891986701805	0.01666395393917197	1	4	1.0	0.125
unseen_cell_line	pathways_regulons	Pathways + regulons	test_antagonism_auprc	5	-0.006336383069339724	0.027249385984778444	0.0005901788642720951	-0.052473488074780805	0.015147630964700232	3	2	7.0	1.0
unseen_cell_line	pathways_regulons	Pathways + regulons	test_no_interaction_f1	5	0.03384979327383009	0.03903716210638276	0.028806479687382702	-0.019727067230975392	0.07418125061627356	4	1	2.0	0.1875
unseen_cell_line	pathways_regulons	Pathways + regulons	test_no_interaction_auroc	5	0.013975360095943667	0.016352117265142154	0.016778067258305662	-0.006428723408617554	0.03207899302714212	4	1	2.0	0.1875
unseen_cell_line	pathways_regulons	Pathways + regulons	test_no_interaction_auprc	5	0.005773542353627504	0.006418676215494161	0.005134809611392899	-0.002422766744457072	0.01391106416784027	4	1	2.0	0.1875
unseen_cell_line	pathways_regulons	Pathways + regulons	test_synergy_f1	5	0.020707549715174033	0.02921422106809817	0.018015260406286038	-0.004500836513343265	0.0677779901595627	3	2	3.0	0.3125
unseen_cell_line	pathways_regulons	Pathways + regulons	test_synergy_auroc	5	0.03694975545750998	0.035900612117360495	0.02922184835379793	0.0022112774141761493	0.08060961293678881	5	0	0.0	0.0625
unseen_cell_line	pathways_regulons	Pathways + regulons	test_synergy_auprc	5	0.00662080512303152	0.016681829239676645	0.003961879639179933	-0.0090393157550476	0.029257272875212875	3	2	5.0	0.625
unseen_cell_line	regulons	Regulons only	test_macro_f1	5	-0.000249061793995764	0.020980625653080908	-0.006318541248207854	-0.01575266101546524	0.03639119757436565	1	4	5.0	0.625
unseen_cell_line	regulons	Regulons only	test_balanced_accuracy	5	0.004166763444247201	0.009382384806295933	0.006290576416973392	-0.007735621385066782	0.015177245975681264	3	2	4.0	0.4375
unseen_cell_line	regulons	Regulons only	test_macro_ovr_auroc	5	0.020439700749919076	0.023984852114932877	0.021406893927568005	-0.004723693868031176	0.04620886292883619	3	2	3.0	0.3125
unseen_cell_line	regulons	Regulons only	test_macro_auprc	5	0.005167179923524001	0.010158897283480111	0.004781773147760682	-0.004812482065982893	0.021519090677045827	3	2	4.0	0.4375
unseen_cell_line	regulons	Regulons only	test_antagonism_f1	5	-0.00519688168076613	0.014774106917238624	-0.00980856219922821	-0.024055711864663376	0.012808176983971908	2	3	5.0	0.625
unseen_cell_line	regulons	Regulons only	test_antagonism_auroc	5	0.006281419338554972	0.047963983114842706	-0.02278241939122838	-0.03740645660767561	0.07165298592237734	2	3	6.0	0.8125
unseen_cell_line	regulons	Regulons only	test_antagonism_auprc	5	-0.007629604761933162	0.02809103301757323	-0.006921478553075178	-0.036366465377587254	0.03710017980755584	1	4	5.0	0.625
unseen_cell_line	regulons	Regulons only	test_no_interaction_f1	5	-0.00660146301231217	0.050596571424488396	-0.028402109642744255	-0.04624204970598511	0.07898392577310054	1	4	5.0	0.625
unseen_cell_line	regulons	Regulons only	test_no_interaction_auroc	5	0.004655888245675555	0.0096400409786453	0.0018098214846453686	-0.00803394591688844	0.016071567392127117	4	1	3.0	0.3125
unseen_cell_line	regulons	Regulons only	test_no_interaction_auprc	5	0.0012895659164963158	0.0028424225102015705	0.0003981092019724741	-0.002212876535851782	0.004626281931538578	3	2	4.0	0.4375
unseen_cell_line	regulons	Regulons only	test_synergy_f1	5	0.01105115931109103	0.012235637902630138	0.008792628858817653	-0.005215349739912278	0.027509848467770992	4	1	1.0	0.125
unseen_cell_line	regulons	Regulons only	test_synergy_auroc	5	0.050381794665526655	0.03472172337454009	0.05461031548343076	0.012813367688826127	0.08555557099825217	5	0	0.0	0.0625
unseen_cell_line	regulons	Regulons only	test_synergy_auprc	5	0.02184157861600878	0.0030339473550659553	0.022830810292042897	0.016818438298081384	0.024746887506859716	5	0	0.0	0.0625
unseen_drug	expression	Expression only	test_macro_f1	5	-0.0011044402103919104	0.012526922844564985	-0.00887754563696097	-0.011060431448803865	0.017388140209407932	2	3	6.0	0.8125
unseen_drug	expression	Expression only	test_balanced_accuracy	5	0.015593682054409497	0.01224433748589729	0.019416383493163325	0.0019494758733724638	0.027464537842200598	5	0	0.0	0.0625
unseen_drug	expression	Expression only	test_macro_ovr_auroc	5	0.014040328088825382	0.010592372909335165	0.00915859759001858	0.004618482773181998	0.02718153100081866	5	0	0.0	0.0625
unseen_drug	expression	Expression only	test_macro_auprc	5	-0.002380259405195084	0.016328868847566517	0.0046415903453672636	-0.026007440302368234	0.015084754965862923	3	2	7.0	1.0
unseen_drug	expression	Expression only	test_antagonism_f1	5	0.005440492235682426	0.023185036452720416	-0.002985135292578489	-0.017170876338817864	0.031100750029209978	2	3	6.0	0.8125
unseen_drug	expression	Expression only	test_antagonism_auroc	5	0.018991383158580823	0.01952654610889896	0.012783995157717443	0.0016361705806738902	0.05100670948983166	5	0	0.0	0.0625
unseen_drug	expression	Expression only	test_antagonism_auprc	5	-0.01517792799134048	0.03613413585989822	-0.01479101199603805	-0.06641425641004528	0.02127551640941827	2	3	5.0	0.625
unseen_drug	expression	Expression only	test_no_interaction_f1	5	-0.008166346147004556	0.011867044640679168	-0.008120795528475777	-0.020978306746881836	0.009753561047576076	1	4	3.0	0.3125
unseen_drug	expression	Expression only	test_no_interaction_auroc	5	0.016188887776164652	0.011730733598309815	0.018058353906456714	-0.0033010618403617187	0.02805309506095588	4	1	1.0	0.125
unseen_drug	expression	Expression only	test_no_interaction_auprc	5	0.006155612954131228	0.0033034605078838945	0.007131571217081301	0.0012089780807269523	0.008971065249993693	5	0	0.0	0.0625
unseen_drug	expression	Expression only	test_synergy_f1	5	-0.0005874667198536354	0.006731575405350915	-0.00372251039863164	-0.0044088435009979055	0.011310109551437797	1	4	5.0	0.625
unseen_drug	expression	Expression only	test_synergy_auroc	5	0.00694071333173063	0.014671835087162076	0.0030685500755710526	-0.009056891750465756	0.030830164090967616	4	1	4.0	0.4375
unseen_drug	expression	Expression only	test_synergy_auprc	5	0.0018815368216239304	0.019504508183998303	-0.003814267104722102	-0.02053624643813068	0.028111542312986904	2	3	7.0	1.0
unseen_drug	expression_pathways_regulons	Expression + pathways + regulons	test_macro_f1	5	-0.003460365487136641	0.016807351928838712	-0.00990373967401692	-0.02195413727814477	0.01889731497767355	2	3	5.0	0.625
unseen_drug	expression_pathways_regulons	Expression + pathways + regulons	test_balanced_accuracy	5	-0.008521857888771222	0.028399117286618984	0.007678596122298709	-0.05149923971424808	0.014765429501270355	3	2	6.0	0.8125
unseen_drug	expression_pathways_regulons	Expression + pathways + regulons	test_macro_ovr_auroc	5	-0.004436668384422226	0.020058166215943696	-0.009235405650135031	-0.02910635826860619	0.019641557778788177	2	3	6.0	0.8125
unseen_drug	expression_pathways_regulons	Expression + pathways + regulons	test_macro_auprc	5	-0.0057821534971712165	0.01625089743167811	-0.009305533441961833	-0.025464887814280912	0.011187700384458599	2	3	5.0	0.625
unseen_drug	expression_pathways_regulons	Expression + pathways + regulons	test_antagonism_f1	5	-0.01134019666727495	0.03132044551566927	-0.026951047483042778	-0.0398654370078414	0.034754912648282954	2	3	5.0	0.625
unseen_drug	expression_pathways_regulons	Expression + pathways + regulons	test_antagonism_auroc	5	-0.0038651992634852307	0.03811458240114415	0.010364908547247476	-0.05128725995582484	0.036606522799064956	3	2	6.0	0.8125
unseen_drug	expression_pathways_regulons	Expression + pathways + regulons	test_antagonism_auprc	5	-0.010316495062736186	0.03178783973242949	0.0017923938210990253	-0.048042811838272304	0.018231389164626965	3	2	6.0	0.8125
unseen_drug	expression_pathways_regulons	Expression + pathways + regulons	test_no_interaction_f1	5	0.0016880724110740707	0.017105447835247565	-0.0011637027238808884	-0.02074903400667849	0.01928865626435905	2	3	7.0	1.0
unseen_drug	expression_pathways_regulons	Expression + pathways + regulons	test_no_interaction_auroc	5	-0.006414159248937979	0.030443353022649316	0.007979745862471632	-0.04172416053793748	0.0226292004578037	3	2	6.0	0.8125
unseen_drug	expression_pathways_regulons	Expression + pathways + regulons	test_no_interaction_auprc	5	-0.0024352692645195793	0.010446731851027754	0.001023380725452272	-0.013961628058083542	0.007054715960646218	3	2	6.0	0.8125
unseen_drug	expression_pathways_regulons	Expression + pathways + regulons	test_synergy_f1	5	-0.0007289722052090664	0.018327833085447588	-0.00702010210989612	-0.013560689334639997	0.031607350502248444	1	4	5.0	0.625
unseen_drug	expression_pathways_regulons	Expression + pathways + regulons	test_synergy_auroc	5	-0.003030646640843426	0.010910321598859213	0.0009518425476159331	-0.015402753403895297	0.006725396203048684	3	2	6.0	0.8125
unseen_drug	expression_pathways_regulons	Expression + pathways + regulons	test_synergy_auprc	5	-0.00459469616425785	0.01433231403166263	-0.014155238464511888	-0.01574736608890115	0.012389565067380759	2	3	3.0	0.3125
unseen_drug	expression_regulons	Expression + regulons	test_macro_f1	5	0.0077721664997026044	0.01713312766788482	0.010984346984321158	-0.016012260804600165	0.023632671284150475	3	2	4.0	0.4375
unseen_drug	expression_regulons	Expression + regulons	test_balanced_accuracy	5	0.015135259483352703	0.01749220158443099	0.014303979714263892	-0.01221300436108852	0.03189823694161287	4	1	1.0	0.125
unseen_drug	expression_regulons	Expression + regulons	test_macro_ovr_auroc	5	0.016232402754559082	0.011227989760099276	0.018635332972161023	0.00257653888970788	0.0289969861118462	5	0	0.0	0.0625
unseen_drug	expression_regulons	Expression + regulons	test_macro_auprc	5	0.002932825388759186	0.00912829718468878	0.004450631425596097	-0.010294719573612165	0.013421434117567355	3	2	5.0	0.625
unseen_drug	expression_regulons	Expression + regulons	test_antagonism_f1	5	0.015703988388859013	0.02341163364123498	0.01584677513545807	-0.015570409827699416	0.0449501893412127	4	1	2.0	0.1875
unseen_drug	expression_regulons	Expression + regulons	test_antagonism_auroc	5	0.02721538817479563	0.03276624517386833	0.019769179043746532	-0.003760668973981529	0.06353180256362856	3	2	3.0	0.3125
unseen_drug	expression_regulons	Expression + regulons	test_antagonism_auprc	5	0.00580997200664769	0.0339841461630488	0.01871624449939685	-0.0521353472284265	0.033055740292688374	4	1	5.0	0.625
unseen_drug	expression_regulons	Expression + regulons	test_no_interaction_f1	5	0.0011103437195885356	0.018286937537536477	0.006394290059361429	-0.027973271882502537	0.01898933309510531	3	2	6.0	0.8125
unseen_drug	expression_regulons	Expression + regulons	test_no_interaction_auroc	5	0.012259285128252074	0.015206216210572897	0.011196725365379745	-0.008098139397026749	0.031316763823001526	4	1	2.0	0.1875
unseen_drug	expression_regulons	Expression + regulons	test_no_interaction_auprc	5	0.005209198273364124	0.004686119327534876	0.006131229208406919	-0.0010128967955626011	0.010619913587489926	4	1	1.0	0.125
unseen_drug	expression_regulons	Expression + regulons	test_synergy_f1	5	0.006502167390660252	0.020965094820629287	0.006830509671871099	-0.023346216551995036	0.03440369698671736	4	1	4.0	0.4375
unseen_drug	expression_regulons	Expression + regulons	test_synergy_auroc	5	0.00922253496062957	0.007928497373248349	0.005780417621854772	0.0015515029700229332	0.021145290263083316	5	0	0.0	0.0625
unseen_drug	expression_regulons	Expression + regulons	test_synergy_auprc	5	-0.0022206941137342786	0.012009565273643006	-0.007138997303294592	-0.013599804258281556	0.015119959299183305	2	3	6.0	0.8125
unseen_drug	pathways	Pathways only	test_macro_f1	5	-0.01691809493711869	0.02619432009670608	-0.015454794326726806	-0.057550100009980065	0.010832024816260888	2	3	3.0	0.3125
unseen_drug	pathways	Pathways only	test_balanced_accuracy	5	-0.00937851874446416	0.02036846635974518	-0.004676097693988357	-0.04366681336173206	0.011118507161185676	1	4	4.0	0.4375
unseen_drug	pathways	Pathways only	test_macro_ovr_auroc	5	-0.009352559671996153	0.017767279778791827	-0.010044506316208235	-0.026109698780504287	0.01661200633542803	1	4	3.0	0.3125
unseen_drug	pathways	Pathways only	test_macro_auprc	5	-0.0018201574716631308	0.012721266641920227	0.004452138778456183	-0.01638597508733708	0.009171745558654743	3	2	6.0	0.8125
unseen_drug	pathways	Pathways only	test_antagonism_f1	5	0.003572858106692778	0.0329578013862303	0.01393875390948257	-0.039098400365634334	0.04363985555576516	3	2	7.0	1.0
unseen_drug	pathways	Pathways only	test_antagonism_auroc	5	0.002120756454120021	0.034068295575991864	-0.0026546728042748935	-0.03500819898910801	0.050297790270942055	2	3	7.0	1.0
unseen_drug	pathways	Pathways only	test_antagonism_auprc	5	0.012719641394169557	0.036665681783170076	0.014374147946766669	-0.03345403380315237	0.05237271872212235	3	2	4.0	0.4375
unseen_drug	pathways	Pathways only	test_no_interaction_f1	5	-0.021423262864114067	0.03182770506720821	-0.004282823924052659	-0.07509357054169186	0.00033519031773177055	1	4	1.0	0.125
unseen_drug	pathways	Pathways only	test_no_interaction_auroc	5	-0.01655615811396873	0.014656366352610419	-0.014870970570644682	-0.03422301593292887	0.005411260308759824	1	4	1.0	0.125
unseen_drug	pathways	Pathways only	test_no_interaction_auprc	5	-0.0061930807537684315	0.006253326866828193	-0.007626250795045197	-0.012341683403162107	0.0036078838690262183	1	4	1.0	0.125
unseen_drug	pathways	Pathways only	test_synergy_f1	5	-0.03290388005393484	0.02631214149904043	-0.024200051777763965	-0.07748652309558451	-0.011478971424714157	0	5	0.0	0.0625
unseen_drug	pathways	Pathways only	test_synergy_auroc	5	-0.01362227735613979	0.009119561045666278	-0.011241903112739093	-0.029289199378227937	-0.005873031573418008	0	5	0.0	0.0625
unseen_drug	pathways	Pathways only	test_synergy_auprc	5	-0.011987033055390506	0.013986531871849195	-0.018466241958108365	-0.022967044468179376	0.009533204860171007	1	4	2.0	0.1875
unseen_drug	pathways_regulons	Pathways + regulons	test_macro_f1	5	0.00597293225615605	0.012152617141763668	0.006856195612705118	-0.010587498698546804	0.018050320479429005	3	2	4.0	0.4375
unseen_drug	pathways_regulons	Pathways + regulons	test_balanced_accuracy	5	0.005671698733236741	0.011652447036782818	0.00114021710835166	-0.008631380934003063	0.018019802857663803	4	1	3.0	0.3125
unseen_drug	pathways_regulons	Pathways + regulons	test_macro_ovr_auroc	5	0.006977897742594852	0.01312424874659372	0.012747955697976043	-0.013465773461495911	0.01967007887650396	4	1	3.0	0.3125
unseen_drug	pathways_regulons	Pathways + regulons	test_macro_auprc	5	0.003925195118222535	0.016193703472105705	0.003232037553554279	-0.01113892851632492	0.027705000897082277	3	2	7.0	1.0
unseen_drug	pathways_regulons	Pathways + regulons	test_antagonism_f1	5	0.003832228143342853	0.024472498317712327	0.006889436063293064	-0.03579537546248468	0.026947660655365913	4	1	5.0	0.625
unseen_drug	pathways_regulons	Pathways + regulons	test_antagonism_auroc	5	0.0051281062962627464	0.03110806100098659	0.0013972329331356503	-0.04089371519981033	0.03523087615022169	3	2	7.0	1.0
unseen_drug	pathways_regulons	Pathways + regulons	test_antagonism_auprc	5	-0.005854657044616185	0.029324636461949324	-0.01350491519125735	-0.04103896381697303	0.03833136595231734	2	3	5.0	0.625
unseen_drug	pathways_regulons	Pathways + regulons	test_no_interaction_f1	5	0.004209793477557011	0.010301642144409939	0.008360896303326149	-0.006738816857410623	0.015486195637802513	3	2	3.0	0.3125
unseen_drug	pathways_regulons	Pathways + regulons	test_no_interaction_auroc	5	0.005079439761801541	0.012667435846474144	-0.002194054718478222	-0.006044033649262981	0.02103667735130177	2	3	6.0	0.8125
unseen_drug	pathways_regulons	Pathways + regulons	test_no_interaction_auprc	5	0.0015272781180436957	0.005324306074970744	0.0008599077914096531	-0.0037986650302819225	0.008620585129559322	3	2	5.0	0.625
unseen_drug	pathways_regulons	Pathways + regulons	test_synergy_f1	5	0.00987677514756825	0.008534369544256492	0.010728677288782962	-0.0039464011565252255	0.01833065146910068	4	1	1.0	0.125
unseen_drug	pathways_regulons	Pathways + regulons	test_synergy_auroc	5	0.010726147169720247	0.009092312077572638	0.009295889279902436	0.0026904495338005985	0.024354205901376602	5	0	0.0	0.0625
unseen_drug	pathways_regulons	Pathways + regulons	test_synergy_auprc	5	0.01610296428124024	0.02169860836485553	0.014580442722361031	-0.016582262648159207	0.0397038019222381	4	1	3.0	0.3125
unseen_drug	regulons	Regulons only	test_macro_f1	5	-0.002602685500556734	0.011395604553538158	-0.001549782342416428	-0.014302742906364685	0.01042432490811196	2	3	5.0	0.625
unseen_drug	regulons	Regulons only	test_balanced_accuracy	5	0.003924409267340345	0.034210994498801814	-0.012747116032268746	-0.027947669671269937	0.0434118792052568	2	3	6.0	0.8125
unseen_drug	regulons	Regulons only	test_macro_ovr_auroc	5	0.0018019480139346289	0.019825656037282924	-0.011766161882391435	-0.013106181086124824	0.024702930881386753	2	3	6.0	0.8125
unseen_drug	regulons	Regulons only	test_macro_auprc	5	-0.0024146642889585125	0.021948203520590272	-0.006243291589174582	-0.023137637487576024	0.0259140982449656	2	3	7.0	1.0
unseen_drug	regulons	Regulons only	test_antagonism_f1	5	0.004162869856510221	0.030072317993909345	-0.013729293634386686	-0.02280901755482201	0.04430879885110994	2	3	6.0	0.8125
unseen_drug	regulons	Regulons only	test_antagonism_auroc	5	0.008594094271692332	0.02933770790357936	-0.0013115270378230015	-0.023002601334463635	0.04491078590885056	2	3	6.0	0.8125
unseen_drug	regulons	Regulons only	test_antagonism_auprc	5	0.003706109506530686	0.04948649691414834	-0.008085806605501178	-0.039014078531654894	0.08204567311566546	2	3	7.0	1.0
unseen_drug	regulons	Regulons only	test_no_interaction_f1	5	-0.004551692950203435	0.020148124139277367	-0.0084895825681921	-0.02312115089594924	0.02900850741475014	1	4	5.0	0.625
unseen_drug	regulons	Regulons only	test_no_interaction_auroc	5	0.003916744571351316	0.02354470419249636	-0.010582741215526825	-0.017234059735454554	0.03169311418436571	2	3	6.0	0.8125
unseen_drug	regulons	Regulons only	test_no_interaction_auprc	5	0.0011220937338045412	0.008028973967612018	-0.0035987268981300113	-0.006341418881457894	0.010600725356462282	2	3	6.0	0.8125
unseen_drug	regulons	Regulons only	test_synergy_f1	5	-0.007419233407977055	0.013752151957306107	-0.009809481954878407	-0.01918122194797367	0.015993760943972146	1	4	4.0	0.4375
unseen_drug	regulons	Regulons only	test_synergy_auroc	5	-0.007104994801239784	0.012961198712821696	-0.005384131253276081	-0.027424275005024423	0.008712283510584062	1	4	4.0	0.4375
unseen_drug	regulons	Regulons only	test_synergy_auprc	5	-0.012072196107210798	0.01736297111300694	-0.013349573029172057	-0.02908568190044869	0.013177030707074433	1	4	2.0	0.1875
