holdout	seed	context_config	context_label	test_macro_f1_baseline	test_macro_f1_context	test_macro_f1_delta_vs_baseline	test_balanced_accuracy_baseline	test_balanced_accuracy_context	test_balanced_accuracy_delta_vs_baseline	test_macro_ovr_auroc_baseline	test_macro_ovr_auroc_context	test_macro_ovr_auroc_delta_vs_baseline	test_macro_auprc_baseline	test_macro_auprc_context	test_macro_auprc_delta_vs_baseline	test_antagonism_f1_baseline	test_antagonism_f1_context	test_antagonism_f1_delta_vs_baseline	test_antagonism_auroc_baseline	test_antagonism_auroc_context	test_antagonism_auroc_delta_vs_baseline	test_antagonism_auprc_baseline	test_antagonism_auprc_context	test_antagonism_auprc_delta_vs_baseline	test_no_interaction_f1_baseline	test_no_interaction_f1_context	test_no_interaction_f1_delta_vs_baseline	test_no_interaction_auroc_baseline	test_no_interaction_auroc_context	test_no_interaction_auroc_delta_vs_baseline	test_no_interaction_auprc_baseline	test_no_interaction_auprc_context	test_no_interaction_auprc_delta_vs_baseline	test_synergy_f1_baseline	test_synergy_f1_context	test_synergy_f1_delta_vs_baseline	test_synergy_auroc_baseline	test_synergy_auroc_context	test_synergy_auroc_delta_vs_baseline	test_synergy_auprc_baseline	test_synergy_auprc_context	test_synergy_auprc_delta_vs_baseline
unseen_both	42	expression	Expression only	0.4210186048638717	0.4396633598221335	0.01864475495826179	0.44412222743264956	0.45543037901253536	0.011308151579885795	0.6408108259722815	0.6383925273954287	-0.0024182985768527177	0.4171592937668673	0.40759320489265066	-0.009566088874216616	0.26187183033656064	0.23889739663093415	-0.02297443370562649	0.6079105275870398	0.5899904031951968	-0.017920124391842984	0.19359428326885406	0.17978692696106083	-0.013807356307793228	0.7749519314805104	0.7899857309638085	0.015033799483298083	0.6661464025749703	0.6457614134269583	-0.02038498914801201	0.8474189071208498	0.8119604410865299	-0.0354584660343199	0.22623205277454406	0.29010695187165775	0.06387489909711369	0.6483755477548343	0.6794257655641311	0.031050217809296843	0.21046469091089803	0.2310322466303612	0.02056755571946317
unseen_both	42	pathways	Pathways only	0.4210186048638717	0.4060824491318411	-0.01493615573203061	0.44412222743264956	0.4372485793786998	-0.0068736480539497435	0.6408108259722815	0.643184054766517	0.0023732287942355157	0.4171592937668673	0.4055482609939424	-0.011611032772924856	0.26187183033656064	0.2533671676751903	-0.008504662661370344	0.6079105275870398	0.6341986128843035	0.026288085297263675	0.19359428326885406	0.16515517979504135	-0.028439103473812705	0.7749519314805104	0.7580609782847115	-0.01689095319579892	0.6661464025749703	0.6543201491789356	-0.011826253396034714	0.8474189071208498	0.8408410844058473	-0.006577822715002513	0.22623205277454406	0.20681920143562135	-0.019412851338922704	0.6483755477548343	0.6410334022363118	-0.007342145518522525	0.21046469091089803	0.21064851878093865	0.0001838278700406204
unseen_both	42	regulons	Regulons only	0.4210186048638717	0.405088922012262	-0.015929682851609728	0.44412222743264956	0.4157075655644272	-0.02841466186822239	0.6408108259722815	0.6029423844298173	-0.03786844154246416	0.4171592937668673	0.38835472058508175	-0.02880457318178553	0.26187183033656064	0.21149897330595482	-0.05037285703060582	0.6079105275870398	0.5738353792139677	-0.03407514837307213	0.19359428326885406	0.14053244616203348	-0.05306183710682058	0.7749519314805104	0.7796263988766435	0.004674467396133086	0.6661464025749703	0.640180254949919	-0.025966147625051228	0.8474189071208498	0.8377491994999589	-0.009669707620890922	0.22623205277454406	0.22414139385418758	-0.0020906589203564807	0.6483755477548343	0.5948115191255652	-0.05356402862926912	0.21046469091089803	0.186782516093253	-0.023682174817645035
unseen_both	42	expression_regulons	Expression + regulons	0.4210186048638717	0.3941580711921702	-0.026860533671701492	0.44412222743264956	0.40935890960669447	-0.0347633178259551	0.6408108259722815	0.5805234592341776	-0.060287366738103865	0.4171592937668673	0.37998375129385115	-0.03717554247301613	0.26187183033656064	0.17414818820984315	-0.08772364212671749	0.6079105275870398	0.4783793692419171	-0.1295311583451227	0.19359428326885406	0.11629745424305979	-0.07729682902579427	0.7749519314805104	0.7535468001932621	-0.021405131287248302	0.6661464025749703	0.6185636210514752	-0.047582781523495044	0.8474189071208498	0.8139818658936071	-0.03343704122724267	0.22623205277454406	0.2547792251734055	0.028547172398861453	0.6483755477548343	0.6446273874091405	-0.0037481603456938073	0.21046469091089803	0.20967193374488652	-0.0007927571660115151
unseen_both	42	pathways_regulons	Pathways + regulons	0.4210186048638717	0.40831651036294087	-0.01270209450093085	0.44412222743264956	0.4518097941967263	0.007687566764076725	0.6408108259722815	0.6174685436735842	-0.02334228229869728	0.4171592937668673	0.3900734796490141	-0.027085814117853158	0.26187183033656064	0.259180790960452	-0.0026910393761086504	0.6079105275870398	0.6269610908871329	0.019050563300093137	0.19359428326885406	0.15637045726975102	-0.03722382599910304	0.7749519314805104	0.7394820536119946	-0.03546987786851585	0.6661464025749703	0.6275970815641969	-0.03854932101077335	0.8474189071208498	0.8027414441724096	-0.044677462948440216	0.22623205277454406	0.226286686516376	5.463374183195535e-05	0.6483755477548343	0.5978474585694226	-0.05052808918541174	0.21046469091089803	0.2111085375048817	0.0006438465939836713
unseen_both	42	expression_pathways_regulons	Expression + pathways + regulons	0.4210186048638717	0.39041823964941136	-0.030600365214460357	0.44412222743264956	0.39869414368568684	-0.04542808374696272	0.6408108259722815	0.5796710856988975	-0.06113974027338398	0.4171592937668673	0.38211063999674516	-0.03504865377012212	0.26187183033656064	0.1561822125813449	-0.10568961775521574	0.6079105275870398	0.5044406248921707	-0.10346990269486911	0.19359428326885406	0.12274145967515998	-0.07085282359369408	0.7749519314805104	0.778124066088887	0.003172134608376509	0.6661464025749703	0.6337001368922126	-0.03244626568275766	0.8474189071208498	0.8341548127856381	-0.013264094335211696	0.22623205277454406	0.23694844027800227	0.010716387503458213	0.6483755477548343	0.6008724953123092	-0.04750305244252506	0.21046469091089803	0.1894356475294373	-0.02102904338146072
unseen_both	43	expression	Expression only	0.4007635851570344	0.4250681140801842	0.02430452892314977	0.40840067767042093	0.4510759899664934	0.042675312296072465	0.6103311290391732	0.6709749829708214	0.06064385393164817	0.4034261895125362	0.41003175444186474	0.006605564929328511	0.1903199343724364	0.23681732580037665	0.04649739142794024	0.511746144025396	0.6628357803388427	0.15108963631344674	0.1288076495481822	0.15800136191113456	0.029193712362952373	0.7821668995300394	0.7640429417791439	-0.01812395775089548	0.6763766337745216	0.6757931316599309	-0.0005835021145906838	0.8645206733490487	0.8465821451746963	-0.017938528174352375	0.22980392156862745	0.2743440746610319	0.044540153092404444	0.642870609317602	0.6742960369136903	0.03142542759608835	0.21695024564037776	0.22551175623976327	0.008561510599385508
unseen_both	43	pathways	Pathways only	0.4007635851570344	0.3934739067413724	-0.0072896784156620265	0.40840067767042093	0.42670406262708266	0.018303384956661728	0.6103311290391732	0.6370972306193874	0.026766101580214197	0.4034261895125362	0.4015344714155567	-0.0018917180969795222	0.1903199343724364	0.2048466489965922	0.014526714624155779	0.511746144025396	0.5755452063420863	0.0637990623166903	0.1288076495481822	0.13243917034816372	0.0036315207999815247	0.7821668995300394	0.7220337407631175	-0.060133158766921824	0.6763766337745216	0.6840507907871851	0.007674157012663496	0.8645206733490487	0.8670344431953001	0.0025137698462514013	0.22980392156862745	0.2535413304644074	0.023737408895779966	0.642870609317602	0.6516956947288908	0.008825085411288791	0.21695024564037776	0.2051298007032063	-0.011820444937171465
unseen_both	43	regulons	Regulons only	0.4007635851570344	0.40153118387031167	0.000767598713277251	0.40840067767042093	0.4139037086370536	0.005503030966632683	0.6103311290391732	0.6268024014249084	0.016471272385735203	0.4034261895125362	0.4092149488934	0.005788759380863762	0.1903199343724364	0.20318633110136228	0.012866396728925866	0.511746144025396	0.5439366524619578	0.03219050843656179	0.1288076495481822	0.13948997793177037	0.01068232838358818	0.7821668995300394	0.7744133554788978	-0.007753544051141592	0.6763766337745216	0.6647951163416346	-0.011581517432887045	0.8645206733490487	0.8605718031781971	-0.003948870170851548	0.22980392156862745	0.22699386503067484	-0.0028100565379526043	0.642870609317602	0.6716754354711328	0.02880482615353086	0.21695024564037776	0.2275830655702324	0.010632819929854626
unseen_both	43	expression_regulons	Expression + regulons	0.4007635851570344	0.41183739334592606	0.011073808188891643	0.40840067767042093	0.4236711703440314	0.01527049267361047	0.6103311290391732	0.628547997042773	0.018216868003599784	0.4034261895125362	0.40449586981405466	0.0010696803015184386	0.1903199343724364	0.22554485554992398	0.03522492117748757	0.511746144025396	0.5524440581760464	0.04069791415065038	0.1288076495481822	0.15228414044227187	0.02347649089408968	0.7821668995300394	0.782331705245275	0.00016480571523558307	0.6763766337745216	0.6503058534922586	-0.026070780282263062	0.8645206733490487	0.8439992332256322	-0.0205214401234165	0.22980392156862745	0.22763561924257933	-0.002168302326048116	0.642870609317602	0.6828940794600141	0.04002347014241214	0.21695024564037776	0.21720423577425985	0.0002539901338820816
unseen_both	43	pathways_regulons	Pathways + regulons	0.4007635851570344	0.403095111063222	0.0023315259061875704	0.40840067767042093	0.4156858064645497	0.007285128794128792	0.6103311290391732	0.5979535084024351	-0.012377620636738085	0.4034261895125362	0.38971370404950395	-0.013712485463032276	0.1903199343724364	0.2092534174553102	0.018933483082873792	0.511746144025396	0.5604955833132051	0.04874943928780917	0.1288076495481822	0.1427564306823063	0.013948781134124122	0.7821668995300394	0.7721606648199446	-0.010006234710094764	0.6763766337745216	0.63269583293875	-0.04368080083577164	0.8645206733490487	0.8210023883453323	-0.04351828500371635	0.22980392156862745	0.22787125091441113	-0.0019326706542163175	0.642870609317602	0.60066910895535	-0.04220150036225201	0.21695024564037776	0.20538229312087308	-0.011567952519504682
unseen_both	43	expression_pathways_regulons	Expression + pathways + regulons	0.4007635851570344	0.42410986019613767	0.023346275039103248	0.40840067767042093	0.42755878645308365	0.01915810878266272	0.6103311290391732	0.6344239111326336	0.02409278209346044	0.4034261895125362	0.4127604384019023	0.00933424888936607	0.1903199343724364	0.20048899755501223	0.010169063182575822	0.511746144025396	0.5410695800697009	0.029323436044304874	0.1288076495481822	0.13366822806832132	0.0048605785201391305	0.7821668995300394	0.8066321072986093	0.024465207768569974	0.6763766337745216	0.6763756708652024	-9.629093191687588e-07	0.8645206733490487	0.8620117539102485	-0.002508919438800161	0.22980392156862745	0.2652084757347915	0.03540455416616406	0.642870609317602	0.6858264824629976	0.04295587314539562	0.21695024564037776	0.242601333227137	0.02565108758675924
unseen_both	44	expression	Expression only	0.38417392878293316	0.37784001834375985	-0.006333910439173307	0.4061169794140791	0.3857975945300482	-0.0203193848840309	0.5665228015583125	0.5733625808279316	0.006839779269619095	0.3723529612202086	0.37459571681971754	0.0022427555995089277	0.16130820399113083	0.17366946778711484	0.012361263795984012	0.46228205548462786	0.4952805717539077	0.032998516269279854	0.1117655038725823	0.11377611800785505	0.0020106141352727452	0.7365880316968758	0.7907329401853412	0.054144908488465426	0.6294520949683131	0.6445821007047408	0.015130005736427643	0.8131414132732708	0.8359907559714841	0.02284934269821326	0.25462555066079295	0.16911764705882354	-0.08550790360196941	0.6078342542219966	0.5802250700251462	-0.027609184196850323	0.1921519665147728	0.17402027647981336	-0.01813169003495943
unseen_both	44	pathways	Pathways only	0.38417392878293316	0.42358592019605257	0.03941199141311941	0.4061169794140791	0.45551415777217513	0.04939717835809604	0.5665228015583125	0.6693834194095182	0.1028606178512057	0.3723529612202086	0.41191716866447003	0.03956420744426142	0.16130820399113083	0.241574548395794	0.08026634440466318	0.46228205548462786	0.6478110658707429	0.18552901038611502	0.1117655038725823	0.16265083414692516	0.05088533027434286	0.7365880316968758	0.7425018288222385	0.005913797125362663	0.6294520949683131	0.6864788712994663	0.05702677633115316	0.8131414132732708	0.8445665575711341	0.03142514429786325	0.25462555066079295	0.2866813833701251	0.032055832709332155	0.6078342542219966	0.6738603210583456	0.06602606683634904	0.1921519665147728	0.22853411427535106	0.03638214776057827
unseen_both	44	regulons	Regulons only	0.38417392878293316	0.3945246464916761	0.010350717708742962	0.4061169794140791	0.40827186833309764	0.0021548889190185494	0.5665228015583125	0.6264552245678974	0.0599324230095849	0.3723529612202086	0.3991399049862973	0.0267869437660887	0.16130820399113083	0.1978448275862069	0.03653662359507606	0.46228205548462786	0.5510934534695145	0.08881139798488669	0.1117655038725823	0.1191423594148393	0.007376855542257005	0.7365880316968758	0.7827163656547543	0.04612833395787852	0.6294520949683131	0.6658826700855809	0.03643057511726777	0.8131414132732708	0.8594002418063837	0.04625882853311292	0.25462555066079295	0.2030127462340672	-0.05161280442672575	0.6078342542219966	0.6623895501485968	0.054555295926600245	0.1921519665147728	0.21887711373766888	0.026725147222896095
unseen_both	44	expression_regulons	Expression + regulons	0.38417392878293316	0.4074844492759455	0.023310520493012354	0.4061169794140791	0.4397926841365479	0.03367570472246878	0.5665228015583125	0.6108073689287242	0.044284567370411754	0.3723529612202086	0.3901451814831261	0.01779222026291749	0.16130820399113083	0.24303135888501742	0.0817231548938866	0.46228205548462786	0.5726020927504227	0.11032003726579487	0.1117655038725823	0.15749030201845923	0.04572479814587693	0.7365880316968758	0.7347591627821954	-0.0018288689146803705	0.6294520949683131	0.6391934403602855	0.009741345391972356	0.8131414132732708	0.8186311452354349	0.005489731962164068	0.25462555066079295	0.24466282616062351	-0.00996272450016944	0.6078342542219966	0.6206265736754646	0.012792319453468037	0.1921519665147728	0.1943140971954841	0.002162130680711305
unseen_both	44	pathways_regulons	Pathways + regulons	0.38417392878293316	0.3983377762391011	0.014163847456167944	0.4061169794140791	0.3984803393571705	-0.007636640056908617	0.5665228015583125	0.5902926094714825	0.02376980791317007	0.3723529612202086	0.38531027063376805	0.012957309413559437	0.16130820399113083	0.17607361963190185	0.014765415640771024	0.46228205548462786	0.5667884993616508	0.1045064438770229	0.1117655038725823	0.1312394391497395	0.01947393527715721	0.7365880316968758	0.7989441624365482	0.06235613073967239	0.6294520949683131	0.6060923230756696	-0.02335977189264349	0.8131414132732708	0.8223696065935738	0.009228193320303002	0.25462555066079295	0.21999554664885326	-0.03463000401193969	0.6078342542219966	0.5979970059771273	-0.009837248244869201	0.1921519665147728	0.20232176615799083	0.010169799643218042
unseen_both	44	expression_pathways_regulons	Expression + pathways + regulons	0.38417392878293316	0.39452302046325943	0.010349091680326272	0.4061169794140791	0.40397938390271065	-0.0021375955113684397	0.5665228015583125	0.5882729614846477	0.021750159926335222	0.3723529612202086	0.3873933657874729	0.015040404567264298	0.16130820399113083	0.1792062332602873	0.017898029269156485	0.46228205548462786	0.4794604870432352	0.01717843155860732	0.1117655038725823	0.1182572384993916	0.006491734626809298	0.7365880316968758	0.7815068493150685	0.04491881761819272	0.6294520949683131	0.6580911846656607	0.02863908969734763	0.8131414132732708	0.8510159227740147	0.03787450950074389	0.25462555066079295	0.22285597881442248	-0.03176957184637047	0.6078342542219966	0.6272672127450473	0.019432958523050714	0.1921519665147728	0.1929069360890124	0.0007549695742396223
unseen_both	45	expression	Expression only	0.3828599599015674	0.38980490312911903	0.006944943227551625	0.4113674356525687	0.3992604749546538	-0.012106960697914948	0.5771812161762996	0.5745972704625011	-0.0025839457137984967	0.3693416198726791	0.3824071770933893	0.013065557220710178	0.20269312544294826	0.16213847502191062	-0.04055465042103765	0.5580237051861564	0.45527852299782623	-0.10274518218833018	0.12577304601446815	0.10617274564989321	-0.01960030036457494	0.7249615489007509	0.7611290670114199	0.036167518110668984	0.5958271864132993	0.6168970343481477	0.02106984793484834	0.7894507573223969	0.8228606520800374	0.03340989475764056	0.22092520536100302	0.24614716735402647	0.025221961993023456	0.577692756929443	0.6516162540415293	0.07392349711208634	0.19280105628117228	0.21818813355023722	0.025387077269064945
unseen_both	45	pathways	Pathways only	0.3828599599015674	0.43793542994360846	0.05507547004204105	0.4113674356525687	0.4672133433220314	0.05584590766946268	0.5771812161762996	0.6824020019231433	0.10522078574684368	0.3693416198726791	0.41540984475198006	0.046068224879300956	0.20269312544294826	0.2674800563115908	0.06478693086864251	0.5580237051861564	0.6961511205617474	0.13812741537559103	0.12577304601446815	0.1784394577164247	0.052666411701956545	0.7249615489007509	0.7646562818976612	0.03969473299691029	0.5958271864132993	0.6766882082041047	0.08086102179080534	0.7894507573223969	0.8346026421975354	0.04515188487513855	0.22092520536100302	0.2816699516215732	0.06074474626057019	0.577692756929443	0.6743666770035776	0.09667392007413456	0.19280105628117228	0.23318743434198003	0.04038637806080775
unseen_both	45	regulons	Regulons only	0.3828599599015674	0.42527838975631926	0.04241842985475186	0.4113674356525687	0.44385355732598103	0.032486121673412305	0.5771812161762996	0.6213523333086308	0.04417111713233124	0.3693416198726791	0.4069254411578666	0.0375838212851875	0.20269312544294826	0.22134831460674156	0.0186551891637933	0.5580237051861564	0.505824591974052	-0.05219911321210435	0.12577304601446815	0.1484021062258145	0.022629060211346363	0.7249615489007509	0.7767645769399386	0.05180302803918768	0.5958271864132993	0.6835603768843822	0.08773319047108286	0.7894507573223969	0.8569675898705325	0.06751683254813556	0.22092520536100302	0.2777222777222777	0.05679707236127468	0.577692756929443	0.6746720310674582	0.09697927413801521	0.19280105628117228	0.21540662737725286	0.02260557109608058
unseen_both	45	expression_regulons	Expression + regulons	0.3828599599015674	0.3909265843692107	0.00806662446764328	0.4113674356525687	0.3961287461016105	-0.015238689550958251	0.5771812161762996	0.6074091447230496	0.03022792854675005	0.3693416198726791	0.39395033838077703	0.024608718508097926	0.20269312544294826	0.19809322033898305	-0.004599905103965213	0.5580237051861564	0.54846360546565	-0.009560099720506421	0.12577304601446815	0.15002634825679112	0.02425330224232297	0.7249615489007509	0.7998362333674514	0.07487468446670043	0.5958271864132993	0.6466308682101183	0.050803681796818934	0.7894507573223969	0.8418762700865521	0.05242551276415519	0.22092520536100302	0.17485029940119762	-0.0460749059598054	0.577692756929443	0.6271329604933806	0.049440203563937635	0.19280105628117228	0.18994839679898787	-0.002852659482184411
unseen_both	45	pathways_regulons	Pathways + regulons	0.3828599599015674	0.39258856667771075	0.009728606776143345	0.4113674356525687	0.42254406085549384	0.011176625202925117	0.5771812161762996	0.602778377607908	0.025597161431608395	0.3693416198726791	0.3926329686221453	0.0232913487494662	0.20269312544294826	0.19572506286672256	-0.006968062576225703	0.5580237051861564	0.5132691677305822	-0.04475453745557423	0.12577304601446815	0.12700860939146014	0.0012355633769919883	0.7249615489007509	0.7228369056988102	-0.0021246432019407235	0.5958271864132993	0.6552425430418374	0.05941535662853803	0.7894507573223969	0.8358835685315431	0.04643281120914622	0.22092520536100302	0.2592037314675995	0.03827852610659649	0.577692756929443	0.6398234220513042	0.06213066512186116	0.19280105628117228	0.2150067279434326	0.022205671662260312
unseen_both	45	expression_pathways_regulons	Expression + pathways + regulons	0.3828599599015674	0.3987735782218225	0.01591361832025512	0.4113674356525687	0.45425588488451796	0.04288844923194923	0.5771812161762996	0.6444465211601081	0.06726530498380856	0.3693416198726791	0.4046788402430053	0.03533722037032622	0.20269312544294826	0.2723905723905724	0.06969744694762414	0.5580237051861564	0.6600310979607329	0.10200739277457649	0.12577304601446815	0.17697514658965263	0.051202100575184484	0.7249615489007509	0.7096864895262196	-0.01527505937453133	0.5958271864132993	0.6578635612757393	0.06203637486243996	0.7894507573223969	0.832095302650948	0.04264454532855111	0.22092520536100302	0.2142436727486757	-0.006681532612327318	0.577692756929443	0.6154449042438521	0.037752147314409124	0.19280105628117228	0.20496607148841536	0.012165015207243085
unseen_both	46	expression	Expression only	0.3993473867789095	0.38339624836182	-0.015951138417089505	0.4055248001313824	0.39664353323822077	-0.008881266893161655	0.5821680096656333	0.6033276318019545	0.021159622136321166	0.3865882011680993	0.39066812455528727	0.004079923387187989	0.1482537419814683	0.20246913580246914	0.05421539382100085	0.4888390454090611	0.5535379645284841	0.06469891911942305	0.1109609486151615	0.1379327479045397	0.026971799289378193	0.7938084112149533	0.7968451639684516	0.0030367527534983507	0.6227556677051853	0.6634371106758761	0.04068144297069076	0.8238660133178254	0.8533741783473583	0.029508165029532907	0.25598000714030705	0.15087444531453928	-0.10510556182576777	0.6349093158826533	0.5930078202015033	-0.04190149568114998	0.22493764157131096	0.18069744741396393	-0.044240194157347035
unseen_both	46	pathways	Pathways only	0.3993473867789095	0.451183198651232	0.0518358118723225	0.4055248001313824	0.482264471152354	0.07673967102097157	0.5821680096656333	0.6967947771888472	0.11462676752321388	0.3865882011680993	0.43532275522748387	0.048734554059384594	0.1482537419814683	0.27096461463887545	0.12271087265740716	0.4888390454090611	0.6631054397708844	0.17426639436182334	0.1109609486151615	0.18382983852914409	0.07286888991398259	0.7938084112149533	0.7733961676966167	-0.020412243518336592	0.6227556677051853	0.7119350328431623	0.08917936513797697	0.8238660133178254	0.861383550132498	0.037517536814672625	0.25598000714030705	0.30918881361820394	0.053208806477896886	0.6349093158826533	0.7153438589524949	0.08043454306984155	0.22493764157131096	0.2607548770208096	0.03581723544949861
unseen_both	46	regulons	Regulons only	0.3993473867789095	0.4269806174864211	0.027633230707511558	0.4055248001313824	0.4401202419847848	0.03459544185340235	0.5821680096656333	0.6194733015962129	0.03730529193057963	0.3865882011680993	0.41857061522472655	0.03198241405662727	0.1482537419814683	0.2698907956318253	0.12163705365035699	0.4888390454090611	0.6098973465373865	0.12105830112832539	0.1109609486151615	0.21875989190016543	0.10779894328500393	0.7938084112149533	0.78159757330637	-0.012210837908583239	0.6227556677051853	0.6336280756893615	0.010872407984176213	0.8238660133178254	0.8343675462473952	0.01050153292956979	0.25598000714030705	0.229453483521068	-0.026526523619239045	0.6349093158826533	0.6148944825618906	-0.020014833320762704	0.22493764157131096	0.202584407526619	-0.022353234044691972
unseen_both	46	expression_regulons	Expression + regulons	0.3993473867789095	0.4320265869732449	0.0326792001943354	0.4055248001313824	0.4535969984002972	0.04807219826891479	0.5821680096656333	0.6351382525715782	0.052970242905944875	0.3865882011680993	0.3992749733342687	0.012686772166169424	0.1482537419814683	0.2861977278220933	0.137943985840625	0.4888390454090611	0.6232639056623305	0.13442486025326938	0.1109609486151615	0.1917846804470861	0.08082373183192461	0.7938084112149533	0.790502188136401	-0.0033062230785522173	0.6227556677051853	0.6478039743537894	0.025048306648604135	0.8238660133178254	0.8087066037559749	-0.015159409561850468	0.25598000714030705	0.2193798449612403	-0.03660016217906675	0.6349093158826533	0.6343468776986148	-0.0005624381840385606	0.22493764157131096	0.19733363579974494	-0.02760400577156602
unseen_both	46	pathways_regulons	Pathways + regulons	0.3993473867789095	0.40195912926595817	0.0026117424870486516	0.4055248001313824	0.4104678663961361	0.004943066264753659	0.5821680096656333	0.6004322306691233	0.01826422100349001	0.3865882011680993	0.39634476477450403	0.009756563606404756	0.1482537419814683	0.21417644059153493	0.06592269861006664	0.4888390454090611	0.5523399813671026	0.06350093595804152	0.1109609486151615	0.14906733912739736	0.03810639051223587	0.7938084112149533	0.7838108762843539	-0.009997534930599405	0.6227556677051853	0.6416108346724053	0.018855166967220005	0.8238660133178254	0.8469206670480988	0.023054653730273378	0.25598000714030705	0.2078900709219858	-0.04808993621832125	0.6349093158826533	0.6073458759678618	-0.027563439914791488	0.22493764157131096	0.19304628814801614	-0.03189135342329483
unseen_both	46	expression_pathways_regulons	Expression + pathways + regulons	0.3993473867789095	0.38807960619460574	-0.011267780584303777	0.4055248001313824	0.4076658095796182	0.0021410094482357533	0.5821680096656333	0.6004148316382708	0.018246821972637495	0.3865882011680993	0.3769723598590265	-0.009615841309072781	0.1482537419814683	0.19765807962529275	0.04940433764382446	0.4888390454090611	0.5745269314378385	0.08568788602877742	0.1109609486151615	0.13680286280148396	0.025841914186322465	0.7938084112149533	0.7479667449846377	-0.0458416662303156	0.6227556677051853	0.6378627624796607	0.01510709477447536	0.8238660133178254	0.8116871978741877	-0.012178815443637636	0.25598000714030705	0.21861399397388684	-0.037366013166420214	0.6349093158826533	0.5888548009973132	-0.04605451488534007	0.22493764157131096	0.18242701890140783	-0.04251062266990313
unseen_cell_line	42	expression	Expression only	0.4476009399356197	0.46054290412043564	0.012941964184815913	0.5347225248471342	0.5417930108834929	0.007070486036358625	0.6846288396718739	0.6893071678132179	0.004678328141343946	0.44655688267823407	0.4451035692776792	-0.0014533134005548787	0.27636058875910113	0.2867962008814948	0.01043561212239369	0.6440452567935048	0.6214783584134626	-0.022566898380042222	0.18179118509981104	0.1795052376226563	-0.0022859474771547428	0.7155506549051056	0.7406465081384349	0.0250958532333293	0.7563335885281888	0.7669122251380764	0.01057863660988767	0.9206294087207274	0.9252060579150985	0.004576649194371063	0.3508915761426522	0.3541860033413774	0.0032944271987251916	0.6535076736939286	0.6795309198881146	0.026023246194186056	0.2372500542141638	0.2305994122952828	-0.006650641918881012
unseen_cell_line	42	pathways	Pathways only	0.4476009399356197	0.4522928536206079	0.004691913684988169	0.5347225248471342	0.536149496691138	0.0014269718440037549	0.6846288396718739	0.7048596203125451	0.020230780640671187	0.44655688267823407	0.4522785872772614	0.005721704599027322	0.27636058875910113	0.27424661139623635	-0.002113977362864783	0.6440452567935048	0.6362256270822901	-0.007819629711214637	0.18179118509981104	0.18974127590189904	0.007950090802088	0.7155506549051056	0.7211708467029009	0.005620191797795271	0.7563335885281888	0.7531477560308618	-0.003185832497326957	0.9206294087207274	0.9184533075715328	-0.0021761011491946425	0.3508915761426522	0.3614611027626864	0.010569526620034186	0.6535076736939286	0.7252054778244834	0.07169780413055482	0.2372500542141638	0.2486411783583522	0.011391124144188386
unseen_cell_line	42	regulons	Regulons only	0.4476009399356197	0.4839921375099854	0.03639119757436565	0.5347225248471342	0.5317945327210821	-0.0029279921260521036	0.6846288396718739	0.7060357335994419	0.021406893927568005	0.44655688267823407	0.4680759733552799	0.021519090677045827	0.27636058875910113	0.28916876574307304	0.012808176983971908	0.6440452567935048	0.6066388001858292	-0.03740645660767561	0.18179118509981104	0.21889136490736688	0.03710017980755584	0.7155506549051056	0.7945345806782061	0.07898392577310054	0.7563335885281888	0.7724051559203159	0.016071567392127117	0.9206294087207274	0.925255690652266	0.004626281931538578	0.3508915761426522	0.36827306610867716	0.017381489966024954	0.6535076736939286	0.7390632446921808	0.08555557099825217	0.2372500542141638	0.2600808645062067	0.022830810292042897
unseen_cell_line	42	expression_regulons	Expression + regulons	0.4476009399356197	0.4170238193304355	-0.03057712060518425	0.5347225248471342	0.5055463888325581	-0.029176136014576137	0.6846288396718739	0.6528686710212167	-0.03176016865065723	0.44655688267823407	0.4283307269843745	-0.018226155693859547	0.27636058875910113	0.24688915499557454	-0.029471433763526594	0.6440452567935048	0.58070999490363	-0.06333526188987482	0.18179118509981104	0.1707019187035333	-0.011089266396277747	0.7155506549051056	0.684658551325218	-0.030892103579887586	0.7563335885281888	0.753110133180786	-0.0032234553474027594	0.9206294087207274	0.9164726690760157	-0.004156739644711749	0.3508915761426522	0.3195237516705139	-0.03136782447213832	0.6535076736939286	0.624785884979234	-0.02872178871469455	0.2372500542141638	0.1978175931735747	-0.03943246104058912
unseen_cell_line	42	pathways_regulons	Pathways + regulons	0.4476009399356197	0.466441102845969	0.01884016291034929	0.5347225248471342	0.5129176851470065	-0.0218048397001277	0.6846288396718739	0.6928696205242527	0.008240780852378782	0.44655688267823407	0.4431412785702023	-0.0034156041080317667	0.27636058875910113	0.26121177338689844	-0.015148815372202695	0.6440452567935048	0.5841560581233243	-0.0598891986701805	0.18179118509981104	0.17496850365028124	-0.006822681449529799	0.7155506549051056	0.7897319055213792	0.07418125061627356	0.7563335885281888	0.7731116557864944	0.016778067258305662	0.9206294087207274	0.9257642183321203	0.005134809611392899	0.3508915761426522	0.34837962962962965	-0.002511946513022556	0.6535076736939286	0.7213411476629396	0.06783347396901096	0.2372500542141638	0.22869111372820555	-0.00855894048595826
unseen_cell_line	42	expression_pathways_regulons	Expression + pathways + regulons	0.4476009399356197	0.44552569174795	-0.0020752481876697426	0.5347225248471342	0.5121810154006498	-0.022541509446484476	0.6846288396718739	0.6730080430340349	-0.011620796637838993	0.44655688267823407	0.4317682809908625	-0.014788601687371561	0.27636058875910113	0.2677982659665405	-0.00856232279256064	0.6440452567935048	0.6154174630671293	-0.028627793726375472	0.18179118509981104	0.16050900388865663	-0.02128218121115441	0.7155506549051056	0.7396767248304894	0.024126069925383797	0.7563335885281888	0.7508045669336054	-0.00552902159458335	0.9206294087207274	0.9200402512107729	-0.0005891575099544744	0.3508915761426522	0.3291020844468199	-0.02178949169583233	0.6535076736939286	0.6528020991013702	-0.0007055745925583778	0.2372500542141638	0.21475558787315796	-0.022494466341005853
unseen_cell_line	43	expression	Expression only	0.4292815466234554	0.4345079488333963	0.005226402209940861	0.5219710508081264	0.5301905898962938	0.008219539088167305	0.681830916405953	0.7092514555320083	0.027420539126055354	0.4446817244763508	0.44781901146557196	0.0031372869892211663	0.24842053609765075	0.2608342518999826	0.01241371580233186	0.5905232520276031	0.6293679038581705	0.0388446518305674	0.18624946286240537	0.1795839674707977	-0.006665495391607684	0.6941661555237512	0.6972065892334799	0.0030404337097287293	0.7574146649587883	0.7681037188585321	0.010689053899743839	0.9183763689704438	0.9219036614966314	0.003527292526187553	0.34525794824896444	0.34548300536672627	0.0002250571177618288	0.6975548322314673	0.7302827438793222	0.032727911647854935	0.22941934159620309	0.2419694054292866	0.012550063833083519
unseen_cell_line	43	pathways	Pathways only	0.4292815466234554	0.45974104440105296	0.030459497777597544	0.5219710508081264	0.5314603319903186	0.009489281182192166	0.681830916405953	0.6891278617061435	0.007296945300190538	0.4446817244763508	0.4496448867501341	0.004963162273783295	0.24842053609765075	0.26415844207458433	0.015737905976933586	0.5905232520276031	0.5781325727220971	-0.01239067930550608	0.18624946286240537	0.1877018971366266	0.0014524342742212315	0.6941661555237512	0.7526708972608241	0.058504741737072985	0.7574146649587883	0.7825754471897575	0.02516078223096918	0.9183763689704438	0.9277938852026986	0.00941751623225473	0.34525794824896444	0.3623937938677503	0.01713584561878584	0.6975548322314673	0.7066755652065759	0.009120732975108625	0.22941934159620309	0.23343887791107687	0.004019536314873784
unseen_cell_line	43	regulons	Regulons only	0.4292815466234554	0.4177889168605399	-0.011492629762915485	0.5219710508081264	0.5282616272250998	0.006290576416973392	0.681830916405953	0.7280397793347891	0.04620886292883619	0.4446817244763508	0.4494634976241115	0.004781773147760682	0.24842053609765075	0.25481798715203424	0.006397451054383496	0.5905232520276031	0.6621762379499805	0.07165298592237734	0.18624946286240537	0.1800135563669628	-0.006235906495442561	0.6941661555237512	0.6585061649205332	-0.035659990603218006	0.7574146649587883	0.7697779523394892	0.012363287380700916	0.9183763689704438	0.9221391566110871	0.003762787640643306	0.34525794824896444	0.34004259850905216	-0.005215349739912278	0.6975548322314673	0.7521651477148981	0.05461031548343076	0.22941934159620309	0.24623777989428447	0.016818438298081384
unseen_cell_line	43	expression_regulons	Expression + regulons	0.4292815466234554	0.4732212741747772	0.043939727551321806	0.5219710508081264	0.5332721108144254	0.011301060006298935	0.681830916405953	0.6995316390865316	0.01770072268057865	0.4446817244763508	0.45487812634085234	0.010196401864501548	0.24842053609765075	0.2894404046791021	0.041019868581451346	0.5905232520276031	0.5969848083307318	0.006461556303128613	0.18624946286240537	0.1976053005869863	0.01135583772458093	0.6941661555237512	0.7771256443699149	0.08295948884616378	0.7574146649587883	0.776906530567149	0.019491865608360692	0.9183763689704438	0.9278145504856081	0.00943818151516429	0.34525794824896444	0.3530977734753146	0.007839825226350183	0.6975548322314673	0.7247035783617142	0.02714874613024687	0.22941934159620309	0.23921452794996279	0.0097951863537597
unseen_cell_line	43	pathways_regulons	Pathways + regulons	0.4292815466234554	0.4765992866027262	0.0473177399792708	0.5219710508081264	0.5586293873360489	0.0366583365279225	0.681830916405953	0.6988156578661163	0.016984741460163377	0.4446817244763508	0.45568858273359086	0.01100685825724007	0.24842053609765075	0.29610987272596534	0.047689336628314594	0.5905232520276031	0.6071872059667751	0.01666395393917197	0.18624946286240537	0.2013970938271056	0.015147630964700232	0.6941661555237512	0.7636727577968618	0.06950660227311067	0.7574146649587883	0.7894936579859304	0.03207899302714212	0.9183763689704438	0.9322874331382841	0.01391106416784027	0.34525794824896444	0.3700152292853517	0.024757281036387246	0.6975548322314673	0.6997661096456435	0.0022112774141761493	0.22941934159620309	0.23338122123538302	0.003961879639179933
unseen_cell_line	43	expression_pathways_regulons	Expression + pathways + regulons	0.4292815466234554	0.44667886986094024	0.01739732323748483	0.5219710508081264	0.5078982099185431	-0.014072840889583382	0.681830916405953	0.6692095063303487	-0.012621410075604245	0.4446817244763508	0.43346804628965946	-0.011213678186691334	0.24842053609765075	0.2670150053590568	0.018594469261406066	0.5905232520276031	0.590182908492537	-0.00034034353506617876	0.18624946286240537	0.1709763783813893	-0.01527308448101608	0.6941661555237512	0.7494921924590581	0.05532603693530691	0.7574146649587883	0.7553084034984633	-0.0021062614603249985	0.9183763689704438	0.9176713929818949	-0.000704975988548906	0.34525794824896444	0.3235294117647059	-0.021728536484258543	0.6975548322314673	0.6621372070000457	-0.03541762523142156	0.22941934159620309	0.21175636750569424	-0.01766297409050885
unseen_cell_line	44	expression	Expression only	0.45421542444801516	0.43376853156699324	-0.020446892881021916	0.5235257953274219	0.539624365639102	0.01609857031168005	0.6866703486225217	0.6846778876885705	-0.0019924609339512234	0.4511994086594173	0.4419341996542827	-0.009265209005134611	0.29798690570886616	0.28109169854233435	-0.01689520716653181	0.6461790837938299	0.6500108360863319	0.0038317522925019887	0.22089723499708075	0.1989554312982885	-0.021941803698792256	0.7587722816756782	0.6820322956319201	-0.07673998604375809	0.7795519840478796	0.7580960447349903	-0.02145593931288936	0.9272739421202787	0.9201667065357981	-0.007107235584480565	0.30588708595950115	0.3381816005267253	0.03229451456722415	0.6342799780258555	0.6459267822443895	0.011646804218534035	0.2054270488608925	0.2066804611287617	0.0012534122678692083
unseen_cell_line	44	pathways	Pathways only	0.45421542444801516	0.448607638975184	-0.005607785472831139	0.5235257953274219	0.5591483260284323	0.0356225307010104	0.6866703486225217	0.748881545323699	0.06221119670117725	0.4511994086594173	0.4737273352067417	0.022527926547324384	0.29798690570886616	0.27986926522212807	-0.018117640486738085	0.6461790837938299	0.681140167272015	0.03496108347818505	0.22089723499708075	0.21307144176575232	-0.007825793231328426	0.7587722816756782	0.6971875916058835	-0.06158469006979472	0.7795519840478796	0.7911180149793697	0.011566030931490112	0.9272739421202787	0.9293826426299623	0.002108700509683592	0.30588708595950115	0.36876606009754054	0.06287897413803939	0.6342799780258555	0.7743864537197123	0.1401064756938568	0.2054270488608925	0.2787279212245105	0.07330087236361801
unseen_cell_line	44	regulons	Regulons only	0.45421542444801516	0.45014274993025927	-0.004072674517755892	0.5235257953274219	0.5387030413031032	0.015177245975681264	0.6866703486225217	0.7287029547231798	0.042032606100658065	0.4511994086594173	0.44638692659343443	-0.004812482065982893	0.29798690570886616	0.2866611433305717	-0.011325762378294468	0.6461790837938299	0.6889237557549105	0.04274467196108056	0.22089723499708075	0.1845307696194935	-0.036366465377587254	0.7587722816756782	0.730370172032934	-0.028402109642744255	0.7795519840478796	0.7806206949356724	0.001068710887792812	0.9272739421202787	0.9276720513222512	0.0003981092019724741	0.30588708595950115	0.33339693442727214	0.027509848467770992	0.6342799780258555	0.7165644134789562	0.08228443545310071	0.2054270488608925	0.22695795883855868	0.021530909977666185
unseen_cell_line	44	expression_regulons	Expression + regulons	0.45421542444801516	0.47892152501524604	0.024706100567230882	0.5235257953274219	0.5287476787701877	0.005221883442765751	0.6866703486225217	0.6983406302829956	0.011670281660473902	0.4511994086594173	0.45557248591153815	0.004373077252120827	0.29798690570886616	0.2915259561768633	-0.00646094953200288	0.6461790837938299	0.614808240801655	-0.03137084299217496	0.22089723499708075	0.21129912145371132	-0.009598113543369424	0.7587722816756782	0.792281843477732	0.03350956180205378	0.7795519840478796	0.7754512132882228	-0.004100770759656869	0.9272739421202787	0.9256184757538002	-0.0016554663664785085	0.30588708595950115	0.35295677539114295	0.047069689431641804	0.6342799780258555	0.7047624367591094	0.07048245873325398	0.2054270488608925	0.22979986052710302	0.024372811666210525
unseen_cell_line	44	pathways_regulons	Pathways + regulons	0.45421542444801516	0.4654232256837603	0.011207801235745163	0.5235257953274219	0.5586299850522325	0.03510418972481055	0.6866703486225217	0.6980284588533162	0.011358110230794471	0.4511994086594173	0.44419445589258677	-0.007004952766830552	0.29798690570886616	0.2835593864875143	-0.014427519221351881	0.6461790837938299	0.5985195203225785	-0.04765956347125144	0.22089723499708075	0.16842374692229994	-0.052473488074780805	0.7587722816756782	0.7390452144447028	-0.019727067230975392	0.7795519840478796	0.780676265274726	0.0011242812268463798	0.9272739421202787	0.9294752990193549	0.00220135689907619	0.30588708595950115	0.37366507611906385	0.0677779901595627	0.6342799780258555	0.7148895909626443	0.08060961293678881	0.2054270488608925	0.23468432173610537	0.029257272875212875
unseen_cell_line	44	expression_pathways_regulons	Expression + pathways + regulons	0.45421542444801516	0.42010590778388385	-0.03410951666413131	0.5235257953274219	0.5148305034278974	-0.00869529189952456	0.6866703486225217	0.7112271039360983	0.024556755313576595	0.4511994086594173	0.4359556346018218	-0.015243774057595527	0.29798690570886616	0.24541806745472292	-0.05256883825414324	0.6461790837938299	0.6561894040172283	0.010010320223398317	0.22089723499708075	0.16061542525396746	-0.060281809743113285	0.7587722816756782	0.6828860812362952	-0.07588620043938299	0.7795519840478796	0.7658563087636553	-0.013695675284224329	0.9272739421202787	0.921280202423294	-0.00599373969698469	0.30588708595950115	0.33201357466063347	0.026126488701132322	0.6342799780258555	0.7116355990274117	0.07735562100155624	0.2054270488608925	0.22597127612820386	0.020544227267311366
unseen_cell_line	45	expression	Expression only	0.47175895819133573	0.4559978010813271	-0.01576115711000864	0.5584863977609401	0.5384139093800777	-0.020072488380862397	0.7038119286721939	0.7021705846056426	-0.0016413440665512535	0.455651162066313	0.44815376632786785	-0.007497395738445156	0.3043775225085377	0.3008418837148119	-0.003535638793725815	0.6376989074082364	0.6554671934398045	0.017768286031568103	0.20792783929198488	0.2114912268527822	0.0035633875607973264	0.7500081718040075	0.7438974207035044	-0.006110751100503076	0.7874803192767699	0.7750780128933471	-0.012402306383422768	0.9310865479613292	0.9262026218233435	-0.004883926137985717	0.360891180261462	0.3232540988256652	-0.037637081435796804	0.6862565593315756	0.6759665474837763	-0.010290011847799319	0.22793909894562503	0.20676745030747798	-0.02117164863814705
unseen_cell_line	45	pathways	Pathways only	0.47175895819133573	0.462867296147828	-0.00889166204350772	0.5584863977609401	0.5139548946660579	-0.044531503094882186	0.7038119286721939	0.6799595355845037	-0.02385239308769016	0.455651162066313	0.448538299770614	-0.007112862295699018	0.3043775225085377	0.2749751205695476	-0.02940240193899013	0.6376989074082364	0.6149847311489404	-0.02271417625929606	0.20792783929198488	0.2037673581507129	-0.004160481141271988	0.7500081718040075	0.7650560920736467	0.015047920269639192	0.7874803192767699	0.7270393471811907	-0.06044097209557919	0.9310865479613292	0.9013645940834306	-0.029721953877898555	0.360891180261462	0.34857067580028983	-0.012320504461172166	0.6862565593315756	0.6978545284233804	0.011597969091804772	0.22793909894562503	0.24048294707769843	0.012543848132073404
unseen_cell_line	45	regulons	Regulons only	0.47175895819133573	0.4560062971758705	-0.01575266101546524	0.5584863977609401	0.5685160061006403	0.010029608339700236	0.7038119286721939	0.7010857633327582	-0.0027261653394357044	0.455651162066313	0.4615508074989676	0.005899645432654588	0.3043775225085377	0.2945689603093095	-0.00980856219922821	0.6376989074082364	0.6148972222164574	-0.022801685191779053	0.20792783929198488	0.2010063607389097	-0.006921478553075178	0.7500081718040075	0.7037661220980224	-0.04624204970598511	0.7874803192767699	0.7892901407614152	0.0018098214846453686	0.9310865479613292	0.9309600753055082	-0.0001264726558209972	0.360891180261462	0.36968380912027965	0.008792628858817653	0.6862565593315756	0.6990699270204017	0.012813367688826127	0.22793909894562503	0.25268598645248475	0.024746887506859716
unseen_cell_line	45	expression_regulons	Expression + regulons	0.47175895819133573	0.4296661412341909	-0.04209281695714484	0.5584863977609401	0.5059104784720267	-0.052575919288913364	0.7038119286721939	0.7206820125688983	0.016870083896704413	0.455651162066313	0.4391328788627305	-0.016518283203582507	0.3043775225085377	0.25283318223028106	-0.05154434027825666	0.6376989074082364	0.652165038190163	0.0144661307819266	0.20792783929198488	0.17719319527570934	-0.030734644016275542	0.7500081718040075	0.725610062471737	-0.02439810933227049	0.7874803192767699	0.7845006564275443	-0.002979662849225573	0.9310865479613292	0.9272717499195231	-0.0038147980418060667	0.360891180261462	0.31055517900055457	-0.050336001260907426	0.6862565593315756	0.7253803430889871	0.039123783757411545	0.22793909894562503	0.21293369139295917	-0.015005407552665856
unseen_cell_line	45	pathways_regulons	Pathways + regulons	0.47175895819133573	0.47614762105968245	0.0043886628683467155	0.5584863977609401	0.5371601294201725	-0.021326268340767562	0.7038119286721939	0.7031624562226563	-0.0006494724495376136	0.455651162066313	0.4608680092201749	0.005216847153861892	0.3043775225085377	0.2932378679395386	-0.011139654568999124	0.6376989074082364	0.6129573651144431	-0.024741542293793328	0.20792783929198488	0.20851801815625698	0.0005901788642720951	0.7500081718040075	0.7788146514913902	0.028806479687382702	0.7874803192767699	0.7810515958681523	-0.006428723408617554	0.9310865479613292	0.9286637812168721	-0.002422766744457072	0.360891180261462	0.35639034374811873	-0.004500836513343265	0.6862565593315756	0.7154784076853735	0.02922184835379793	0.22793909894562503	0.24542222828739568	0.017483129341770653
unseen_cell_line	45	expression_pathways_regulons	Expression + pathways + regulons	0.47175895819133573	0.45590346743538884	-0.01585549075594689	0.5584863977609401	0.5451878113720753	-0.01329858638886483	0.7038119286721939	0.7009500503940105	-0.002861878278183405	0.455651162066313	0.44548947369241065	-0.010161688373902356	0.3043775225085377	0.2941002075303884	-0.010277314978149321	0.6376989074082364	0.6515077033060787	0.01380879589784223	0.20792783929198488	0.20259759158672747	-0.005330247705257418	0.7500081718040075	0.7356394583881551	-0.01436871341585233	0.7874803192767699	0.7831601100900466	-0.004320209186723267	0.9310865479613292	0.9293674790827569	-0.0017190688785723163	0.360891180261462	0.3379707363876229	-0.02292044387383907	0.6862565593315756	0.668182337785906	-0.018074221545669622	0.22793909894562503	0.20450335040774756	-0.02343574853787747
unseen_cell_line	46	expression	Expression only	0.46148096310504577	0.46654928313633365	0.005068320031287876	0.5297812577358698	0.5309864640290894	0.0012052062932196295	0.7015381606422473	0.6909686480200216	-0.010569512622225719	0.4556836937668847	0.4516553430806685	-0.004028350686216209	0.2865013774104683	0.28370190851257193	-0.0027994688978963955	0.6307819884183831	0.5922876589082661	-0.038494329510117	0.2052235450681038	0.20341846167511204	-0.0018050833929917631	0.7529904495986293	0.766652517725479	0.01366206812684978	0.7644843649781002	0.7751626892848937	0.010678324306793496	0.9222547562113078	0.9275417979288773	0.005287041717569441	0.3449510623060396	0.34929342317094986	0.004342360864910244	0.7093481285302585	0.7054555958669049	-0.003892532663353654	0.23957278002124263	0.22400576963801616	-0.01556701038322647
unseen_cell_line	46	pathways	Pathways only	0.46148096310504577	0.4686174016172931	0.007136438512247323	0.5297812577358698	0.5126784203215095	-0.01710283741436036	0.7015381606422473	0.6940154797098342	-0.0075226809324130395	0.4556836937668847	0.44864720394934526	-0.00703648981753946	0.2865013774104683	0.2839896521989077	-0.0025117252115606226	0.6307819884183831	0.6217111662682564	-0.009070822150126667	0.2052235450681038	0.19466484198807804	-0.010558703080025766	0.7529904495986293	0.7898775559625252	0.036887106363895916	0.7644843649781002	0.7716252621213313	0.007140897143231073	0.9222547562113078	0.9239006612300222	0.001645905018714422	0.3449510623060396	0.3319849966904464	-0.012966065615593214	0.7093481285302585	0.6887100107399151	-0.020638117790343413	0.23957278002124263	0.22737610862993543	-0.012196671391307201
unseen_cell_line	46	regulons	Regulons only	0.46148096310504577	0.4551624218568379	-0.006318541248207854	0.5297812577358698	0.522045636350803	-0.007735621385066782	0.7015381606422473	0.6968144667742161	-0.004723693868031176	0.4556836937668847	0.4541315661930265	-0.0015521275738581974	0.2865013774104683	0.26244566554580495	-0.024055711864663376	0.6307819884183831	0.6079995690271547	-0.02278241939122838	0.2052235450681038	0.17949919187698715	-0.025724353191116656	0.7529904495986293	0.7513033587159152	-0.0016870908827140152	0.7644843649781002	0.7564504190612118	-0.00803394591688844	0.9222547562113078	0.920041879675456	-0.002212876535851782	0.3449510623060396	0.35173824130879344	0.006787179002753829	0.7093481285302585	0.725993412234282	0.016645283704023517	0.23957278002124263	0.26285362702663634	0.023280847005393707
unseen_cell_line	46	expression_regulons	Expression + regulons	0.46148096310504577	0.4686467479255087	0.007165784820462928	0.5297812577358698	0.5287950160829918	-0.0009862416528779727	0.7015381606422473	0.6903846996877419	-0.011153460954505423	0.4556836937668847	0.44555943563241024	-0.010124258134474484	0.2865013774104683	0.2883347664087131	0.001833388998244756	0.6307819884183831	0.6080782282420725	-0.022703760176310595	0.2052235450681038	0.19325178335875348	-0.011971761709350326	0.7529904495986293	0.7789440750879938	0.02595362548936453	0.7644843649781002	0.7857852753945865	0.021300910416486296	0.9222547562113078	0.9304842887562661	0.008229532544958285	0.3449510623060396	0.33866140227981917	-0.006289660026220445	0.7093481285302585	0.6772905954265663	-0.03205753310369219	0.23957278002124263	0.2129422347822113	-0.026630545239031328
unseen_cell_line	46	pathways_regulons	Pathways + regulons	0.46148096310504577	0.4838693069562037	0.022388343851157955	0.5297812577358698	0.5636743453355352	0.03389308759966536	0.7015381606422473	0.7048385206920863	0.003300360049839024	0.4556836937668847	0.45997715257617716	0.004293458809292439	0.2865013774104683	0.3191694475342974	0.03266807012382905	0.6307819884183831	0.609486321578082	-0.021295666840301042	0.2052235450681038	0.21709998941674347	0.011876444348639659	0.7529904495986293	0.7694721506219881	0.016481701023358886	0.7644843649781002	0.790808547354142	0.026324182376041727	0.9222547562113078	0.932298004045593	0.01004324783428523	0.3449510623060396	0.36296632271232565	0.018015260406286038	0.7093481285302585	0.7142206931440346	0.004872564613776054	0.23957278002124263	0.23053346426619503	-0.0090393157550476
unseen_cell_line	46	expression_pathways_regulons	Expression + pathways + regulons	0.46148096310504577	0.4688605845447704	0.0073796214397246485	0.5297812577358698	0.5395656829658012	0.009784425229931393	0.7015381606422473	0.6973435774388695	-0.004194583203377733	0.4556836937668847	0.4537461713837965	-0.0019375223830881971	0.2865013774104683	0.31574110542208217	0.02923972801161384	0.6307819884183831	0.6515934531657235	0.020811464747340414	0.2052235450681038	0.21698013090151747	0.011756585833413657	0.7529904495986293	0.7633978207694018	0.010407371170772506	0.7644843649781002	0.7821446341829212	0.017660269204821	0.9222547562113078	0.9296132889715739	0.007358532760266101	0.3449510623060396	0.32744282744282743	-0.01750823486321218	0.7093481285302585	0.6582926449679636	-0.051055483562294945	0.23957278002124263	0.21464509427829823	-0.024927685742944405
unseen_drug	42	expression	Expression only	0.5489464670104663	0.5400689213735054	-0.00887754563696097	0.6469227743307625	0.6501802677831412	0.0032574934523786903	0.7972576202462879	0.8018761030194699	0.004618482773181998	0.5758449641369995	0.5498375238346312	-0.026007440302368234	0.4083371367716416	0.3911662604328237	-0.017170876338817864	0.7809631203547254	0.7825992909353993	0.0016361705806738902	0.37120900276628543	0.30479474635624015	-0.06641425641004528	0.813326602725896	0.8082736856548286	-0.005052917071067364	0.8027746534768582	0.8240508229661958	0.021276169489337637	0.9396322848242132	0.9485604667652847	0.008928181941071478	0.42517566153386155	0.42076681803286364	-0.0044088435009979055	0.8080350869072804	0.7989781951568147	-0.009056891750465756	0.41669360482049955	0.3961573583823689	-0.02053624643813068
unseen_drug	42	pathways	Pathways only	0.5489464670104663	0.5264193749879826	-0.022527092022483708	0.6469227743307625	0.6032559609690304	-0.04366681336173206	0.7972576202462879	0.7711479214657836	-0.026109698780504287	0.5758449641369995	0.5594589890496624	-0.01638597508733708	0.4083371367716416	0.36923873640600724	-0.039098400365634334	0.7809631203547254	0.7459549213656174	-0.03500819898910801	0.37120900276628543	0.33775496896313306	-0.03345403380315237	0.813326602725896	0.8090437788018433	-0.004282823924052659	0.8027746534768582	0.7685516375439293	-0.03422301593292887	0.9396322848242132	0.9293266276887654	-0.010305657135447843	0.42517566153386155	0.4009756097560976	-0.024200051777763965	0.8080350869072804	0.7989372054878041	-0.009097881419476317	0.41669360482049955	0.41129537049708886	-0.005398234323410689
unseen_drug	42	regulons	Regulons only	0.5489464670104663	0.5593707919185783	0.01042432490811196	0.6469227743307625	0.6189751046594926	-0.027947669671269937	0.7972576202462879	0.7854914583638964	-0.011766161882391435	0.5758449641369995	0.5696016725478249	-0.006243291589174582	0.4083371367716416	0.3946078431372549	-0.013729293634386686	0.7809631203547254	0.7696335392274126	-0.011329581127312749	0.37120900276628543	0.36312319616078426	-0.008085806605501178	0.813326602725896	0.8423351101406461	0.02900850741475014	0.8027746534768582	0.7855405937414036	-0.017234059735454554	0.9396322848242132	0.9332908659427553	-0.006341418881457894	0.42517566153386155	0.4411694224778337	0.015993760943972146	0.8080350869072804	0.801300242122873	-0.0067348447844074455	0.41669360482049955	0.41239095553993527	-0.004302649280564286
unseen_drug	42	expression_regulons	Expression + regulons	0.5489464670104663	0.5461226069726809	-0.002823860037785453	0.6469227743307625	0.634709769969674	-0.01221300436108852	0.7972576202462879	0.8041336983354245	0.006876078089136595	0.5758449641369995	0.5655502445633873	-0.010294719573612165	0.4083371367716416	0.39276672694394216	-0.015570409827699416	0.7809631203547254	0.7772024513807438	-0.003760668973981529	0.37120900276628543	0.31907365553785894	-0.0521353472284265	0.813326602725896	0.8197208927852574	0.006394290059361429	0.8027746534768582	0.8139713788422379	0.011196725365379745	0.9396322848242132	0.9457635140326202	0.006131229208406919	0.42517566153386155	0.4258802011888432	0.0007045396549816285	0.8080350869072804	0.8212272647832918	0.013192177876011346	0.41669360482049955	0.43181356411968286	0.015119959299183305
unseen_drug	42	pathways_regulons	Pathways + regulons	0.5489464670104663	0.5558026626231715	0.006856195612705118	0.6469227743307625	0.6382913933967594	-0.008631380934003063	0.7972576202462879	0.7991151023592834	0.0018574821129955232	0.5758449641369995	0.5863389779454251	0.010494013808425628	0.4083371367716416	0.4091224419007978	0.0007853051291561997	0.7809631203547254	0.7780320923374415	-0.002931028017283843	0.37120900276628543	0.3744243201972416	0.003215317430956155	0.813326602725896	0.8239630929519016	0.010636490226005657	0.8027746534768582	0.7967306198275952	-0.006044033649262981	0.9396322848242132	0.9365070127070535	-0.0031252721171597386	0.42517566153386155	0.43432245301681505	0.009146791482953498	0.8080350869072804	0.8225825949128135	0.01454750800553306	0.41669360482049955	0.44808560093198035	0.0313919961114808
unseen_drug	42	expression_pathways_regulons	Expression + pathways + regulons	0.5489464670104663	0.5390427273364494	-0.00990373967401692	0.6469227743307625	0.5954235346165144	-0.05149923971424808	0.7972576202462879	0.7681512619776817	-0.02910635826860619	0.5758449641369995	0.5503800763227186	-0.025464887814280912	0.4083371367716416	0.3684716997638002	-0.0398654370078414	0.7809631203547254	0.7443454966642205	-0.03661762369050492	0.37120900276628543	0.32316619092801313	-0.048042811838272304	0.813326602725896	0.832615258990255	0.01928865626435905	0.8027746534768582	0.7660607487232163	-0.03671390475364189	0.9396322848242132	0.9264697312838162	-0.013162553540397082	0.42517566153386155	0.4160412232552929	-0.009134438278568635	0.8080350869072804	0.7940475405456083	-0.013987546361672099	0.41669360482049955	0.4015043067563264	-0.015189298064173129
unseen_drug	43	expression	Expression only	0.5647895190420801	0.5553696974994591	-0.009419821542620999	0.6163811267930331	0.6422616464039655	0.025880519610932406	0.7940018788821237	0.8031604764721423	0.00915859759001858	0.5799539823713702	0.5859069152376141	0.005952932866243876	0.40153242725531335	0.39854729196273486	-0.002985135292578489	0.7813623378525589	0.7882310445667077	0.006868706714148742	0.37529549325526645	0.3605044812592284	-0.01479101199603805	0.848147400410154	0.8271690936632722	-0.020978306746881836	0.7929689187066197	0.8110272726130764	0.018058353906456714	0.9373895647921118	0.9419278330738945	0.00453826828178272	0.444688729460773	0.44039270687237025	-0.004296022588402726	0.8076743800871925	0.8102231122366428	0.0025487321494502835	0.4271768890667324	0.4552884313797193	0.028111542312986904
unseen_drug	43	pathways	Pathways only	0.5647895190420801	0.5072394190321	-0.057550100009980065	0.6163811267930331	0.6111822517980244	-0.0051988749950087065	0.7940018788821237	0.7687509383840615	-0.025250940498062202	0.5799539823713702	0.565136561419786	-0.014817420951584226	0.40153242725531335	0.38146222086264914	-0.020070206392664214	0.7813623378525589	0.7591273052641186	-0.022235032588440284	0.37529549325526645	0.36165115576178425	-0.013644337493482206	0.848147400410154	0.7730538298684622	-0.07509357054169186	0.7929689187066197	0.7687403291791017	-0.02422858952751794	0.9373895647921118	0.9250478813889497	-0.012341683403162107	0.444688729460773	0.36720220636518847	-0.07748652309558451	0.8076743800871925	0.7783851807089646	-0.029289199378227937	0.4271768890667324	0.40871064710862404	-0.018466241958108365
unseen_drug	43	regulons	Regulons only	0.5647895190420801	0.5712170915244408	0.0064275724823606994	0.6163811267930331	0.6597930059982899	0.0434118792052568	0.7940018788821237	0.8187048097635105	0.024702930881386753	0.5799539823713702	0.5939966123875009	0.014042630016130708	0.40153242725531335	0.4458412261064233	0.04430879885110994	0.7813623378525589	0.8150657328017694	0.033703394949210486	0.37529549325526645	0.39364562724012186	0.01835013398485541	0.848147400410154	0.8319013780029489	-0.016246022407205074	0.7929689187066197	0.8246620328909854	0.03169311418436571	0.9373895647921118	0.947990290148574	0.010600725356462282	0.444688729460773	0.43590867046395015	-0.008780058996822826	0.8076743800871925	0.8163866635977766	0.008712283510584062	0.4271768890667324	0.44035391977380683	0.013177030707074433
unseen_drug	43	expression_regulons	Expression + regulons	0.5647895190420801	0.5487772582374799	-0.016012260804600165	0.6163811267930331	0.630685106507297	0.014303979714263892	0.7940018788821237	0.7965784177718316	0.00257653888970788	0.5799539823713702	0.5787394812810044	-0.001214501090365805	0.40153242725531335	0.4048151332760103	0.0032827060206969683	0.7813623378525589	0.7783381138518092	-0.0030242240007497534	0.37529549325526645	0.3801323374663103	0.004836844211043856	0.848147400410154	0.8201741285276515	-0.027973271882502537	0.7929689187066197	0.7979423417546383	0.0049734230480186215	0.9373895647921118	0.9394618561229252	0.002072291330813436	0.444688729460773	0.42134251290877794	-0.023346216551995036	0.8076743800871925	0.8134547977090473	0.005780417621854772	0.4271768890667324	0.4166242502537777	-0.010552638812954707
unseen_drug	43	pathways_regulons	Pathways + regulons	0.5647895190420801	0.5542020203435333	-0.010587498698546804	0.6163811267930331	0.6175213439013848	0.00114021710835166	0.7940018788821237	0.7805361054206278	-0.013465773461495911	0.5799539823713702	0.5688150538550453	-0.01113892851632492	0.40153242725531335	0.36573705179282867	-0.03579537546248468	0.7813623378525589	0.7404686226527486	-0.04089371519981033	0.37529549325526645	0.3342565294382934	-0.04103896381697303	0.848147400410154	0.8414516024882154	-0.00669579792193864	0.7929689187066197	0.7907748639881415	-0.002194054718478222	0.9373895647921118	0.9335908997618299	-0.0037986650302819225	0.444688729460773	0.45541740674955594	0.010728677288782962	0.8076743800871925	0.8103648296209931	0.0026904495338005985	0.4271768890667324	0.43859773236501287	0.01142084329828047
unseen_drug	43	expression_pathways_regulons	Expression + pathways + regulons	0.5647895190420801	0.5515912176427163	-0.013198301399363732	0.6163811267930331	0.6240597229153318	0.007678596122298709	0.7940018788821237	0.7847664732319887	-0.009235405650135031	0.5799539823713702	0.5640778241048117	-0.015876158266558527	0.40153242725531335	0.3745813797722706	-0.026951047483042778	0.7813623378525589	0.7300750778967341	-0.05128725995582484	0.37529549325526645	0.33476754095945666	-0.0405279522958098	0.848147400410154	0.8410405255002946	-0.007106874909859395	0.7929689187066197	0.8155981191644234	0.0226292004578037	0.9373895647921118	0.944444280752758	0.007054715960646218	0.444688729460773	0.43915174765558396	-0.005536981805189023	0.8076743800871925	0.8086262226348084	0.0009518425476159331	0.4271768890667324	0.4130216506022205	-0.014155238464511888
unseen_drug	44	expression	Expression only	0.5441712985791087	0.5615594387885167	0.017388140209407932	0.6296600072175947	0.6490763907107581	0.019416383493163325	0.7911590308359372	0.8183405618367559	0.02718153100081866	0.5700915057404009	0.5851762607062638	0.015084754965862923	0.38928022022508296	0.42038097025429294	0.031100750029209978	0.7678327985703834	0.7904941324209158	0.022661333850532372	0.34626183929867493	0.3675373557080932	0.02127551640941827	0.8186498601926235	0.8284034212401996	0.009753561047576076	0.7982422506451505	0.8262953457061064	0.02805309506095588	0.9395179248264887	0.9484889900764824	0.008971065249993693	0.42458381531961975	0.43589392487105755	0.011310109551437797	0.8074020432922775	0.8382322073832451	0.030830164090967616	0.4244947530960391	0.4395024363342158	0.015007683238176694
unseen_drug	44	pathways	Pathways only	0.5441712985791087	0.544280785436445	0.00010948685733624952	0.6296600072175947	0.6249839095236064	-0.004676097693988357	0.7911590308359372	0.781114524519729	-0.010044506316208235	0.5700915057404009	0.5745436445188571	0.004452138778456183	0.38928022022508296	0.40873450805159767	0.019454287826514705	0.7678327985703834	0.7651781257661086	-0.0026546728042748935	0.34626183929867493	0.3902115508972683	0.043949711598593344	0.8186498601926235	0.8167611120949176	-0.0018887480977058946	0.7982422506451505	0.7833727757976385	-0.014869474847511999	0.9395179248264887	0.9318916740314435	-0.007626250795045197	0.42458381531961975	0.4073467361628196	-0.017237079156800172	0.8074020432922775	0.7947926719954399	-0.01260937129683759	0.4244947530960391	0.40152770862785975	-0.022967044468179376
unseen_drug	44	regulons	Regulons only	0.5441712985791087	0.5426215162366923	-0.001549782342416428	0.6296600072175947	0.6680084059354042	0.038348398717809484	0.7911590308359372	0.8134387718805683	0.02227974104463115	0.5700915057404009	0.5960056039853665	0.0259140982449656	0.38928022022508296	0.41756150604866116	0.028281285823578195	0.7678327985703834	0.812743584479234	0.04491078590885056	0.34626183929867493	0.4283075124143404	0.08204567311566546	0.8186498601926235	0.7955287092966743	-0.02312115089594924	0.7982422506451505	0.8255548191234694	0.027312568478318866	0.9395179248264887	0.9485641194748919	0.009046194648403283	0.42458381531961975	0.41477433336474134	-0.009809481954878407	0.8074020432922775	0.8020179120390014	-0.005384131253276081	0.4244947530960391	0.41114518006686707	-0.013349573029172057
unseen_drug	44	expression_regulons	Expression + regulons	0.5441712985791087	0.5672512336515357	0.023079935072427005	0.6296600072175947	0.6585385824190527	0.02887857520145798	0.7911590308359372	0.8152361085458809	0.024077077709943717	0.5700915057404009	0.5835129398579683	0.013421434117567355	0.38928022022508296	0.40512699536054103	0.01584677513545807	0.7678327985703834	0.78760197761413	0.019769179043746532	0.34626183929867493	0.3708382175572108	0.02457637825853587	0.8186498601926235	0.8376391932877288	0.01898933309510531	0.7982422506451505	0.8295590144681521	0.031316763823001526	0.9395179248264887	0.9501378384139786	0.010619913587489926	0.42458381531961975	0.4589875123063371	0.03440369698671736	0.8074020432922775	0.8285473335553608	0.021145290263083316	0.4244947530960391	0.4295627636027153	0.005068010506676157
unseen_drug	44	pathways_regulons	Pathways + regulons	0.5441712985791087	0.5609822031165159	0.01681090453740719	0.6296600072175947	0.647074726747851	0.017414719530256306	0.7911590308359372	0.8052387763229318	0.014079745486994644	0.5700915057404009	0.5977965066374832	0.027705000897082277	0.38928022022508296	0.4162278808804489	0.026947660655365913	0.7678327985703834	0.7692300315035191	0.0013972329331356503	0.34626183929867493	0.3845932052509923	0.03833136595231734	0.8186498601926235	0.8270107564959497	0.008360896303326149	0.7982422506451505	0.8147300482716224	0.0164877976264719	0.9395179248264887	0.9445977596431798	0.0050798348166911644	0.42458381531961975	0.4397079719731491	0.015124156653529341	0.8074020432922775	0.8317562491936541	0.024354205901376602	0.4244947530960391	0.4641985550182772	0.0397038019222381
unseen_drug	44	expression_pathways_regulons	Expression + pathways + regulons	0.5441712985791087	0.5630686135567823	0.01889731497767355	0.6296600072175947	0.6397373879938463	0.010077380776251532	0.7911590308359372	0.8032632301853075	0.012104199349370348	0.5700915057404009	0.5806396173928875	0.010548111652486591	0.38928022022508296	0.39619349722442504	0.006913276999342077	0.7678327985703834	0.7894402545529746	0.021607455982591173	0.34626183929867493	0.3644932284633019	0.018231389164626965	0.8186498601926235	0.8368211776240536	0.01817131743143008	0.7982422506451505	0.8062219965076222	0.007979745862471632	0.9395179248264887	0.9405413055519409	0.001023380725452272	0.42458381531961975	0.4561911658218682	0.031607350502248444	0.8074020432922775	0.8141274394953262	0.006725396203048684	0.4244947530960391	0.4368843181634199	0.012389565067380759
unseen_drug	45	expression	Expression only	0.5522601886004632	0.5411997571516594	-0.011060431448803865	0.6394187220623867	0.6413681979357592	0.0019494758733724638	0.7905431996771002	0.7961418481472621	0.005598648470161893	0.5718431750757528	0.5602700401746715	-0.01157313490108125	0.3861857500201727	0.37316023850856667	-0.013025511511606025	0.7423391100755409	0.7551231052332583	0.012783995157717443	0.33265502715566925	0.30054091147642054	-0.03211411567924871	0.830912195879261	0.8144789234430871	-0.016433272436173874	0.8198956154419967	0.816594553601635	-0.0033010618403617187	0.9454433429464056	0.9466523210271326	0.0012089780807269523	0.43968261990195584	0.4359601095033242	-0.00372251039863164	0.8093948735137628	0.8167078856068928	0.007313012093129956	0.4374311551251835	0.4336168880204614	-0.003814267104722102
unseen_drug	45	pathways	Pathways only	0.5522601886004632	0.5368053942737364	-0.015454794326726806	0.6394187220623867	0.6349494072296094	-0.004469314832777349	0.7905431996771002	0.7885735405764661	-0.001969659100634069	0.5718431750757528	0.5803218994192475	0.008478724343494726	0.3861857500201727	0.40012450392965526	0.01393875390948257	0.7423391100755409	0.7625430064570221	0.020203896381481234	0.33265502715566925	0.3850277458777916	0.05237271872212235	0.830912195879261	0.8047258338044093	-0.0261863620748517	0.8198956154419967	0.8050246448713521	-0.014870970570644682	0.9454433429464056	0.9411436466421924	-0.00429969630421323	0.43968261990195584	0.40556584508714444	-0.0341167748148114	0.8093948735137628	0.7981529704010237	-0.011241903112739093	0.4374311551251835	0.4147943057377584	-0.022636849387425106
unseen_drug	45	regulons	Regulons only	0.5522601886004632	0.538247388955988	-0.014012799644475216	0.6394187220623867	0.6179752761795608	-0.021443445882825873	0.7905431996771002	0.7774426107892717	-0.013100588887828502	0.5718431750757528	0.5487055375881768	-0.023137637487576024	0.3861857500201727	0.3633767324653507	-0.02280901755482201	0.7423391100755409	0.7193365087410772	-0.023002601334463635	0.33265502715566925	0.29364094862401435	-0.039014078531654894	0.830912195879261	0.8270019795848401	-0.0039102162944208985	0.8198956154419967	0.8082904565870501	-0.011605158854946618	0.9454433429464056	0.9418446160482756	-0.0035987268981300113	0.43968261990195584	0.4243634548177733	-0.015319165084182518	0.8093948735137628	0.8047008670396878	-0.00469400647407503	0.4374311551251835	0.4106310480922401	-0.026800107032943388
unseen_drug	45	expression_regulons	Expression + regulons	0.5522601886004632	0.5632445355847844	0.010984346984321158	0.6394187220623867	0.652227231982904	0.012808509920517297	0.7905431996771002	0.8091785326492612	0.018635332972161023	0.5718431750757528	0.5801444571403632	0.008301282064610449	0.3861857500201727	0.41619643129479944	0.03001068127462675	0.7423391100755409	0.8018999623168752	0.05956085224133434	0.33265502715566925	0.3657107674483576	0.033055740292688374	0.830912195879261	0.8270240458857269	-0.0038881499935341512	0.8198956154419967	0.81179747604497	-0.008098139397026749	0.9454433429464056	0.944430446150843	-0.0010128967955626011	0.43968261990195584	0.44651312957382694	0.006830509671871099	0.8093948735137628	0.8138381595859383	0.0044432860721754786	0.4374311551251835	0.4302921578218889	-0.007138997303294592
unseen_drug	45	pathways_regulons	Pathways + regulons	0.5522601886004632	0.550994927950249	-0.0012652606502142616	0.6394187220623867	0.6398338571663017	0.00041513510391499864	0.7905431996771002	0.8032911553750762	0.012747955697976043	0.5718431750757528	0.5611770269241282	-0.010666148151624588	0.3861857500201727	0.39307518608346576	0.006889436063293064	0.7423391100755409	0.7751762756905914	0.03283716561505057	0.33265502715566925	0.3163789375575452	-0.016276089598124044	0.830912195879261	0.8241733790218504	-0.006738816857410623	0.8198956154419967	0.816006427640972	-0.0038891878010247627	0.9454433429464056	0.9463032507378153	0.0008599077914096531	0.43968261990195584	0.4357362187454306	-0.0039464011565252255	0.8093948735137628	0.8186907627936653	0.009295889279902436	0.4374311551251835	0.4208488924770243	-0.016582262648159207
unseen_drug	45	expression_pathways_regulons	Expression + pathways + regulons	0.5522601886004632	0.5303060513223185	-0.02195413727814477	0.6394187220623867	0.6157872659329581	-0.02363145612942863	0.7905431996771002	0.7749558645455717	-0.015587335131528435	0.5718431750757528	0.5625376416337909	-0.009305533441961833	0.3861857500201727	0.3546330615270571	-0.0315526884931156	0.7423391100755409	0.7527040186227884	0.010364908547247476	0.33265502715566925	0.3344474209767683	0.0017923938210990253	0.830912195879261	0.8101631618725825	-0.02074903400667849	0.8198956154419967	0.7781714549040593	-0.04172416053793748	0.9454433429464056	0.9314817148883221	-0.013961628058083542	0.43968261990195584	0.42612193056731584	-0.013560689334639997	0.8093948735137628	0.7939921201098675	-0.015402753403895297	0.4374311551251835	0.42168378903628234	-0.01574736608890115
unseen_drug	46	expression	Expression only	0.542464884290223	0.5489123416572413	0.00644745736701835	0.6368168447713694	0.66428138261357	0.027464537842200598	0.7908748916087593	0.8145192722187051	0.02364438060994578	0.5809736346380241	0.5856152249833914	0.0046415903453672636	0.38529201996988666	0.4145752542620912	0.02928323429220453	0.7518684802033628	0.8028751896931945	0.05100670948983166	0.36976669495762743	0.3859209226768388	0.016154227719211378	0.8115091147438124	0.8033883192153366	-0.008120795528475777	0.8001061477557978	0.8169640300202325	0.016857882264434743	0.9391657699744539	0.9462973411915352	0.007131571217081301	0.43059351815696995	0.42877345149429624	-0.0018200666626737028	0.8206500468671174	0.8237185969426885	0.0030685500755710526	0.43398843898199113	0.42462741108179997	-0.009361027900191166
unseen_drug	46	pathways	Pathways only	0.542464884290223	0.5532969091064839	0.010832024816260888	0.6368168447713694	0.647935351932555	0.011118507161185676	0.7908748916087593	0.8074868979441874	0.01661200633542803	0.5809736346380241	0.5901453801966788	0.009171745558654743	0.38529201996988666	0.4289318755256518	0.04363985555576516	0.7518684802033628	0.8021662704743049	0.050297790270942055	0.36976669495762743	0.3841408429043941	0.014374147946766669	0.8115091147438124	0.8118443050615441	0.00033519031773177055	0.8001061477557978	0.8055174080645576	0.005411260308759824	0.9391657699744539	0.9427736538434801	0.0036078838690262183	0.43059351815696995	0.4191145467322558	-0.011478971424714157	0.8206500468671174	0.8147770152936994	-0.005873031573418008	0.43398843898199113	0.44352164384216214	0.009533204860171007
unseen_drug	46	regulons	Regulons only	0.542464884290223	0.5281621413838583	-0.014302742906364685	0.6368168447713694	0.6240697287391006	-0.012747116032268746	0.7908748916087593	0.7777687105226345	-0.013106181086124824	0.5809736346380241	0.5583245140088858	-0.022649120629138264	0.38529201996988666	0.3700545957669583	-0.01523742420292834	0.7518684802033628	0.7505569531655398	-0.0013115270378230015	0.36976669495762743	0.33500132052691606	-0.03476537443071137	0.8115091147438124	0.8030195321756203	-0.0084895825681921	0.8001061477557978	0.789523406540271	-0.010582741215526825	0.9391657699744539	0.9350694644181989	-0.004096305556254953	0.43059351815696995	0.4114122962089963	-0.01918122194797367	0.8206500468671174	0.793225771862093	-0.027424275005024423	0.43398843898199113	0.40490275708154244	-0.02908568190044869
unseen_drug	46	expression_regulons	Expression + regulons	0.542464884290223	0.5660975555743735	0.023632671284150475	0.6368168447713694	0.6687150817129822	0.03189823694161287	0.7908748916087593	0.8198718777206055	0.0289969861118462	0.5809736346380241	0.5854242660636202	0.004450631425596097	0.38529201996988666	0.43024220931109936	0.0449501893412127	0.7518684802033628	0.8154002827669914	0.06353180256362856	0.36976669495762743	0.3884829394570243	0.01871624449939685	0.8115091147438124	0.823538632063325	0.012029517319512628	0.8001061477557978	0.822013800557685	0.021907652801887223	0.9391657699744539	0.9474012240101268	0.00823545403567294	0.43059351815696995	0.44451182534869615	0.013918307191726209	0.8206500468671174	0.8222015498371403	0.0015515029700229332	0.43398843898199113	0.4203886347237096	-0.013599804258281556
unseen_drug	46	pathways_regulons	Pathways + regulons	0.542464884290223	0.560515204769652	0.018050320479429005	0.6368168447713694	0.6548366476290332	0.018019802857663803	0.7908748916087593	0.8105449704852633	0.01967007887650396	0.5809736346380241	0.5842056721915784	0.003232037553554279	0.38529201996988666	0.4056261343012704	0.020334114331383768	0.7518684802033628	0.7870993563535845	0.03523087615022169	0.36976669495762743	0.3562617797663701	-0.01350491519125735	0.8115091147438124	0.8269953103816149	0.015486195637802513	0.8001061477557978	0.8211428251070996	0.02103667735130177	0.9391657699744539	0.9477863551040132	0.008620585129559322	0.43059351815696995	0.4489241696260706	0.01833065146910068	0.8206500468671174	0.8233927299951059	0.002742683127988532	0.43398843898199113	0.44856888170435216	0.014580442722361031
unseen_drug	46	expression_pathways_regulons	Expression + pathways + regulons	0.542464884290223	0.5513219202283917	0.008857035938168667	0.6368168447713694	0.6515822742726397	0.014765429501270355	0.7908748916087593	0.8105164493875475	0.019641557778788177	0.5809736346380241	0.5921613350224827	0.011187700384458599	0.38529201996988666	0.4200469326181696	0.034754912648282954	0.7518684802033628	0.7884750030024278	0.036606522799064956	0.36976669495762743	0.3867312007923026	0.01696450583467518	0.8115091147438124	0.8103454120199315	-0.0011637027238808884	0.8001061477557978	0.815864470482412	0.01575832272661415	0.9391657699744539	0.9460355085642381	0.006869738589784236	0.43059351815696995	0.4235734160470738	-0.00702010210989612	0.8206500468671174	0.827209874677803	0.006559827810685648	0.43398843898199113	0.4437172957109073	0.009728856728916158
