feature_index	gene
0	PSME1
1	CISD1
2	SPDEF
3	ATF1
4	RHEB
5	IGF1R
6	FOXO3
7	GSTM2
8	RHOA
9	IL1B
10	ASAH1
11	RALA
12	ARHGEF12
13	SOX2
14	SERPINE1
15	HLA-DMA
16	EGF
17	SPTLC2
18	APP
19	TSKU
20	NOS3
21	CSNK1A1
22	NFATC4
23	TBP
24	SLC2A6
25	EZH2
26	ICAM3
27	BRCA1
28	PSMD4
29	PHKG2
30	ETV1
31	KDM5B
32	COG4
33	MCM3
34	TERT
35	SNX13
36	PAK4
37	DPH2
38	SNX6
39	EED
40	WIPF2
41	NENF
42	RPN1
43	C2CD2L
44	GABPB1
45	POLR2K
46	PTK2B
47	PAF1
48	POLR1C
49	RUVBL1
50	AKT1
51	SENP6
52	HSPB1
53	EBP
54	CASK
55	RRP8
56	PIK3C3
57	BHLHE40
58	BDH1
59	SH3BP5
60	PPP2R5A
61	EML3
62	BIRC5
63	EPRS1
64	PAX8
65	CBLB
66	PDS5A
67	DFFB
68	TGFB3
69	XBP1
70	NMT1
71	ARFIP2
72	STAMBP
73	PRKX
74	FAH
75	PLP2
76	SOX4
77	TESK1
78	RRAGA
79	ELOVL6
80	ACBD3
81	PMAIP1
82	TWF2
83	HDAC6
84	CCND1
85	PXN
86	PHKB
87	NFKBIB
88	CASC3
89	MLEC
90	GLI2
91	USP22
92	TMED10
93	CHERP
94	PIK3CA
95	TRAPPC6A
96	ATP2C1
97	USP14
98	APPBP2
99	RPS6
100	ECH1
101	HDAC2
102	DFFA
103	MRPL19
104	SUZ12
105	CSNK2A2
106	TICAM1
107	PAICS
108	CDK2
109	EDN1
110	SQSTM1
111	HIF1A
112	ETFB
113	CAMSAP2
114	ARNT2
115	SPAG7
116	MAPK1IP1L
117	MSH6
118	UBE2C
119	HS2ST1
120	TXLNA
121	DNAJB1
122	TOPBP1
123	ABCF1
124	LGMN
125	PTGS2
126	PLA2G4A
127	MAT2A
128	MBTPS1
129	ZNF274
130	CLIC4
131	EIF4G1
132	BTK
133	MYL9
134	PSMD2
135	CLTC
136	HSD17B10
137	STX1A
138	ALDOA
139	STAT5B
140	CCNA2
141	SDHB
142	ETS1
143	FOXO4
144	TOMM34
145	HK1
146	TENT4A
147	PLOD3
148	TRAK2
149	VAPB
150	HSPD1
151	BUB1B
152	MRPL12
153	PNP
154	CEBPA
155	PSMF1
156	USP1
157	RPA1
158	KLHDC2
159	SCARB1
160	TPM1
161	TM9SF2
162	ATF6
163	NUP88
164	FUT1
165	PRUNE1
166	SYPL1
167	ZNF451
168	RALB
169	TRIM13
170	FBXO7
171	PPARD
172	ENOSF1
173	STAT3
174	LIG1
175	GNB5
176	INSIG1
177	DNMT3A
178	S100A4
179	KTN1
180	ARHGAP1
181	LPAR2
182	COASY
183	RASA1
184	ATMIN
185	CASP3
186	PSME2
187	NISCH
188	CPSF4
189	COPB2
190	GADD45A
191	SMNDC1
192	NUDCD3
193	FGFR2
194	HMGCR
195	SLC35B1
196	TIMP2
197	LSM6
198	CALM3
199	SACM1L
200	TCERG1
201	WASHC5
202	DNM1
203	DDIT4
204	ALAS1
205	PAFAH1B1
206	PSRC1
207	ERO1A
208	APOE
209	RBM15B
210	TOMM70
211	CBR1
212	PRKCD
213	PIK3R4
214	CSNK1E
215	JUN
216	TMEM50A
217	SCCPDH
218	TSC22D3
219	TFAP2A
220	ZNF395
221	VPS72
222	CLSTN1
223	MAPK9
224	SKP1
225	POP4
226	NFE2L2
227	BLCAP
228	FAM20B
229	PROS1
230	CRKL
231	ZNF318
232	FDFT1
233	TRAP1
234	GTF2A2
235	PSMD9
236	MTFR1
237	UBE2A
238	NIT1
239	SYNGR3
240	NFKB2
241	STK25
242	ABCF3
243	FCHO1
244	OXSR1
245	SMARCC1
246	PAK6
247	GHR
248	GLOD4
249	CDK4
250	IL4R
251	PRKAG2
252	KIT
253	PTPRC
254	PSMG1
255	TMEM97
256	LRRC41
257	TCEAL4
258	NUP133
259	NUP62
260	SPTAN1
261	MALT1
262	YKT6
263	KIF2C
264	NNT
265	COL1A1
266	CDC25A
267	TP53
268	IQGAP1
269	EGR1
270	MUC1
271	AURKB
272	HSPA4
273	TOP2A
274	NCK2
275	AURKA
276	CDK5R1
277	SCP2
278	RAD9A
279	DRAP1
280	PCMT1
281	FYN
282	MYC
283	POLB
284	CETN3
285	SMC4
286	SMARCD2
287	MPZL1
288	NRAS
289	EBNA1BP2
290	TATDN2
291	LRPAP1
292	BNIP3L
293	TBPL1
294	RAE1
295	CDK1
296	SLC35A1
297	NIPSNAP1
298	BCL7B
299	TIMELESS
300	DHX29
301	MMP2
302	TCEA2
303	FHL2
304	FKBP4
305	KAT6A
306	CDK7
307	MAP3K4
308	ZFP36
309	INPP1
310	RAC2
311	HMOX1
312	COL4A1
313	EPB41L2
314	GNAI2
315	DNMT1
316	RAB27A
317	DDR1
318	LPGAT1
319	DUSP11
320	TP53BP2
321	CDKN1A
322	TJP1
323	ABCB6
324	MTHFD2
325	PRAF2
326	DNTTIP2
327	HTATSF1
328	NCAPD2
329	TMEM109
330	ICAM1
331	NUP93
332	PLA2G15
333	PIP4K2B
334	MYCBP2
335	PGRMC1
336	AARS1
337	GPC1
338	ELAC2
339	PLSCR1
340	CTSL
341	CTSD
342	ARHGEF2
343	ILK
344	NFIL3
345	ARL4C
346	CPNE3
347	C5
348	SCRN1
349	MAN2B1
350	NFKBIA
351	DCTD
352	MBNL1
353	MYCBP
354	PTPN1
355	MPC2
356	ECD
357	CIRBP
358	NFKBIE
359	PRSS23
360	CCNH
361	P4HA2
362	ATP6V0B
363	CAPN1
364	STXBP1
365	ITGB5
366	SLC11A2
367	PDIA5
368	RAP1GAP
369	NOLC1
370	CAT
371	DUSP14
372	HMGA2
373	IGFBP3
374	TRIB1
375	TP53BP1
376	FRS2
377	BECN1
378	KDELR2
379	ELAVL1
380	IFNAR1
381	MIF
382	DAG1
383	IGF2BP2
384	IGF2R
385	TIPARP
386	CRTAP
387	GMNN
388	CYTH1
389	PRCP
390	SMARCA4
391	PYGL
392	RPA2
393	ERBB3
394	GTF2E2
395	ANXA7
396	TXNRD1
397	FZD1
398	CRYZ
399	GAA
400	BLMH
401	RRP1B
402	TSPAN3
403	PIK3R3
404	KEAP1
405	TFDP1
406	SMC3
407	LBR
408	PPIE
409	TERF2IP
410	BNIP3
411	BCL2
412	RBM6
413	CSK
414	ALDOC
415	UBE2L6
416	SYK
417	PCBD1
418	ICMT
419	EIF4EBP1
420	GNPDA1
421	CCND3
422	NUCB2
423	RSU1
424	PTPN6
425	DUSP4
426	PTPN12
427	PCK2
428	RB1
429	GFPT1
430	BLVRA
431	S100A13
432	MYBL2
433	STX4
434	TMCO1
435	PARP1
436	CCDC85B
437	DDB2
438	BAMBI
439	HADH
440	GLRX
441	MVP
442	STMN1
443	GALE
444	PTPRF
445	PGM1
446	LOXL1
447	MYO10
448	LIPA
449	PHGDH
450	ST7
451	IKBKB
452	PCM1
453	IER3
454	FAT1
455	RNMT
456	EGFR
457	NET1
458	DECR1
459	CDK6
460	NPC1
461	MEST
462	PAFAH1B3
463	CALU
464	LGALS8
465	LRP10
466	ATP1B1
467	OXCT1
468	SLC25A4
469	PSMB10
470	ASCC3
471	TRAM2
472	PYCR1
473	NCOA3
474	POLD4
475	FOSL1
476	PRKACA
477	LYRM1
478	VDAC1
479	SORBS3
480	SPAG4
481	E2F2
482	SLC5A6
483	RGS2
484	SCYL3
485	TBX2
486	DNAJA3
487	DCUN1D4
488	DYRK3
489	POLG2
490	TRAPPC3
491	TCFL5
492	CRK
493	RBM34
494	ITGB1BP1
495	ACLY
496	RAD51C
497	SMC1A
498	YME1L1
499	ACAA1
500	HSPA8
501	CCNB1
502	WFS1
503	UBE3B
504	NPDC1
505	ALDH7A1
506	NFATC3
507	PCNA
508	POLR2I
509	PSMB8
510	AKAP8L
511	PLEKHJ1
512	HAT1
513	G3BP1
514	TPD52L2
515	PIH1D1
516	PRKCQ
517	SHB
518	UTP14A
519	TSEN2
520	SUV39H1
521	LYPLA1
522	BIRC2
523	MAP2K5
524	PUF60
525	DHRS7
526	ARID5B
527	PAK1
528	CDC42
529	IGHMBP2
530	ADO
531	TCTN1
532	AKR7A2
533	PPP2R5E
534	LAMA3
535	CCNE2
536	FEZ2
537	ELP1
538	SGCB
539	ENOPH1
540	CNOT4
541	SNAP25
542	JMJD6
543	SLC35F2
544	ANO10
545	STUB1
546	PGAM1
547	BAD
548	PSMD10
549	RAB11FIP2
550	FPGS
551	RNH1
552	ATG3
553	NCK1
554	CFLAR
555	HEATR1
556	WDR7
557	AKAP8
558	SLC1A4
559	GRWD1
560	STAT1
561	FOXJ3
562	CHIC2
563	USP7
564	NOSIP
565	DLD
566	IDE
567	CD40
568	PRPF4
569	MELK
570	DAXX
571	SMAD3
572	OXA1L
573	SNX7
574	CDCA4
575	TBC1D9B
576	CDC20
577	DDX42
578	IKBKE
579	CCL2
580	WDTC1
581	PLSCR3
582	NUSAP1
583	SRC
584	BMP4
585	XPO7
586	FAIM
587	PXMP2
588	TIMM17B
589	STXBP2
590	MNAT1
591	HPRT1
592	RRS1
593	ADAT1
594	SCAND1
595	MFSD10
596	COPS7A
597	FIS1
598	NUDT9
599	CSRP1
600	METRN
601	TCTA
602	TLK2
603	DNAJB6
604	TLR4
605	HMGCS1
606	SPRED2
607	MAP7
608	CHAC1
609	GNAS
610	TEX10
611	ZNF586
612	IKZF1
613	APBB2
614	RNF167
615	EPHA3
616	TXNDC9
617	VGLL4
618	CASP10
619	YTHDF1
620	LSM5
621	ZMYM2
622	CHMP6
623	CASP7
624	PIGB
625	CHEK2
626	ACD
627	SUPV3L1
628	GPATCH8
629	TGFBR2
630	NOTCH1
631	SHC1
632	ARPP19
633	RTN2
634	NPEPL1
635	SIRT3
636	UBQLN2
637	DMTF1
638	CLPX
639	TXNL4B
640	PRR15L
641	ST6GALNAC2
642	ADH5
643	GOLT1B
644	PPOX
645	CANT1
646	HOMER2
647	CLTB
648	PHKA1
649	CYCS
650	MAP4K4
651	PAN2
652	PPIC
653	EIF5
654	GNAI1
655	TM9SF3
656	CCDC86
657	SLC25A14
658	TBXA2R
659	FBXO11
660	HERPUD1
661	RPL39L
662	BPHL
663	MAPKAPK3
664	MBOAT7
665	PNKP
666	SLC35A3
667	LSR
668	MEF2C
669	KDM5A
670	MINDY1
671	RAB4A
672	IFRD2
673	BACE2
674	LYN
675	ISOC1
676	DUSP3
677	MOK
678	PPP1R13B
679	DNAJB2
680	CERK
681	LAP3
682	MAPKAPK5
683	PRKCH
684	RAB21
685	PSIP1
686	CREB1
687	MBNL2
688	PACSIN3
689	MTA1
690	MACF1
691	CCNA1
692	PCCB
693	STAP2
694	PMM2
695	HSD17B11
696	FBXL12
697	FAS
698	CENPE
699	CREG1
700	PRR7
701	ZNF589
702	BAX
703	CNDP2
704	TNIP1
705	P4HTM
706	REEP5
707	BZW2
708	CGRRF1
709	AMDHD2
710	PEX11A
711	GFOD1
712	PECR
713	SOCS2
714	ZDHHC6
715	ITGAE
716	NGRN
717	HOXA5
718	GRN
719	NUP85
720	GTPBP8
721	PTK2
722	EPN2
723	MRPS16
724	RPS5
725	NOL3
726	NR1H2
727	PLS1
728	DUSP22
729	RPS6KA1
730	DCK
731	TRIM2
732	SNCA
733	VPS28
734	NR2F6
735	EXOSC4
736	PDLIM1
737	CRELD2
738	RRP12
739	ACAT2
740	THAP11
741	CEBPD
742	MAST2
743	DHDDS
744	GADD45B
745	DYNLT3
746	CHMP4A
747	IPO13
748	ITFG1
749	SPP1
750	HYOU1
751	FOS
752	MCOLN1
753	ID2
754	KCNK1
755	AXIN1
756	RAI14
757	DNAJC15
758	HOXA10
759	CASP2
760	CTNND1
761	ZNF131
762	HOOK2
763	ERBB2
764	INTS3
765	RFNG
766	MICALL1
767	KLHL21
768	TLE1
769	FZD7
770	COG2
771	MRPS2
772	KCTD5
773	CNPY3
774	ADAM10
775	CD58
776	KIF5C
777	HMG20B
778	PIN1
779	LAGE3
780	TNFRSF21
781	KIF14
782	DUSP6
783	CYB561
784	HTRA1
785	WASF3
786	TSPAN6
787	FBXO21
788	PPP2R3C
789	ADRB2
790	GRB10
791	MMP1
792	ZW10
793	CORO1A
794	XPNPEP1
795	MAMLD1
796	DSG2
797	SLC27A3
798	IL13RA1
799	AGL
800	CDC25B
801	GATA3
802	RPA3
803	TES
804	SPR
805	RELB
806	EPHB2
807	RPIA
808	NVL
809	CHEK1
810	ME2
811	PDGFA
812	RFC2
813	TIMM9
814	ORC1
815	PARP2
816	FASTKD5
817	MSRA
818	SYNE2
819	UBE3C
820	CCDC92
821	CXCL2
822	TIMM22
823	ATF5
824	NSDHL
825	ADI1
826	GDPD5
827	TARBP1
828	RBKS
829	KDM3A
830	BID
831	MTF2
832	HLA-DRA
833	PIK3C2B
834	SLC25A46
835	CDK19
836	KIAA0753
837	KAT6B
838	CHN1
839	MAPK13
840	UFM1
841	GNA15
842	IARS2
843	GATA2
844	RALGDS
845	NRIP1
846	CCNB2
847	RNPS1
848	SATB1
849	ARID4B
850	GSTZ1
851	SESN1
852	SPEN
853	PFKL
854	PDHX
855	DENND2D
856	CTTN
857	UBR7
858	GRB7
859	CD44
860	VAV3
861	ABHD6
862	MAPKAPK2
863	CAB39
864	TIAM1
865	DNM1L
866	DERA
867	PTPRK
868	HERC6
869	MKNK1
870	ACOT9
871	ST3GAL5
872	CTNNAL1
873	ABHD4
874	INPP4B
875	ZMIZ1
876	PPARG
877	RPP38
878	CAST
879	BAG3
880	GNA11
881	TOR1A
882	SLC25A13
883	TSPAN4
884	NR3C1
885	TRIB3
886	CXCR4
887	FKBP14
888	CIAPIN1
889	COG7
890	TUBB6
891	ABL1
892	CCNF
893	HSPA1A
894	EVL
895	EAPP
896	EXT1
897	POLE2
898	PLCB3
899	C2CD2
900	ANKRD10
901	DDX10
902	CEP57
903	RAB31
904	ABCC5
905	RFC5
906	HES1
907	KLHL9
908	UBE2J1
909	SLC37A4
910	PLK1
911	NPRL2
912	PWP1
913	PLEKHM1
914	VAT1
915	KIF20A
916	CDH3
917	SSBP2
918	SNX11
919	SFN
920	RFX5
921	PKIG
922	FSD1
923	ATP6V1D
924	CDC45
925	EDEM1
926	MYLK
927	USP6NL
928	NT5DC2
929	CCP110
930	STK10
931	UGDH
932	HEBP1
933	FGFR4
934	CDKN2A
935	ATP11B
936	CD320
937	CDKN1B
938	MLLT11
939	CEBPZ
940	GAPDH
941	CBR3
