	mean	std	median	min	max	fraction_zero	fraction_positive	n_unique_values
PSME1	7.473104080628272	0.8613815343104482	7.5000134	3.608348	9.978925	0.0	1.0	1713
CISD1	5.112112469691682	0.7413738261587468	5.1408033	2.2054644	7.68451	0.0	1.0	1717
SPDEF	0.6401549044834206	1.4479530863678998	0.10449367	0.0	8.416587	0.11925538103548575	0.8807446189645143	1511
ATF1	4.589818825538103	0.5870647015177516	4.632844	2.3948104	7.010724	0.0	1.0	1714
RHEB	6.993975222280396	0.7494384983810444	7.034359	3.8762124	9.161631	0.0	1.0	1714
IGF1R	3.215595537154741	1.277665868126479	3.2614946	0.0	8.569107	0.0011634671320535194	0.9988365328679465	1718
FOXO3	3.5607391752995925	0.8893332171267692	3.5857918	0.02846731	6.807664	0.0	1.0	1718
GSTM2	2.9711514837062247	2.063889203642287	2.970261	0.0	8.562563	0.015125072716695753	0.9848749272833043	1692
RHOA	8.701071244618964	0.7096160319677011	8.770683	1.3572367	10.643766	0.0	1.0	1716
IL1B	1.8582745455381036	2.445426157876582	0.63254	0.0	12.255067	0.0924956369982548	0.9075043630017452	1561
ASAH1	6.444189019895289	1.1443875136076074	6.3305655	2.839611	12.022243	0.0	1.0	1715
RALA	5.304406846596858	0.6768306084561622	5.2859273	2.732521	8.133076	0.0	1.0	1719
ARHGEF12	4.5087126355223965	1.113453207204875	4.720109	0.0	7.597978	0.0011634671320535194	0.9988365328679465	1716
SOX2	1.2918298596428155	1.996928572385525	0.16424823	0.0	9.235574	0.1314717859220477	0.8685282140779523	1492
SERPINE1	3.901122192514253	3.458741279150267	2.8774362	0.0	12.952501	0.010471204188481676	0.9895287958115183	1702
HLA-DMA	3.127905141372891	1.947096208077951	2.7308137	0.0	10.05394	0.0005817335660267597	0.9994182664339732	1719
EGF	0.9708603380285049	1.1492503648122772	0.50013405	0.0	6.285424	0.08318789994182664	0.9168121000581734	1575
SPTLC2	4.06912762739965	0.8624406492373402	4.0490556	0.8721274	7.716408	0.0	1.0	1716
APP	7.849871359112856	2.170279455625985	8.401242	0.0	11.346015	0.0075625363583478765	0.9924374636416521	1707
TSKU	3.8967587513577664	1.5696880619469282	4.077969	0.0	10.373996	0.009889470622454915	0.9901105293775451	1699
NOS3	1.2934516830389762	1.5014139940635367	0.6267774	0.0	8.061782	0.04886561954624782	0.9511343804537522	1636
CSNK1A1	6.8905763568935425	0.6242684055034056	6.9409065	4.0316777	8.584192	0.0	1.0	1713
NFATC4	2.6099667783234444	1.998617816672456	2.513915	0.0	7.952549	0.02326934264107039	0.9767306573589296	1680
TBP	4.099179062536359	0.6006743640342956	4.13344	1.4003794	5.9953647	0.0	1.0	1714
SLC2A6	2.905643254912159	1.2777538483514532	3.025486	0.0	6.5363917	0.0017452006980802793	0.9982547993019197	1716
EZH2	4.920820812897033	1.1528648204152383	5.0764866	0.35769612	8.387082	0.0	1.0	1718
ICAM3	3.07621283910413	1.3542523871374685	2.858174	0.15436804	8.876677	0.0	1.0	1718
BRCA1	4.195110323525306	1.009872263747939	4.3238025	0.13883805	6.592067	0.0	1.0	1717
PSMD4	7.530746528795811	0.5431124346672677	7.5036507	4.126849	11.157416	0.0	1.0	1712
PHKG2	4.562182294938918	0.6196614980803005	4.568172	1.9674637	6.8020897	0.0	1.0	1718
ETV1	2.460818465572426	1.9165152215150796	2.3097787	0.0	8.926008	0.028504944735311226	0.9714950552646888	1671
KDM5B	4.532182887271087	1.2440498187646447	4.7237115	0.0	7.4920774	0.004653868528214078	0.995346131471786	1710
COG4	5.063972536300174	0.6344258212546582	5.09911	2.1982741	6.8845124	0.0	1.0	1716
MCM3	6.157381203723094	1.0022047170632993	6.2740827	0.636883	9.380039	0.0	1.0	1717
TERT	1.0450032446148925	1.1975429108009772	0.6288016	0.0	9.177123	0.07446189645142524	0.9255381035485748	1592
SNX13	3.9734608053635836	0.7605845066903275	3.998322	0.0	6.347848	0.0017452006980802793	0.9982547993019197	1711
PAK4	4.430316517469459	1.0022036596108812	4.4558663	0.83461493	9.362949	0.0	1.0	1717
DPH2	5.086501129726585	0.7280559292736211	5.133477	1.6803739	8.219038	0.0	1.0	1717
SNX6	5.967310908086097	0.8142744667919839	5.943429	1.9549035	9.828841	0.0	1.0	1715
EED	4.889812813845259	0.722985564808195	4.9383845	1.9998846	7.78608	0.0	1.0	1714
WIPF2	3.8226188743025014	0.674089070418584	3.864533	0.005201626	8.349653	0.0	1.0	1718
NENF	5.419808905119256	0.781257943206468	5.4534154	0.0	7.920609	0.0005817335660267597	0.9994182664339732	1717
RPN1	7.441660051541594	0.625494787196314	7.484557	4.0655723	10.030418	0.0	1.0	1714
C2CD2L	2.83394765150669	0.8013294259482803	2.8295207	0.4310356	6.2797055	0.0	1.0	1718
GABPB1	4.324499112274578	0.5801119423048169	4.331562	1.4626282	6.3325233	0.0	1.0	1710
POLR2K	7.326430847993019	0.6431679384766485	7.303023	4.1520863	9.769679	0.0	1.0	1714
PTK2B	3.048882873949971	1.7437573909744855	2.7097912	0.12511677	8.244806	0.0	1.0	1718
PAF1	5.254804964630599	0.7220190474268037	5.2783976	2.320248	10.105267	0.0	1.0	1718
POLR1C	5.508922676556137	0.5771292162294298	5.524045	2.1212673	8.229323	0.0	1.0	1717
RUVBL1	6.007127704770215	0.7233301253034332	6.0561934	1.6698023	8.278022	0.0	1.0	1715
AKT1	6.28764757329843	0.7337744554960427	6.3303485	2.1092904	8.629907	0.0	1.0	1715
SENP6	5.19543085910413	0.6172626172421823	5.2163076	2.1811757	7.2938027	0.0	1.0	1718
HSPB1	8.056805604031414	1.7977739624652442	8.360623	0.0	12.372873	0.0005817335660267597	0.9994182664339732	1718
EBP	6.22290359011053	1.0414402581209616	6.305239	0.52025527	9.054781	0.0	1.0	1718
CASK	4.151280382885398	1.084171024356971	4.194662	0.0	7.5581756	0.0005817335660267597	0.9994182664339732	1714
RRP8	3.7406871435136706	0.5069640110772066	3.771685	1.6035919	5.6113553	0.0	1.0	1715
PIK3C3	4.61579829930192	0.752001254304342	4.653811	1.8397017	7.8667536	0.0	1.0	1718
BHLHE40	4.714243831906341	1.7022979332710124	4.9814734	0.0	9.0092125	0.0017452006980802793	0.9982547993019197	1714
BDH1	3.835221354087842	1.750885521285576	4.2190757	0.0	7.589966	0.0075625363583478765	0.9924374636416521	1706
SH3BP5	3.5885304006515413	1.429054689028381	3.545326	0.10918401	8.029905	0.0	1.0	1719
PPP2R5A	4.223130404130308	0.7582805334708499	4.2126236	0.0	7.5114837	0.0005817335660267597	0.9994182664339732	1714
EML3	4.47595379860384	0.7308775221974387	4.522144	0.9032226	7.175145	0.0	1.0	1714
BIRC5	6.037439024157068	1.0768939389416738	6.233537	0.03669322	8.41365	0.0	1.0	1716
EPRS1	6.399478261954625	0.6727148360259754	6.4131556	2.693534	8.360461	0.0	1.0	1713
PAX8	1.8649448633368237	1.9452273136648772	1.4145902	0.0	9.7338915	0.038394415357766144	0.9616055846422339	1653
CBLB	3.308900185084933	1.0241655155067209	3.2870421	0.03088268	6.5152426	0.0	1.0	1717
PDS5A	5.139705159627691	0.6308452679135618	5.1727757	1.1913921	6.8131013	0.0	1.0	1718
DFFB	2.407463536436882	0.7056910527402138	2.3791134	0.066629305	4.818385	0.0	1.0	1717
TGFB3	1.5224102080285051	1.1937389552393844	1.2134718	0.0	6.799877	0.0005817335660267597	0.9994182664339732	1719
XBP1	6.56137047281559	1.2070221424434227	6.4996643	0.05324482	11.582269	0.0	1.0	1718
NMT1	5.748101875683536	0.5329557139866229	5.7698298	2.407883	7.390453	0.0	1.0	1718
ARFIP2	5.269188165584642	0.6251260372321288	5.2503285	0.19895674	7.854239	0.0	1.0	1714
STAMBP	4.700716329179756	0.5261495860413066	4.7086344	0.13469146	6.3132114	0.0	1.0	1717
PRKX	3.002958258045375	1.170931987716655	3.0351875	0.0	6.827908	0.004072134962187318	0.9959278650378127	1712
FAH	4.575045975276323	1.157155729665247	4.6190314	0.23333713	8.183968	0.0	1.0	1715
PLP2	7.199221644904014	1.40410371976783	7.462208	0.0	10.39019	0.0017452006980802793	0.9982547993019197	1714
SOX4	4.248012897430483	1.6750975379530497	4.3233843	0.0	8.736544	0.002326934264107039	0.997673065735893	1715
TESK1	4.043398531937172	0.8182427288860158	4.0196486	1.3322325	8.790727	0.0	1.0	1714
RRAGA	5.579289756125654	0.8773397418075063	5.588721	0.32460442	8.422943	0.0	1.0	1716
ELOVL6	3.488526871997091	1.1276349661727658	3.5887327	0.0	6.919805	0.0011634671320535194	0.9988365328679465	1714
ACBD3	4.83048016777196	0.643814297110092	4.8633833	1.9763013	6.6408334	0.0	1.0	1716
PMAIP1	5.1783682387452	1.7352071993087415	5.3064957	0.0	9.9012165	0.0034904013961605585	0.9965095986038395	1713
TWF2	5.082915121407795	0.7424080442927415	5.1343813	1.8640217	7.173877	0.0	1.0	1718
HDAC6	4.7030321206515415	0.8074803628474564	4.709864	1.6691629	7.6661673	0.0	1.0	1716
CCND1	5.885520985346131	2.734955864785912	6.698746	0.0	12.169073	0.0034904013961605585	0.9965095986038395	1714
PXN	5.52494630748342	1.4662485008254889	5.81974	0.078966364	9.50601	0.0	1.0	1717
PHKB	4.944903139150668	0.7538891240932092	4.9935837	1.9465961	8.096267	0.0	1.0	1716
NFKBIB	4.108033160674811	0.7547622554048744	4.131384	1.441186	7.3581414	0.0	1.0	1715
CASC3	5.425183570331588	0.6802101706648117	5.44146	2.6008525	9.678673	0.0	1.0	1716
MLEC	6.4648460118091915	0.7751961801404766	6.5079894	2.0019355	9.489692	0.0	1.0	1717
GLI2	1.132411224689936	1.1847463964652194	0.7615517	0.0	8.0820055	0.07329842931937172	0.9267015706806283	1591
USP22	6.06408733556719	0.8548098144803227	6.1637726	0.0	9.788893	0.0011634671320535194	0.9988365328679465	1717
TMED10	7.987358045491565	0.89744788968985	8.054252	4.040866	10.734727	0.0	1.0	1715
CHERP	4.576729810529377	0.6605625816092032	4.5843554	1.2318932	7.008899	0.0	1.0	1714
PIK3CA	3.5655689926119836	0.6351047606016282	3.5594795	1.0095693	6.3790474	0.0	1.0	1713
TRAPPC6A	4.580314418423502	1.2146578237500667	4.7563934	0.40393302	7.960083	0.0	1.0	1716
ATP2C1	6.005010191623036	0.7449044286100752	6.058819	2.2972765	8.873918	0.0	1.0	1718
USP14	5.848326668353694	0.711706051075383	5.9154587	1.6365294	8.284875	0.0	1.0	1715
APPBP2	3.868316908202443	0.7652187848244203	3.9208934	0.9267654	7.7881765	0.0	1.0	1712
RPS6	10.821339790866782	0.8677239843581764	10.804365	7.787158	14.47257	0.0	1.0	1716
ECH1	7.360677209598603	0.9654530159510784	7.4123497	0.2823793	10.899432	0.0	1.0	1717
HDAC2	7.307677288598022	0.8425790015434367	7.3697457	0.0	9.912668	0.0005817335660267597	0.9994182664339732	1715
DFFA	4.692145193077371	0.7192430484172787	4.693565	1.2786331	6.855691	0.0	1.0	1718
MRPL19	5.295377000290867	0.6206049286536875	5.3514094	1.7213901	6.958251	0.0	1.0	1717
SUZ12	4.972154012449098	0.7743263527360982	4.9925103	1.4501687	8.075345	0.0	1.0	1715
CSNK2A2	4.803464423071554	0.5648739428006646	4.7948055	0.98406136	7.2208037	0.0	1.0	1718
TICAM1	2.862648749775451	0.791206586321414	2.9173095	0.0	5.1217284	0.004653868528214078	0.995346131471786	1712
PAICS	7.152933342931936	0.8368292040219591	7.2148147	3.1687849	10.901455	0.0	1.0	1716
CDK2	5.713904562652705	1.0505829820192065	5.6732426	1.5483282	10.381867	0.0	1.0	1716
EDN1	1.9753313243758	1.8941134314616295	1.4909602	0.0	9.853764	0.04246655031995346	0.9575334496800465	1647
SQSTM1	7.5530799426410695	1.302082609228488	7.6335764	3.6567252	12.512239	0.0	1.0	1716
HIF1A	6.68397072410704	1.2390561302611525	6.619906	0.57583314	10.555519	0.0	1.0	1716
ETFB	6.512692941837695	1.1721409056579295	6.6279263	0.0	10.230813	0.0017452006980802793	0.9982547993019197	1714
CAMSAP2	3.874677625549738	1.172226009369249	4.166844	0.0	6.572341	0.0005817335660267597	0.9994182664339732	1717
ARNT2	1.8510307543408957	1.7007359147378864	1.4000405	0.0	7.2572937	0.031995346131471786	0.9680046538685282	1664
SPAG7	5.667842533507854	0.6293988286609224	5.7051845	2.672466	7.4782763	0.0	1.0	1719
MAPK1IP1L	5.791101428272252	0.6138044838811314	5.825534	2.7584567	7.8436384	0.0	1.0	1718
MSH6	5.248943984834788	0.9282451092272404	5.2400813	0.008192841	9.444578	0.0	1.0	1717
UBE2C	7.394395778813263	1.3434603006665295	7.650585	0.13607454	10.730173	0.0	1.0	1712
HS2ST1	4.405392569749854	0.8059956734404685	4.44151	0.6556028	6.840451	0.0	1.0	1711
TXLNA	4.809601111518324	0.690040503436231	4.8781857	1.6815168	6.8591123	0.0	1.0	1714
DNAJB1	6.050669146596859	0.7899622616455465	6.0728498	3.4742024	12.053929	0.0	1.0	1716
TOPBP1	5.087481481733565	0.8714906889893698	5.1962214	0.7657944	7.7521667	0.0	1.0	1717
ABCF1	5.16061734904014	0.6556056647556715	5.1966934	2.2758086	7.5924344	0.0	1.0	1717
LGMN	5.214204855062827	1.5983690659979302	5.481144	0.0	10.792383	0.0034904013961605585	0.9965095986038395	1713
PTGS2	1.618207744930192	1.956297314228817	0.7384289	0.0	9.1027155	0.07853403141361257	0.9214659685863874	1581
PLA2G4A	2.003561327318208	1.7009695274648342	1.8438995	0.0	8.26943	0.048283885980221056	0.951716114019779	1637
MAT2A	7.568311800465387	0.8918592690790583	7.6655846	2.10207	10.580494	0.0	1.0	1714
MBTPS1	5.5538268143106455	0.6687833618801222	5.573941	2.96194	7.735089	0.0	1.0	1719
ZNF274	3.797912265263525	0.843357765771519	3.8599894	0.0	6.26925	0.0005817335660267597	0.9994182664339732	1717
CLIC4	6.755419070532868	1.4716917235577416	6.776696	0.0	10.89072	0.0005817335660267597	0.9994182664339732	1717
EIF4G1	7.746907057940663	0.6340307986650676	7.795903	4.2311945	9.666159	0.0	1.0	1718
BTK	0.9090516816713206	1.9826551730649524	0.13395537	0.0	8.654049	0.10471204188481675	0.8952879581151832	1539
MYL9	3.450694838186736	3.118390082473034	2.7848892	0.0	11.067353	0.055846422338568937	0.944153577661431	1624
PSMD2	7.991363315881326	1.0080971790887763	8.106024	3.2326946	11.5595875	0.0	1.0	1718
CLTC	7.485342491273997	0.6937151953660279	7.541298	4.3962693	10.2483425	0.0	1.0	1714
HSD17B10	6.712874506748109	0.71517619592914	6.722562	3.2353702	10.706228	0.0	1.0	1710
STX1A	3.7525661410738804	1.4908583356799965	3.7059448	0.0	8.301967	0.004072134962187318	0.9959278650378127	1712
ALDOA	10.02824174456079	0.6985932593895653	10.030984	7.0266786	12.133672	0.0	1.0	1712
STAT5B	4.170260236020942	0.9162520526753357	4.1259403	0.03899096	8.265746	0.0	1.0	1716
CCNA2	5.3710451380628275	1.022471203011147	5.518381	0.30181706	7.951407	0.0	1.0	1719
SDHB	6.908544387201862	0.5901444019052866	6.9299564	3.5281212	8.838325	0.0	1.0	1715
ETS1	4.5055165065927865	2.0753526495067063	4.9496098	0.0	9.561139	0.004072134962187318	0.9959278650378127	1712
FOXO4	2.2548218418033743	0.865280066202685	2.2412758	0.0757065	7.447984	0.0	1.0	1716
TOMM34	5.36844444211751	0.7587509964071455	5.369009	2.426662	7.821576	0.0	1.0	1717
HK1	5.080882723530542	1.3222166373142494	5.2931533	0.0	8.295025	0.0005817335660267597	0.9994182664339732	1716
TENT4A	4.2615412531704475	0.7951025589908648	4.3033934	0.7801194	7.0606527	0.0	1.0	1715
PLOD3	5.695545397324025	1.3026219774554009	5.7242384	0.6204682	9.652008	0.0	1.0	1715
TRAK2	3.845118845607911	0.9107730160868133	3.8184621	1.0807395	7.6648097	0.0	1.0	1716
VAPB	5.445285782198953	0.6653297781796527	5.4607654	2.8029892	8.267784	0.0	1.0	1718
HSPD1	9.002361802443282	0.7808666988045824	9.069428	4.8993206	11.209167	0.0	1.0	1718
BUB1B	5.595208136256544	1.223071137750066	5.846759	0.045716945	8.378203	0.0	1.0	1719
MRPL12	6.337743351308901	0.6884475076279839	6.3690667	2.8808794	8.620726	0.0	1.0	1714
PNP	6.064483537678884	1.0728003364021244	6.1439586	0.06296166	9.49336	0.0	1.0	1718
CEBPA	1.6631033699575333	1.65253456292075	1.2201442	0.0	8.51133	0.027923211169284468	0.9720767888307156	1670
PSMF1	6.382318429552065	0.7697219445339785	6.437143	3.172606	8.570615	0.0	1.0	1712
USP1	5.353624538976149	0.8996311818172751	5.4079576	1.9480177	8.548267	0.0	1.0	1718
RPA1	5.8975913682373475	0.7246883315502213	5.924896	2.5506864	8.694236	0.0	1.0	1717
KLHDC2	4.995557919953462	0.6701778995032461	5.001897	2.405938	7.440919	0.0	1.0	1717
SCARB1	5.580422560034904	1.2840052954306618	5.591126	0.1672256	10.104677	0.0	1.0	1719
TPM1	6.803232256002326	2.4332583842011113	6.9664307	0.0	11.915423	0.0005817335660267597	0.9994182664339732	1718
TM9SF2	6.3389758991274	0.73991020461471	6.3890057	2.755755	8.9842415	0.0	1.0	1717
ATF6	4.730279702617801	0.7536685421952478	4.7547483	1.1736903	7.8533597	0.0	1.0	1716
NUP88	5.547536556428155	0.676722734054885	5.5680594	1.473709	7.6568966	0.0	1.0	1718
FUT1	1.2374269358632926	1.2494729771551085	0.80861324	0.0	7.2163286	0.03432228039557882	0.9656777196044212	1661
PRUNE1	4.052440492146597	0.7910253718291893	3.998403	1.3450273	8.166022	0.0	1.0	1716
SYPL1	6.99053516585224	0.9207037525109922	7.0596905	3.1320355	9.4324875	0.0	1.0	1714
ZNF451	4.195288564688772	0.6228041842779648	4.197071	1.8504714	6.59995	0.0	1.0	1716
RALB	5.514351442262944	1.0132344259729495	5.656934	0.15280385	8.358744	0.0	1.0	1718
TRIM13	4.0043703246428155	0.8464348759991169	4.033529	0.0	6.5783877	0.002326934264107039	0.997673065735893	1711
FBXO7	5.945222977196043	0.7024020926124608	5.905589	3.03288	9.289622	0.0	1.0	1719
PPARD	3.594157461285631	0.9663892825355149	3.5901349	0.08462762	6.9538355	0.0	1.0	1717
ENOSF1	4.5215419445898775	1.2813093213755125	4.7111316	0.41039863	8.078311	0.0	1.0	1714
STAT3	5.209222958598021	0.9223892799119171	5.2869368	0.14576483	8.438426	0.0	1.0	1718
LIG1	4.75597556602676	1.0019838133205872	4.843431	0.8503514	7.463173	0.0	1.0	1718
GNB5	4.187265646940082	0.9153421423359847	4.288137	0.17860885	6.9497685	0.0	1.0	1713
INSIG1	5.65774284353694	1.331741772598966	5.6430883	0.07372702	10.001183	0.0	1.0	1716
DNMT3A	3.1451928936765565	1.1861447958851556	3.090093	0.03272858	6.822985	0.0	1.0	1717
S100A4	5.887811164444444	3.098616712820063	5.493884	0.0	13.8388	0.0017452006980802793	0.9982547993019197	1716
KTN1	6.3071057362420015	0.7600682423563063	6.3143883	2.5288088	9.324482	0.0	1.0	1717
ARHGAP1	4.8114889402559635	0.7246126928588273	4.7939687	2.0853329	8.359671	0.0	1.0	1716
LPAR2	3.2573440686910993	1.2827856963463085	3.354156	0.03978834	6.5807395	0.0	1.0	1719
COASY	5.775945918091915	0.5931057805246226	5.815181	3.1321557	8.045334	0.0	1.0	1718
RASA1	4.231096024836533	0.9145773084597668	4.145319	0.026312824	8.014137	0.0	1.0	1715
ATMIN	4.5280630574752765	0.6274311120814491	4.514419	2.2489142	6.8851595	0.0	1.0	1713
CASP3	4.839959923036649	0.7968068242212899	4.815212	1.9039407	7.6845803	0.0	1.0	1716
PSME2	7.596366846596858	0.7694498052251335	7.624598	4.237258	10.183362	0.0	1.0	1713
NISCH	4.448965559511343	0.8403033747293139	4.474702	1.4762521	6.8523483	0.0	1.0	1713
CPSF4	5.120895570971495	0.704222224401871	5.133132	2.1098285	7.5316935	0.0	1.0	1715
COPB2	6.632498485049448	0.6724669741467144	6.640063	2.8706646	8.852086	0.0	1.0	1718
GADD45A	5.806346841687026	1.2746313032129308	5.870022	0.47512016	9.996403	0.0	1.0	1719
SMNDC1	5.003772986038395	0.5493378404773192	5.0588794	1.4336271	7.0625644	0.0	1.0	1717
NUDCD3	5.6586289536358345	0.761931817326136	5.711107	2.9222646	7.7477164	0.0	1.0	1718
FGFR2	1.8508101997050612	2.018648423229333	1.0455408	0.0	11.985693	0.07678883071553229	0.9232111692844677	1588
HMGCR	5.869472410762071	0.9652506740016954	5.8957996	1.9882302	9.255813	0.0	1.0	1718
SLC35B1	6.26976169203025	0.6737655451281369	6.2997684	2.0670605	9.609835	0.0	1.0	1714
TIMP2	5.87998843127516	2.4413758921491198	6.2714815	0.0	10.813364	0.009889470622454915	0.9901105293775451	1701
LSM6	6.107846110471203	0.7318970472457694	6.1466713	1.6260045	8.794695	0.0	1.0	1718
CALM3	7.560744829668412	0.8676463928092987	7.5994816	2.4707632	9.693389	0.0	1.0	1717
SACM1L	4.853856491564863	0.6542561258739473	4.9073954	1.967401	7.114169	0.0	1.0	1718
TCERG1	5.972858644851659	0.6933048007780521	6.0380983	2.7342045	8.054409	0.0	1.0	1717
WASHC5	4.765719898254799	0.7050215721074296	4.7790756	1.5782045	10.641312	0.0	1.0	1715
DNM1	2.728169584092496	1.7238753658525272	2.586133	0.0	7.2647896	0.0011634671320535194	0.9988365328679465	1717
DDIT4	6.294029806922629	1.6127766445327383	6.3735266	1.1171697	10.569779	0.0	1.0	1717
ALAS1	5.073235603432227	0.7172482627354657	5.076465	1.5100353	8.553756	0.0	1.0	1718
PAFAH1B1	6.212725637056428	0.6709560846694242	6.2999115	3.0715551	7.993697	0.0	1.0	1714
PSRC1	4.32239319982548	1.0776569214798397	4.463727	0.0	7.4856925	0.0005817335660267597	0.9994182664339732	1717
ERO1A	5.956281936649215	0.9619129656176223	5.9627504	2.4834185	9.153592	0.0	1.0	1718
APOE	3.1671990154363003	2.684573750852827	2.3147488	0.0	12.553425	0.004653868528214078	0.995346131471786	1711
RBM15B	4.023550296102385	0.5882999162295278	4.0515027	1.1757162	5.9702716	0.0	1.0	1711
TOMM70	5.41356660122164	0.5506076154677678	5.461345	2.1099255	7.2484875	0.0	1.0	1719
CBR1	5.354910219140197	1.7798999305927128	5.8406167	0.0	8.744588	0.016288539848749273	0.9837114601512508	1692
PRKCD	3.904404733984875	1.1237063841382158	3.8659782	0.07614723	7.6595535	0.0	1.0	1718
PIK3R4	4.441978213438046	0.548791653684091	4.433901	1.9052161	6.306514	0.0	1.0	1710
CSNK1E	6.1043240306573585	0.7446369589431574	6.1625667	2.056247	8.881297	0.0	1.0	1717
JUN	4.7454999230075625	1.7758245802056716	4.9138803	0.0	10.829746	0.0017452006980802793	0.9982547993019197	1713
TMEM50A	6.856867310878418	0.6889949140224232	6.8370852	3.7897396	9.664938	0.0	1.0	1713
SCCPDH	4.923611435260034	1.2900139500488346	5.133206	0.0	8.261484	0.006399069226294357	0.9936009307737056	1707
TSC22D3	4.171173390801047	1.711687718098351	4.2297416	0.0	10.561374	0.002326934264107039	0.997673065735893	1713
TFAP2A	3.085461554383363	1.9306372991298844	3.308917	0.0	7.649127	0.009889470622454915	0.9901105293775451	1703
ZNF395	3.9018558500017453	0.9727689609277168	3.9016683	0.014139587	7.4735107	0.0	1.0	1715
VPS72	5.733660348342059	0.6462194714175744	5.688603	2.1342275	9.565632	0.0	1.0	1717
CLSTN1	5.679423854325771	0.7939629207282072	5.7151437	0.051742386	8.547588	0.0	1.0	1718
MAPK9	4.765965043979058	0.6990354849689877	4.780898	1.648171	8.183134	0.0	1.0	1714
SKP1	8.859958138976149	0.7886855015304438	8.908176	4.280711	11.275077	0.0	1.0	1719
POP4	5.881957189994183	0.6357407524839734	5.883071	2.8395908	10.2846155	0.0	1.0	1716
NFE2L2	6.089774716346713	0.7856091223681023	6.109789	2.7318306	8.852635	0.0	1.0	1716
BLCAP	5.837033076730657	0.8951392626022232	5.747675	3.3358061	9.411326	0.0	1.0	1719
FAM20B	4.404351253054101	0.6915725849244275	4.4317565	1.5248059	6.6922736	0.0	1.0	1713
PROS1	2.9130083148435135	1.9785732166187184	2.9709713	0.0	10.096188	0.016288539848749273	0.9837114601512508	1691
CRKL	4.949860485107622	0.695522643134732	4.9343324	1.999549	9.619457	0.0	1.0	1716
ZNF318	3.042183677830134	0.7661260974876338	3.0163484	0.53623295	6.850387	0.0	1.0	1718
FDFT1	7.346077068615475	1.047602306557161	7.356091	0.91741955	11.5226555	0.0	1.0	1717
TRAP1	6.149495320221058	0.8326127618923033	6.1918726	0.0	8.711901	0.0005817335660267597	0.9994182664339732	1718
GTF2A2	6.733977582082606	0.5754587029021593	6.75801	3.4397814	8.726034	0.0	1.0	1714
PSMD9	5.761329323792903	0.5904785360596219	5.792095	3.2024333	8.880419	0.0	1.0	1715
MTFR1	4.832870213787086	0.7091364000596123	4.862099	2.0119143	7.4366865	0.0	1.0	1717
UBE2A	6.446845906224549	0.6751344612928954	6.473795	3.6411297	8.930584	0.0	1.0	1717
NIT1	4.971084885863874	0.5878709899817499	4.961267	2.316528	7.849205	0.0	1.0	1717
SYNGR3	1.7644114874304828	1.2995437256100688	1.5244198	0.0	7.0262465	0.011634671320535195	0.9883653286794648	1699
NFKB2	3.993863985898778	1.1635321486568695	3.9658582	0.46703213	8.3376665	0.0	1.0	1715
STK25	6.5486953514834205	0.7772347601197508	6.6136436	0.818862	9.164713	0.0	1.0	1716
ABCF3	5.512257992844677	0.5714759686111979	5.54578	2.3231943	7.5778065	0.0	1.0	1717
FCHO1	2.149724787235602	1.6268827583004208	1.8422186	0.0	6.5044613	0.004072134962187318	0.9959278650378127	1713
OXSR1	4.7211189945346135	0.6562516410244791	4.7527432	0.029570205	6.966027	0.0	1.0	1715
SMARCC1	5.155021610645725	0.8566656963256806	5.180446	0.8972644	7.2707624	0.0	1.0	1718
PAK6	1.4102260254991275	1.410675900440425	0.82508546	0.0	5.9232445	0.03606748109365911	0.9639325189063409	1658
GHR	0.7570065906980803	1.1064218679779383	0.2075718	0.0	6.0295014	0.14136125654450263	0.8586387434554974	1476
GLOD4	5.798604129377545	0.5929318715058125	5.8369718	2.6309156	8.01537	0.0	1.0	1715
CDK4	7.835904571320536	0.9468831952551834	7.8539147	3.3495393	14.387338	0.0	1.0	1715
IL4R	3.637194048977312	1.5379954152799498	3.8539658	0.0	7.9912386	0.004072134962187318	0.9959278650378127	1712
PRKAG2	4.1124449586242	1.322580610308813	4.257765	0.0	8.118323	0.0034904013961605585	0.9965095986038395	1713
KIT	1.1895183791192554	1.8285501236528476	0.17957348	0.0	9.185916	0.1082024432809773	0.8917975567190227	1530
PTPRC	1.1015017364421176	2.2060671874370685	0.15089886	0.0	9.841344	0.10878417684700407	0.891215823152996	1530
PSMG1	6.358530175741711	0.7252491631386399	6.3658113	3.0881298	9.684375	0.0	1.0	1715
TMEM97	5.163794512016288	1.1032586347948734	5.2261963	0.063696206	8.717947	0.0	1.0	1717
LRRC41	4.904661280221059	0.6762784342173405	4.972173	0.9161533	6.6154222	0.0	1.0	1719
TCEAL4	6.1673290754700405	1.6937236406048197	6.5738244	0.0	11.047771	0.0075625363583478765	0.9924374636416521	1704
NUP133	4.462071169109948	0.5945659513075846	4.4778714	1.9972454	6.442386	0.0	1.0	1714
NUP62	5.478860492321117	0.7746878813163595	5.511326	1.6669656	7.809453	0.0	1.0	1717
SPTAN1	6.451126003315881	0.8991551935772927	6.5295725	1.4255452	8.775623	0.0	1.0	1719
MALT1	3.7127419308493312	1.0186829105390556	3.7328553	0.357856	7.4167385	0.0	1.0	1716
YKT6	6.084480202908668	0.6977103594443242	6.1164355	3.0179968	8.355118	0.0	1.0	1716
KIF2C	5.246374130732985	1.023636341091593	5.3917885	0.09358181	7.439731	0.0	1.0	1718
NNT	5.048304308533449	1.3348963173467674	5.2737246	0.0	8.143194	0.0011634671320535194	0.9988365328679465	1713
COL1A1	3.936116706568935	3.5156601944445858	2.917359	0.0	14.110549	0.004653868528214078	0.995346131471786	1711
CDC25A	3.375059845421757	1.0567266541258113	3.4433959	0.10952639	6.161519	0.0	1.0	1718
TP53	5.099553599347296	1.3790441285420867	5.374365	0.0	8.101655	0.0034904013961605585	0.9965095986038395	1714
IQGAP1	6.911141732693427	0.8274647041001255	6.9980373	2.942383	9.535378	0.0	1.0	1714
EGR1	4.2333838823525305	2.0441356107139432	4.317608	0.030446263	10.768291	0.0	1.0	1719
MUC1	3.238649052920302	2.2313013491444504	2.773281	0.0	10.693121	0.0017452006980802793	0.9982547993019197	1717
AURKB	5.964931695215823	1.1900684119998817	6.174968	0.031592812	9.114908	0.0	1.0	1717
HSPA4	6.630569064688773	0.6280127220566125	6.655701	2.0171025	8.431736	0.0	1.0	1715
TOP2A	6.594792346183828	1.12893935220098	6.756703	0.25565422	9.55125	0.0	1.0	1714
NCK2	4.082842786514252	1.0168037394981417	4.090845	0.0	7.3639245	0.0011634671320535194	0.9988365328679465	1715
AURKA	6.1140714283304245	1.0363901789007381	6.238552	0.5767882	8.92814	0.0	1.0	1718
CDK5R1	1.8860041374141943	1.1406406427413611	1.6003554	0.02799196	6.483953	0.0	1.0	1718
SCP2	7.077114206340896	0.783472943547427	7.071913	3.6984963	9.572795	0.0	1.0	1713
RAD9A	4.271424088074461	0.8742495242816873	4.3313255	1.3442944	8.259828	0.0	1.0	1716
DRAP1	7.22052129011053	0.9335166110487535	7.192638	4.3209395	10.025278	0.0	1.0	1717
PCMT1	6.3190838607329844	0.7016236743759579	6.357332	2.9433475	8.457212	0.0	1.0	1717
FYN	4.741685806477603	1.9809853290108592	5.081804	0.0	9.119436	0.0017452006980802793	0.9982547993019197	1716
MYC	6.017971825522978	1.7061055155214497	6.1719356	0.013599466	11.153578	0.0	1.0	1718
POLB	5.012182976032577	0.7494131959007382	4.99548	2.4014695	7.917927	0.0	1.0	1714
CETN3	5.647908829691681	0.7013268577856362	5.666481	0.34567454	7.930187	0.0	1.0	1715
SMC4	6.941459782955206	1.1569217415179387	7.1168427	1.5205027	9.50005	0.0	1.0	1715
SMARCD2	5.686406779348458	0.7263738191694931	5.673203	2.9644985	8.627938	0.0	1.0	1717
MPZL1	6.258758228696918	0.9298834934197976	6.357596	0.93726903	8.869264	0.0	1.0	1715
NRAS	5.410488111250727	0.8402904913863173	5.451432	0.70529854	9.308282	0.0	1.0	1719
EBNA1BP2	6.60062821646306	0.7231452317413753	6.6164002	3.4731114	9.794646	0.0	1.0	1714
TATDN2	4.184073563054102	0.6828769680186318	4.220276	0.11803274	7.470146	0.0	1.0	1715
LRPAP1	6.258565130715532	0.9464964301520209	6.2784605	2.339773	9.108464	0.0	1.0	1713
BNIP3L	5.4970674794299015	1.0704934056448745	5.5201426	0.16156654	8.659767	0.0	1.0	1719
TBPL1	5.01951619307737	0.7560530552686752	5.003737	2.3179293	8.122176	0.0	1.0	1718
RAE1	5.4440058140197785	0.6528142222429426	5.4837	2.6670723	8.380336	0.0	1.0	1716
CDK1	6.743479771058754	1.0755447647845553	6.870944	0.70209986	9.8550415	0.0	1.0	1718
SLC35A1	4.195616243397324	0.7303164943583962	4.2057757	1.7732326	7.07767	0.0	1.0	1712
NIPSNAP1	5.7720098287929025	0.9491202128839251	5.831186	0.0	8.680283	0.0017452006980802793	0.9982547993019197	1716
BCL7B	5.312437012856312	0.5984067196309399	5.3393226	3.0855198	7.0286574	0.0	1.0	1717
TIMELESS	4.662005337213496	0.9738150915128173	4.7747607	0.32748732	7.5732307	0.0	1.0	1716
DHX29	3.8107479594531704	0.6536346921810458	3.8452792	0.8388631	5.6411414	0.0	1.0	1716
MMP2	3.408512076845841	3.379559684656678	2.2019444	0.0	12.794351	0.05293775450843514	0.9470622454915648	1627
TCEA2	4.408306385517161	1.1629610298883286	4.563262	0.0	8.141786	0.0029086678301337987	0.9970913321698662	1712
FHL2	5.17270676220128	2.424517873539655	5.705812	0.0	9.748896	0.002326934264107039	0.997673065735893	1714
FKBP4	6.094600497428738	0.9449762222495195	6.13427	0.30771062	9.826036	0.0	1.0	1718
KAT6A	3.620450421180919	0.8630810089551438	3.651442	0.87312025	6.8221564	0.0	1.0	1717
CDK7	5.61994052547993	0.6593394224558103	5.6073394	3.2146502	8.708953	0.0	1.0	1717
MAP3K4	3.510972733566027	0.7284918451236891	3.5108607	1.2520038	5.9925194	0.0	1.0	1714
ZFP36	4.397929682809773	1.453268427859824	4.417515	0.3201808	11.454839	0.0	1.0	1718
INPP1	3.7447196463798718	1.4183862753021275	4.0138373	0.0	8.205554	0.004072134962187318	0.9959278650378127	1711
RAC2	3.799250108282722	2.7027564178983194	4.025711	0.0	9.7755165	0.02501454333915067	0.9749854566608493	1677
HMOX1	3.8937877549703317	1.969959914733146	3.8736951	0.0	10.923751	0.0017452006980802793	0.9982547993019197	1716
COL4A1	3.234326600660268	2.8993187039500343	3.0381851	0.0	10.846548	0.0477021524141943	0.9522978475858057	1638
EPB41L2	4.8648965510477025	1.8544385924369864	5.302063	0.0	8.762668	0.004072134962187318	0.9959278650378127	1710
GNAI2	6.517372192611983	1.067836894261587	6.578495	0.0	8.992505	0.0005817335660267597	0.9994182664339732	1719
DNMT1	6.0775432534031415	1.0420833129022915	6.129011	1.6708177	9.798065	0.0	1.0	1717
RAB27A	3.931041713915067	1.3054018304793835	3.8717253	0.13200293	9.302993	0.0	1.0	1716
DDR1	5.060729828072136	2.040190665025316	5.376919	0.0	9.590196	0.0029086678301337987	0.9970913321698662	1714
LPGAT1	4.316539629994183	0.922652785245099	4.3819823	0.4993382	7.943728	0.0	1.0	1715
DUSP11	4.564701938859802	0.5539926277363726	4.528409	1.6168	6.1631665	0.0	1.0	1718
TP53BP2	4.221852144211751	0.8014480815523414	4.2196407	0.08463442	7.0221457	0.0	1.0	1716
CDKN1A	5.515873406271088	1.9424147301037413	5.7035217	0.18846422	10.276752	0.0	1.0	1719
TJP1	4.180860061689355	1.829536892039945	4.7546577	0.0	8.669559	0.027923211169284468	0.9720767888307156	1670
ABCB6	3.87584943742292	1.2679502117812327	3.9884484	0.03842775	7.5060816	0.0	1.0	1717
MTHFD2	7.68256249735893	1.174844468361843	7.7473807	0.10480898	10.93599	0.0	1.0	1716
PRAF2	3.8911928507713793	1.4595850742469298	4.097754	0.024007559	7.816625	0.0	1.0	1719
DNTTIP2	5.4990416102385105	0.606554754381262	5.5110726	1.9627897	8.315403	0.0	1.0	1717
HTATSF1	5.4421516674229204	0.6841900532346638	5.413709	2.6027062	8.612534	0.0	1.0	1718
NCAPD2	6.239033442774869	0.9585414074190274	6.3607736	0.91914403	8.826453	0.0	1.0	1717
TMEM109	6.0934845207388015	0.8036482807179424	6.1723475	0.44539195	8.305383	0.0	1.0	1718
ICAM1	3.382460446449098	2.2731067908147424	3.4134438	0.0	9.236968	0.0075625363583478765	0.9924374636416521	1707
NUP93	5.754149444968005	0.6847639380176086	5.802046	2.0537856	9.210927	0.0	1.0	1709
PLA2G15	3.872299716404886	0.9216369823731295	3.8443353	1.0011104	6.561256	0.0	1.0	1717
PIP4K2B	4.459260613147179	0.7191950357290305	4.5212893	1.1040145	7.9648895	0.0	1.0	1716
MYCBP2	4.0029148495637	0.9030621934245191	3.9926233	0.0	7.2242236	0.0005817335660267597	0.9994182664339732	1715
PGRMC1	6.709319788155905	0.924712110031506	6.8050604	0.31764674	10.684153	0.0	1.0	1714
AARS1	6.616744322803955	0.79194475335891	6.6306047	3.2744138	9.464999	0.0	1.0	1716
GPC1	4.353085530105294	2.0705297941700023	4.7139874	0.0	9.116508	0.004072134962187318	0.9959278650378127	1713
ELAC2	5.527808370855148	0.701999065551847	5.564747	2.1201162	9.214701	0.0	1.0	1714
PLSCR1	5.4896200160034905	1.6109018494278382	5.5786037	0.0	9.944309	0.004653868528214078	0.995346131471786	1710
CTSL	5.693623160081442	2.6424023063133752	6.329658	0.0	11.730767	0.031413612565445025	0.9685863874345549	1665
CTSD	7.5337123168702735	1.5834317281215196	7.522715	2.927451	12.458124	0.0	1.0	1718
ARHGEF2	5.371577249854566	1.022464503700846	5.430178	1.5208296	8.606357	0.0	1.0	1717
ILK	6.080454609075043	0.8235525576622852	6.057682	2.9397361	8.303388	0.0	1.0	1718
NFIL3	3.813819291867365	1.129525913093574	3.7756195	0.05236581	7.9569626	0.0	1.0	1716
ARL4C	3.6224809510657354	2.0295458520237037	3.7025135	0.0	8.894405	0.013379872018615475	0.9866201279813845	1697
CPNE3	5.166341465836533	0.9174660911742248	5.2520676	0.0	7.560906	0.0017452006980802793	0.9982547993019197	1715
C5	1.492506783347295	0.9772865622015322	1.3548245	0.0	7.407251	0.0005817335660267597	0.9994182664339732	1717
SCRN1	4.785631215172193	2.013543441775332	5.469463	0.0	9.282287	0.005235602094240838	0.9947643979057592	1710
MAN2B1	5.043237008208261	0.8819449579297148	5.037009	0.06547167	8.047593	0.0	1.0	1714
NFKBIA	5.6698061672483995	1.112009464742631	5.597516	2.547746	9.828149	0.0	1.0	1718
DCTD	6.077112314880745	0.7747381152752938	6.1547613	0.09132748	7.9544463	0.0	1.0	1717
MBNL1	5.715797467132054	0.9640275126341203	5.763802	0.1077923	8.678167	0.0	1.0	1716
MYCBP	5.159184993542757	0.7592803563579905	5.204669	1.5511518	9.460253	0.0	1.0	1716
PTPN1	4.901328660442117	0.7341029863164433	4.8914676	1.9324996	7.7933235	0.0	1.0	1718
MPC2	4.895720364653869	0.8395176380182897	4.864295	0.90317714	8.605446	0.0	1.0	1714
ECD	4.5473143706806285	0.6103778914113451	4.548104	1.2799407	6.6623197	0.0	1.0	1715
CIRBP	8.170463263990692	0.9186519804779338	8.161651	5.416607	11.792278	0.0	1.0	1718
NFKBIE	3.0066373728330427	0.9053431364085007	2.922571	0.8441566	7.1667356	0.0	1.0	1715
PRSS23	5.040902253111111	2.863995493909745	5.6507273	0.0	10.710169	0.01977894124490983	0.9802210587550901	1686
CCNH	5.578078330191971	0.6442406185724278	5.5804563	3.208906	8.247994	0.0	1.0	1718
P4HA2	4.6547753704089585	1.94486625143998	4.9042816	0.0	9.252036	0.008144269924374637	0.9918557300756253	1705
ATP6V0B	7.173152199069227	0.7064257596781535	7.119304	4.3031816	10.572445	0.0	1.0	1716
CAPN1	6.605010166259454	0.9848925749579808	6.561462	2.4158587	9.70691	0.0	1.0	1716
STXBP1	3.782764871995346	1.352941111690485	3.8727894	0.12359204	8.093101	0.0	1.0	1716
ITGB5	5.324774010247818	2.311242730123156	5.899995	0.0	10.577712	0.004072134962187318	0.9959278650378127	1713
SLC11A2	5.048792561780104	0.7340256806856592	5.0649085	1.4808493	7.8467565	0.0	1.0	1717
PDIA5	4.497005477114601	1.0379747424819736	4.5560985	0.0	8.1706915	0.0005817335660267597	0.9994182664339732	1717
RAP1GAP	1.638619328635253	1.4604146967869043	1.3217549	0.0	7.9210315	0.009307737056428156	0.9906922629435718	1703
NOLC1	6.158133478417685	0.7597002096073908	6.218254	2.8136048	8.949194	0.0	1.0	1717
CAT	5.090166052505527	1.0614960717847843	5.133802	0.0	10.051386	0.0029086678301337987	0.9970913321698662	1715
DUSP14	4.818472598138453	0.9755775056815714	4.812005	1.4530698	9.399092	0.0	1.0	1717
HMGA2	3.508087120006399	2.5151785139146474	3.807561	0.0	10.580739	0.05235602094240838	0.9476439790575916	1629
IGFBP3	4.724953705468877	3.444293107142758	4.54994	0.0	13.818912	0.041884816753926704	0.9581151832460733	1648
TRIB1	3.6896779846131462	1.3278364867314114	3.6073895	0.0234186	10.832819	0.0	1.0	1716
TP53BP1	4.265004174490984	0.7822057591461002	4.309751	0.59215415	6.5031133	0.0	1.0	1716
FRS2	3.3810055938685277	0.8547621279246486	3.3605497	0.709498	9.853807	0.0	1.0	1717
BECN1	5.930834936416521	0.5791604212448422	5.9740634	2.6057954	8.02587	0.0	1.0	1716
KDELR2	7.170566694415357	0.9717086135925557	7.2730403	3.8119025	10.161144	0.0	1.0	1716
ELAVL1	5.605256437987202	0.6059208343386496	5.655243	1.8413895	7.13457	0.0	1.0	1717
IFNAR1	4.866952275392669	0.7269637840409962	4.906655	1.4322058	6.822896	0.0	1.0	1717
MIF	8.898331130452007	1.5964686530592758	9.325603	0.0	12.778578	0.002326934264107039	0.997673065735893	1715
DAG1	5.248077432926119	1.3439738747138903	5.456737	1.1451296	8.940041	0.0	1.0	1717
IGF2BP2	3.9480014384700413	1.8294466916071546	4.500037	0.0	7.302118	0.014543339150668994	0.985456660849331	1692
IGF2R	5.490092604639906	1.0019060520746073	5.5535817	0.04777707	8.814692	0.0	1.0	1717
TIPARP	4.335266901518325	1.146316319841514	4.345446	0.18234143	7.7639427	0.0	1.0	1718
CRTAP	6.504719257347295	1.2851909058828845	6.594983	0.25374365	9.42624	0.0	1.0	1716
GMNN	5.803050682082605	0.8710909693596733	5.899166	2.1746526	8.633685	0.0	1.0	1718
CYTH1	4.412201829610239	0.9979031878158876	4.3146315	1.7070698	8.569024	0.0	1.0	1716
PRCP	6.234603633525306	1.1056343426604103	6.3225503	0.07651942	10.81013	0.0	1.0	1718
SMARCA4	5.6157327235020364	0.9245747960081543	5.65504	0.0	8.575494	0.0011634671320535194	0.9988365328679465	1717
PYGL	4.75576097907388	2.1945499293746806	5.3734813	0.0	8.730647	0.008726003490401396	0.9912739965095986	1705
RPA2	5.765122269458987	0.7784722755856339	5.777993	2.0016835	8.708022	0.0	1.0	1718
ERBB3	3.0388315049895294	2.4934781070945093	2.5155435	0.0	8.786172	0.006399069226294357	0.9936009307737056	1707
GTF2E2	4.685229024956371	0.62999924940752	4.709638	2.0599506	6.60795	0.0	1.0	1716
ANXA7	6.288614137463642	0.6679453759326024	6.314535	3.2544897	8.38893	0.0	1.0	1718
TXNRD1	7.224394307760325	1.2615808860245594	7.1191797	0.79360044	11.435733	0.0	1.0	1718
FZD1	2.2744103983234436	1.2995634304005337	2.1732745	0.0	8.300883	0.004072134962187318	0.9959278650378127	1712
CRYZ	5.278581117065736	1.1380795651081403	5.2836404	0.0	8.871111	0.0011634671320535194	0.9988365328679465	1716
GAA	4.83917703949971	1.22081432039441	4.978777	0.6103438	8.2380705	0.0	1.0	1718
BLMH	5.1846576167277485	1.1025413300940754	5.279512	0.0	8.258684	0.0005817335660267597	0.9994182664339732	1718
RRP1B	4.114119045142525	0.7466309219543454	4.106784	1.4247878	7.6621056	0.0	1.0	1718
TSPAN3	7.416458569458988	0.8834785732492997	7.4970455	2.6560593	10.305321	0.0	1.0	1716
PIK3R3	2.9990810064863296	1.3077594532045347	2.8456085	0.30720818	8.173448	0.0	1.0	1719
KEAP1	5.521759046247818	0.6908244662537493	5.5424685	0.1712632	8.598689	0.0	1.0	1717
TFDP1	6.242476073140198	0.8734137495539462	6.263502	0.051707588	9.465515	0.0	1.0	1716
SMC3	4.838807838627108	0.758473760463602	4.863314	1.487193	7.234712	0.0	1.0	1714
LBR	5.934215396974985	1.068182519927193	6.0148396	1.317744	8.877932	0.0	1.0	1716
PPIE	5.550476431588134	0.6960060497430831	5.5865545	2.4900951	10.740877	0.0	1.0	1718
TERF2IP	5.440296362885398	0.7892731917173511	5.4483657	2.9389708	8.44145	0.0	1.0	1712
BNIP3	4.452185413909249	1.7775386749323328	4.746275	0.08001632	9.07897	0.0	1.0	1717
BCL2	2.0734122688568934	1.7639890978229071	1.5578953	0.006500544	9.066294	0.0	1.0	1718
RBM6	5.199402103554392	0.7795503660532901	5.2327223	0.05735461	8.086508	0.0	1.0	1718
CSK	5.615353324141942	0.9014463119484819	5.5226707	0.3114415	9.124013	0.0	1.0	1717
ALDOC	3.6505429148644564	1.8949502820597253	3.859264	0.0	9.587196	0.0011634671320535194	0.9988365328679465	1715
UBE2L6	5.390414953039557	1.704451391167051	5.6975875	0.0	9.164153	0.0005817335660267597	0.9994182664339732	1719
SYK	1.8376994446387434	2.067821255569415	0.73960704	0.0	7.7352376	0.1082024432809773	0.8917975567190227	1531
PCBD1	5.914869451706807	1.3828645921959914	6.0589876	0.0	9.149965	0.0017452006980802793	0.9982547993019197	1717
ICMT	5.459220071320535	0.7366307088677974	5.5138855	2.706935	7.658776	0.0	1.0	1716
EIF4EBP1	6.658046568819081	1.0325963186190172	6.68225	0.0	12.319712	0.0005817335660267597	0.9994182664339732	1716
GNPDA1	5.3926768423094815	1.1490924993934755	5.5350327	0.0	8.341777	0.002326934264107039	0.997673065735893	1714
CCND3	5.625950764746946	1.2605211014248006	5.4831	2.3784227	11.865768	0.0	1.0	1717
NUCB2	5.860485021733568	1.2290926183689759	5.844308	0.44070986	10.753426	0.0	1.0	1717
RSU1	5.120995566375799	0.9829364058924039	5.0827155	1.164915	9.280582	0.0	1.0	1718
PTPN6	2.9790562740145434	2.2708787966271524	3.4273486	0.0	9.722719	0.02268760907504363	0.9773123909249564	1680
DUSP4	3.0754067477230946	2.1947970582055865	2.886324	0.0	8.730643	0.012216404886561954	0.987783595113438	1697
PTPN12	5.337445857405468	1.0051490996448205	5.5049095	0.49053213	8.028425	0.0	1.0	1716
PCK2	4.964824130837696	1.255501390029626	4.921898	0.0	8.40788	0.0005817335660267597	0.9994182664339732	1717
RB1	4.340701088102385	1.1339660734245243	4.483119	0.0	7.7382073	0.005235602094240838	0.9947643979057592	1708
GFPT1	5.00115205078534	0.9244968522341986	5.028295	1.4964163	8.535011	0.0	1.0	1717
BLVRA	5.23614561526527	1.5118616644564147	5.5865216	0.0	8.964791	0.004653868528214078	0.995346131471786	1709
S100A13	6.5129129085573005	2.0234444602617687	7.0651846	0.62249184	11.080172	0.0	1.0	1717
MYBL2	5.186654699363584	1.4127600444694346	5.3523593	0.0	9.007686	0.0005817335660267597	0.9994182664339732	1716
STX4	5.023675287085515	0.681646472618714	5.0573335	2.0267293	7.2631283	0.0	1.0	1716
TMCO1	7.085567598464223	0.8455924360270537	7.13089	0.48356766	9.961464	0.0	1.0	1715
PARP1	6.485101715008726	0.9468612477753524	6.4950013	2.676439	9.431443	0.0	1.0	1717
CCDC85B	4.9621227984642235	1.6597171123937613	5.2652044	0.12472383	8.825478	0.0	1.0	1718
DDB2	4.770524104363002	0.9836477513759126	4.7719646	1.5054795	8.752779	0.0	1.0	1716
BAMBI	3.344328588993601	2.221794443810538	3.2744555	0.0	9.769897	0.015125072716695753	0.9848749272833043	1694
HADH	5.270526056079115	0.8657132107517487	5.2167964	0.0	8.526202	0.0005817335660267597	0.9994182664339732	1717
GLRX	5.485384681643979	1.6969947915531343	5.5854163	0.0	10.325778	0.0005817335660267597	0.9994182664339732	1718
MVP	5.197561787684701	1.843122067235931	5.6451197	0.11084562	8.995244	0.0	1.0	1718
STMN1	8.726340025828971	1.1521663839243923	8.7232275	1.7523632	12.3026905	0.0	1.0	1716
GALE	5.363322982780686	1.0788194037893843	5.464358	1.9693844	8.278691	0.0	1.0	1719
PTPRF	5.099234423533449	1.9266638411615327	5.6306877	0.0	9.804603	0.0034904013961605585	0.9965095986038395	1713
PGM1	4.858785350998255	1.1971593035655528	4.9669657	0.075447746	8.459583	0.0	1.0	1717
LOXL1	2.7514219999331004	2.4078814386702234	2.1689277	0.0	9.335067	0.0477021524141943	0.9522978475858057	1638
MYO10	3.532201605846422	1.8501193870018302	3.8338718	0.0	8.166922	0.012216404886561954	0.987783595113438	1698
LIPA	5.456232201919721	1.2452746364951128	5.504611	0.0	10.152411	0.0005817335660267597	0.9994182664339732	1719
PHGDH	6.629417521449099	2.0031630727022707	7.105385	0.0	12.285341	0.006980802792321117	0.9930191972076788	1706
ST7	3.915663479731821	0.9096694862284552	3.945954	0.0	7.876922	0.0017452006980802793	0.9982547993019197	1709
IKBKB	4.316083346713205	0.897001102013556	4.3198204	1.4513192	7.2950616	0.0	1.0	1717
PCM1	5.561321707038976	0.8047871089884648	5.5452394	2.5868344	8.488081	0.0	1.0	1718
IER3	5.0865946688121	2.4105353075810325	5.7567883	0.0	10.836201	0.0005817335660267597	0.9994182664339732	1718
FAT1	4.894847793730075	2.2834553898065226	5.46973	0.0	9.250921	0.020942408376963352	0.9790575916230366	1683
RNMT	4.445580381058755	0.7311682753123344	4.4814863	0.65371674	7.002995	0.0	1.0	1713
EGFR	3.400349936159395	2.3570227706645235	3.997979	0.0	10.614379	0.04013961605584642	0.9598603839441536	1651
NET1	5.043104596916812	1.2949194688113508	4.990038	1.0361516	9.432997	0.0	1.0	1716
DECR1	6.596777767995928	1.174087010356461	6.773746	0.0	9.723007	0.004072134962187318	0.9959278650378127	1709
CDK6	3.9546271581879	1.5566690228580986	4.1247997	0.0	9.66788	0.0011634671320535194	0.9988365328679465	1717
NPC1	5.015839844441537	1.0087673605076484	4.9384174	0.079963095	8.515124	0.0	1.0	1714
MEST	4.454786151819081	2.6478142078466176	4.9985433	0.0	13.1860895	0.012216404886561954	0.987783595113438	1698
PAFAH1B3	5.476419706806283	1.0029299991633946	5.5327535	0.03815239	8.578339	0.0	1.0	1717
CALU	7.643578025014543	1.4916044684064207	7.605872	2.5657506	11.732803	0.0	1.0	1718
LGALS8	5.13957290333915	1.2022369451357906	5.3033023	0.744081	8.547033	0.0	1.0	1719
LRP10	5.230522092402559	1.285315639916261	5.3828883	0.72820264	7.994687	0.0	1.0	1719
ATP1B1	5.367700306049448	2.114558042477848	5.783559	0.0	10.854526	0.0011634671320535194	0.9988365328679465	1718
OXCT1	4.522593613522396	1.499995429245452	4.8191214	0.0	8.276794	0.005817335660267597	0.9941826643397323	1708
SLC25A4	4.16364266285224	1.1700969369622345	4.2273254	0.030829018	8.162518	0.0	1.0	1717
PSMB10	5.300390120535196	0.9917847883448444	5.2260227	1.8640019	8.859736	0.0	1.0	1717
ASCC3	4.199365174752764	0.6774168032747563	4.226254	0.0	7.31763	0.0005817335660267597	0.9994182664339732	1716
TRAM2	3.9980827572774866	1.399876969321381	3.8378525	0.41391897	8.392601	0.0	1.0	1717
PYCR1	6.097330084066318	1.2423712844922294	6.2993693	0.0	8.692647	0.0011634671320535194	0.9988365328679465	1717
NCOA3	3.7774467345549736	0.9017497276800129	3.7140257	1.0454429	7.9097853	0.0	1.0	1717
POLD4	5.795421369924376	1.1869982952121927	5.8838406	1.9329002	10.088033	0.0	1.0	1718
FOSL1	4.418301643599185	2.630312053707418	4.8137555	0.0	9.911157	0.005235602094240838	0.9947643979057592	1709
PRKACA	5.168067550378127	0.7631706441673329	5.1876926	1.6438515	8.048416	0.0	1.0	1719
LYRM1	4.622326525538104	0.8485239503942996	4.584079	1.7093965	9.500525	0.0	1.0	1714
VDAC1	7.853054886736474	0.6449020220490304	7.883743	5.235306	10.055147	0.0	1.0	1713
SORBS3	5.000845727343806	1.621512384023787	5.338378	0.01913967	7.9706583	0.0	1.0	1718
SPAG4	2.1108902095695172	1.1781293979484295	1.9505394	0.0	7.2087903	0.0005817335660267597	0.9994182664339732	1718
E2F2	2.4513236806585224	1.353188353217785	2.296466	0.0	6.9198885	0.0011634671320535194	0.9988365328679465	1717
SLC5A6	5.135357406631762	1.021586172294934	5.183459	1.4403198	8.778402	0.0	1.0	1715
RGS2	3.5060546143682374	1.7866260993008547	3.3271456	0.0	10.826056	0.002326934264107039	0.997673065735893	1716
SCYL3	2.5621731047411282	0.5661352637069523	2.5451925	0.8558685	4.8300424	0.0	1.0	1719
TBX2	1.3802109969592786	1.7362095304540046	0.6335716	0.0	7.9084888	0.04537521815008726	0.9546247818499127	1639
DNAJA3	5.293853563816173	0.6280338849308159	5.329504	2.31777	7.214047	0.0	1.0	1717
DCUN1D4	4.592987740622455	0.8295096436189711	4.673285	0.0	8.137847	0.0017452006980802793	0.9982547993019197	1716
DYRK3	2.455874438237929	1.1979399880978523	2.5756948	0.0	7.313817	0.002326934264107039	0.997673065735893	1714
POLG2	3.975009229028505	0.8207337265812805	4.001424	1.1932734	6.807535	0.0	1.0	1717
TRAPPC3	6.057864952181501	0.5068755798085615	6.071128	3.5866928	7.771998	0.0	1.0	1716
TCFL5	3.395119950407213	0.7187432699706339	3.377536	0.7471811	5.994489	0.0	1.0	1716
CRK	5.067280280570099	0.7740732427775101	5.2003946	1.9769318	7.6278915	0.0	1.0	1716
RBM34	6.216915558173356	0.4991189295938279	6.21967	3.5788784	7.976117	0.0	1.0	1717
ITGB1BP1	6.175258855730076	0.6572794581083355	6.1880507	2.8595283	9.030772	0.0	1.0	1718
ACLY	6.168658106631763	0.7470035121191747	6.226302	2.289631	8.764613	0.0	1.0	1715
RAD51C	5.550084627515997	0.8725902564940569	5.605219	0.0	8.824797	0.0005817335660267597	0.9994182664339732	1718
SMC1A	5.455529857300757	1.1654832260318233	5.5947485	1.139273	9.67034	0.0	1.0	1718
YME1L1	6.0379448100058175	0.6278524495459881	6.0861382	2.7996945	7.9358134	0.0	1.0	1718
ACAA1	5.062697666133799	0.7879580340375519	5.063701	0.056687564	8.376494	0.0	1.0	1715
HSPA8	10.271936599650958	0.9438297064846983	10.460691	4.461921	12.097288	0.0	1.0	1714
CCNB1	7.361486445317044	1.0359645397308197	7.5338516	1.4820222	9.560314	0.0	1.0	1715
WFS1	3.496742675559628	1.3146370383314807	3.5559633	0.0	7.642543	0.008726003490401396	0.9912739965095986	1702
UBE3B	4.1649658218150085	0.5825990286899142	4.213783	1.2801309	10.564902	0.0	1.0	1712
NPDC1	4.19044270876847	1.8577882989719028	4.599425	0.0	8.324941	0.009307737056428156	0.9906922629435718	1702
ALDH7A1	5.089418162353694	2.168247236216879	5.837045	0.0	10.539304	0.02210587550901687	0.9778941244909831	1680
NFATC3	3.432565672175684	0.8602576637895855	3.4105527	0.511132	6.2369995	0.0	1.0	1715
PCNA	7.967682362536357	0.9100176196612904	8.058376	3.8190856	10.519036	0.0	1.0	1717
POLR2I	5.9296568187899945	0.6702329476677312	5.931241	3.0216076	8.803037	0.0	1.0	1718
PSMB8	5.522433662788248	2.066936623308633	6.0617027	0.0	11.056421	0.0017452006980802793	0.9982547993019197	1716
AKAP8L	5.153903665386852	0.6051708809153178	5.151453	2.6568098	7.58391	0.0	1.0	1717
PLEKHJ1	5.516254859569518	0.8420568906362479	5.587167	1.53967	8.472695	0.0	1.0	1719
HAT1	6.152397327981385	0.7496519460785257	6.2391076	1.5613995	8.197428	0.0	1.0	1717
G3BP1	8.048284843048284	0.8070024676882643	8.142372	1.0203706	9.98965	0.0	1.0	1715
TPD52L2	6.502629984642234	0.6730713870433715	6.5334015	3.8247373	9.394143	0.0	1.0	1714
PIH1D1	6.288276519022689	0.6333110877090002	6.295464	2.7972248	8.121642	0.0	1.0	1714
PRKCQ	0.7550151500988947	1.0824009041274865	0.15853868	0.0	6.0328236	0.15125072716695753	0.8487492728330425	1456
SHB	2.3258709549331007	1.0946894694878384	2.5002947	0.0	6.328334	0.0034904013961605585	0.9965095986038395	1713
UTP14A	4.134510519139035	0.6188048777136471	4.147681	0.864578	6.2503266	0.0	1.0	1714
TSEN2	3.17476758672484	0.661788741668925	3.1786509	0.68063945	6.443527	0.0	1.0	1715
SUV39H1	3.402254909831297	0.7941641533110119	3.4687006	0.5059986	5.439713	0.0	1.0	1715
LYPLA1	6.407409177079698	0.7756847345043021	6.4306498	2.1744096	9.441708	0.0	1.0	1716
BIRC2	5.157464331355439	0.9105199565413958	5.1032586	0.0	11.045534	0.0005817335660267597	0.9994182664339732	1718
MAP2K5	3.1783825874461895	0.665283524064726	3.1488967	0.0	5.8623896	0.0005817335660267597	0.9994182664339732	1715
PUF60	6.797596968295521	0.6747072321929222	6.8294435	3.2027264	8.944941	0.0	1.0	1711
DHRS7	6.125739941489237	1.0388286518694172	6.221477	0.0	10.54337	0.0005817335660267597	0.9994182664339732	1717
ARID5B	2.659347827044794	1.3451529639829207	2.7135155	0.0	6.788999	0.0017452006980802793	0.9982547993019197	1717
PAK1	4.828028881433392	1.2222274231760502	4.9313145	0.011992195	9.429241	0.0	1.0	1717
CDC42	7.634129165212333	0.6525594433472923	7.657833	4.5587573	10.3184185	0.0	1.0	1715
IGHMBP2	3.5243440228272256	0.7178145839465155	3.4956567	0.44998494	7.5359287	0.0	1.0	1718
ADO	3.9055488392088424	0.6849362946327646	3.8848324	1.1692259	6.6938214	0.0	1.0	1712
TCTN1	4.0412095577987195	1.0342664397121744	4.180808	0.0	7.956736	0.0005817335660267597	0.9994182664339732	1715
AKR7A2	4.950912228737638	0.6653511034280453	4.9946203	2.21625	7.869396	0.0	1.0	1717
PPP2R5E	4.421993242745783	0.6445251935999959	4.426298	0.24166448	6.862377	0.0	1.0	1714
LAMA3	2.564588131517743	2.2558701910662484	1.9680686	0.0	10.379086	0.015706806282722512	0.9842931937172775	1692
CCNE2	3.824063774141943	1.2707636262929543	3.86483	0.16642752	8.036894	0.0	1.0	1718
FEZ2	5.04395940139616	0.9548156403413516	5.063218	0.9768167	9.209668	0.0	1.0	1718
ELP1	4.450226268411868	0.5795045822134973	4.4466333	0.9278047	7.221558	0.0	1.0	1716
SGCB	3.920396743819663	1.626627806353684	4.107922	0.0	7.409323	0.008726003490401396	0.9912739965095986	1705
ENOPH1	5.618021026003491	0.6299490972850125	5.6492677	2.9874482	7.8135886	0.0	1.0	1717
CNOT4	3.292342618219896	0.4954841331461087	3.308853	0.23387702	4.887033	0.0	1.0	1712
SNAP25	1.4587799861262363	1.9361626252807662	0.4445356	0.0	8.54593	0.1303083187899942	0.8696916812100058	1494
JMJD6	4.524943448051193	0.6150201611223542	4.5294585	2.5553646	7.477855	0.0	1.0	1712
SLC35F2	4.443283244244328	1.3547748401183046	4.7076297	0.0	8.086078	0.002326934264107039	0.997673065735893	1714
ANO10	4.086304608658523	1.190390412458237	4.1422663	0.0	7.442811	0.0005817335660267597	0.9994182664339732	1718
STUB1	5.811681749331007	0.6237627401104681	5.8391986	3.0374982	8.254221	0.0	1.0	1717
PGAM1	8.325344158813264	0.8116498725631718	8.381201	4.0628557	11.182102	0.0	1.0	1718
BAD	5.449330030657358	0.7897980462672394	5.511936	2.6316724	8.173922	0.0	1.0	1718
PSMD10	6.169015731445609	0.6854812112158738	6.1987615	0.020707715	8.618764	0.0	1.0	1719
RAB11FIP2	3.001335943176265	0.7575529320693316	3.0689168	0.32216814	5.7134156	0.0	1.0	1716
FPGS	5.24434661785922	0.724001164029579	5.292778	1.9667996	8.2013645	0.0	1.0	1717
RNH1	6.270549140954042	0.7508347679680228	6.2678075	3.484383	8.701143	0.0	1.0	1717
ATG3	5.649539826119837	0.5683337909456672	5.67279	2.368559	7.860572	0.0	1.0	1717
NCK1	5.140563061977894	0.6771293325096301	5.146403	0.26945812	7.8710675	0.0	1.0	1718
CFLAR	4.988793510366493	1.2336625694600658	4.9593716	0.009867395	9.504039	0.0	1.0	1719
HEATR1	4.298551191623036	0.763042642395622	4.351183	0.7290132	6.7884116	0.0	1.0	1717
WDR7	2.4792943405119257	0.7712478714550173	2.464522	0.12928301	4.9876437	0.0	1.0	1718
AKAP8	3.7903606240255963	0.5539499251704906	3.8101037	1.3018042	7.1917305	0.0	1.0	1712
SLC1A4	3.6971370414380456	1.5105697244255436	3.6086438	0.016805792	8.623662	0.0	1.0	1719
GRWD1	4.64441500034904	0.8989271048514793	4.711754	1.1519172	7.5856385	0.0	1.0	1717
STAT1	6.099692894008144	1.2096846899716478	5.9211936	2.4842904	10.755922	0.0	1.0	1718
FOXJ3	4.493833679639325	0.6503898235861276	4.4859357	1.9637035	8.4167385	0.0	1.0	1718
CHIC2	3.8860632460442113	0.853787954828201	3.8285706	0.62703335	8.095882	0.0	1.0	1718
USP7	5.689163261372892	0.6613679520856505	5.6891174	2.6396837	8.901525	0.0	1.0	1717
NOSIP	5.661994936416521	0.6353002125342804	5.6505175	3.0291507	8.216382	0.0	1.0	1716
DLD	6.492743701279814	0.8011063758481616	6.580174	2.4457743	8.759878	0.0	1.0	1713
IDE	4.000355812449098	0.6376465884567103	4.0359316	1.2691888	5.8291545	0.0	1.0	1716
CD40	2.0901354564048864	2.110041267082141	1.2920691	0.0	9.487738	0.07795229784758581	0.9220477021524142	1585
PRPF4	4.760189511518324	0.6337041566674123	4.7834935	1.7509452	6.7548876	0.0	1.0	1713
MELK	5.013673619011053	0.9892393537590566	5.1518383	0.14715168	8.986667	0.0	1.0	1716
DAXX	5.572329677137871	0.63394889344123	5.5749555	1.900919	7.822182	0.0	1.0	1716
SMAD3	4.661209780796975	1.526507306623948	4.771035	0.0	9.429344	0.0005817335660267597	0.9994182664339732	1719
OXA1L	6.4439164791157655	0.5713439635101979	6.4743743	3.0485396	8.88853	0.0	1.0	1717
SNX7	3.8529614291669576	1.8983151156406162	4.3951864	0.0	7.7553616	0.035485747527632346	0.9645142524723677	1657
CDCA4	4.697734589819662	0.8160733434730556	4.7438326	1.5763093	7.1376677	0.0	1.0	1717
TBC1D9B	5.263990020011635	0.7084855432108124	5.3238454	1.145221	7.262189	0.0	1.0	1715
CDC20	6.533833490378127	1.1639013127524602	6.7203608	0.18701771	9.592361	0.0	1.0	1716
DDX42	6.394349090052357	0.6229069826154937	6.4204216	3.3751423	8.284495	0.0	1.0	1713
IKBKE	2.5016664474444443	1.106138413012455	2.596978	0.0	6.103653	0.006980802792321117	0.9930191972076788	1706
CCL2	2.5220802658371144	3.010949813196828	0.88981074	0.0	12.054797	0.12100058173356602	0.878999418266434	1510
WDTC1	3.6410396610238513	0.7765289465316205	3.6824048	0.6438682	6.677706	0.0	1.0	1712
PLSCR3	4.420534282606167	1.0345658868052197	4.491417	0.8432008	6.9835296	0.0	1.0	1715
NUSAP1	6.620273382617801	1.1344964677873641	6.758436	0.2449735	9.521145	0.0	1.0	1718
SRC	4.089532511778359	1.526401249516723	4.3595705	0.024082758	7.781845	0.0	1.0	1716
BMP4	2.4665331334013962	2.3746904094001198	1.7871649	0.0	10.043998	0.038976148923792905	0.9610238510762071	1652
XPO7	5.117460496451426	0.7834639019212775	5.1809554	1.1322149	7.5215454	0.0	1.0	1716
FAIM	4.158633628351949	1.1926370282921934	4.330207	0.0	8.103755	0.005235602094240838	0.9947643979057592	1710
PXMP2	4.552101630855149	0.8850096142482449	4.584259	0.75509864	9.394261	0.0	1.0	1714
TIMM17B	5.930392851890635	0.6985365135984517	5.9203315	2.7872548	8.559671	0.0	1.0	1716
STXBP2	4.741155335548575	1.9517183986466689	5.417724	0.0	9.611154	0.005235602094240838	0.9947643979057592	1710
MNAT1	5.229630747527632	0.6965334878815669	5.2761765	1.8112532	7.6496224	0.0	1.0	1717
HPRT1	6.284024972309482	0.7916425807459159	6.3433456	0.3277069	8.786436	0.0	1.0	1718
RRS1	4.970960135020361	0.7187277444449074	4.9762077	2.2594986	7.4862638	0.0	1.0	1715
ADAT1	3.602850541012216	0.7021905999200133	3.6374712	1.0658066	5.912034	0.0	1.0	1713
SCAND1	5.594850704653869	1.009552091917335	5.7273326	1.1250559	9.2430525	0.0	1.0	1717
MFSD10	5.4953305005817334	0.9195079957422696	5.5445566	1.760502	8.809993	0.0	1.0	1718
COPS7A	5.697733445433391	0.7114014791447265	5.764795	3.1621666	7.8798466	0.0	1.0	1718
FIS1	6.46844143967423	0.6485955059282063	6.483603	3.9690032	8.8567705	0.0	1.0	1716
NUDT9	4.468656434089587	0.662145971180154	4.5161915	0.0	7.1285925	0.0005817335660267597	0.9994182664339732	1717
CSRP1	6.276557332726585	1.7688035868607839	6.4418006	0.0	10.837588	0.0005817335660267597	0.9994182664339732	1716
METRN	4.061374854568354	1.5695513543121828	4.220941	0.038954448	8.150072	0.0	1.0	1719
TCTA	4.2173487794299005	0.855207702300177	4.2283263	0.09642244	6.8945026	0.0	1.0	1715
TLK2	4.292917712332751	0.5815799200985231	4.3043065	1.3890711	7.58108	0.0	1.0	1712
DNAJB6	6.875036718266434	0.694485707461319	6.903689	4.3910046	8.918329	0.0	1.0	1718
TLR4	1.2017864702600347	1.5204146160775551	0.3506783	0.0	8.07442	0.09133216986620128	0.9086678301337987	1560
HMGCS1	6.404567012390925	1.2852816412614139	6.3542743	1.736514	12.091842	0.0	1.0	1717
SPRED2	4.0493173404363	0.8762266424817502	4.089676	0.15292713	7.265071	0.0	1.0	1715
MAP7	2.1883232457044794	1.8447298865833321	1.7384133	0.0	6.814666	0.01977894124490983	0.9802210587550901	1684
CHAC1	3.4425575237963932	1.5284188864080235	3.2932806	0.0	7.841929	0.0017452006980802793	0.9982547993019197	1715
GNAS	9.425316738045375	0.8457743854265687	9.431638	1.5551535	11.958524	0.0	1.0	1719
TEX10	4.424532474985457	0.6658276168779034	4.461594	1.8837459	6.8784556	0.0	1.0	1717
ZNF586	2.8277001355381035	0.7803827098336937	2.8619256	0.0	5.2452636	0.0011634671320535194	0.9988365328679465	1716
IKZF1	0.9924708609086679	2.0163958750306974	0.0682787	0.0	8.134529	0.20593368237347295	0.794066317626527	1363
APBB2	3.797034759175102	1.35227927738889	3.8953803	0.0	7.4671574	0.002326934264107039	0.997673065735893	1715
RNF167	6.193474222978476	0.60430367380112	6.225574	3.896388	8.103419	0.0	1.0	1717
EPHA3	0.7430695330069809	1.3450273309441618	0.06340215	0.0	7.5548573	0.16463059918557302	0.835369400814427	1429
TXNDC9	5.7293699792321116	0.6954330507925418	5.724042	2.5516515	7.7923803	0.0	1.0	1719
VGLL4	4.282871293804537	0.8608717829821825	4.3034887	0.0	7.078044	0.0005817335660267597	0.9994182664339732	1715
CASP10	1.7368074051605586	1.2711368746053868	1.739779	0.0	6.0083613	0.012216404886561954	0.987783595113438	1697
YTHDF1	5.017726002501454	0.5373823020508586	5.013958	2.9322522	7.277464	0.0	1.0	1715
LSM5	6.699486027923212	0.6368308684148167	6.7663035	3.467697	8.5588875	0.0	1.0	1714
ZMYM2	4.9711866655031995	0.8159848500246698	4.9750338	0.10435679	7.635464	0.0	1.0	1715
CHMP6	3.7191141208842353	0.6927929293172376	3.7397184	1.036433	5.735674	0.0	1.0	1718
CASP7	4.267408363746364	0.9019904602103057	4.31268	0.04885973	6.8625755	0.0	1.0	1714
PIGB	3.861751576963351	0.6866759065721902	3.9328265	0.5155086	6.263752	0.0	1.0	1714
CHEK2	4.268830905351948	0.7844285538568184	4.3117356	0.4865249	6.8354187	0.0	1.0	1714
ACD	4.501573110413031	0.7546789586605095	4.564	1.2504886	6.7596354	0.0	1.0	1715
SUPV3L1	4.7429770209424085	0.5551595478747164	4.74563	2.8812437	7.1420765	0.0	1.0	1714
GPATCH8	4.001886709559046	0.6346061616085998	4.0484104	0.007804032	5.968568	0.0	1.0	1710
TGFBR2	4.202767937129726	1.9964699711763827	4.553084	0.0	9.524798	0.004072134962187318	0.9959278650378127	1711
NOTCH1	2.574853036403141	1.190119873081673	2.559602	0.0	8.255142	0.0005817335660267597	0.9994182664339732	1719
SHC1	6.400201931704479	1.1588839786377856	6.405104	2.7770262	9.772458	0.0	1.0	1716
ARPP19	6.324603377690518	0.6924770216531602	6.3739386	0.61050355	8.901353	0.0	1.0	1714
RTN2	2.9837790850901684	1.253098212912001	2.9223747	0.14927498	6.79253	0.0	1.0	1718
NPEPL1	3.5349416015823154	1.1791376028883034	3.6842577	0.0	7.0168304	0.0005817335660267597	0.9994182664339732	1716
SIRT3	3.813895039267016	0.6682407015343272	3.8197193	1.2016338	6.173983	0.0	1.0	1714
UBQLN2	4.057980178051193	0.710601244878698	4.088447	0.030191978	6.2585964	0.0	1.0	1714
DMTF1	5.693153439557882	0.9077232137477742	5.7930245	2.5613651	8.656314	0.0	1.0	1719
CLPX	4.857524978475859	0.6519561281757016	4.908746	1.8117423	6.828225	0.0	1.0	1713
TXNL4B	3.7048282239092494	0.6366237415335047	3.7276263	1.3122643	6.233207	0.0	1.0	1717
PRR15L	1.154130105829552	1.8628198011395245	0.18347128	0.0	8.598957	0.061663757998836534	0.9383362420011635	1612
ST6GALNAC2	1.8211797405991856	1.9350483098476068	1.0622253	0.0	8.03285	0.09191390343222804	0.908086096567772	1560
ADH5	6.9435134260034905	0.7181522305041049	6.9677567	3.2400272	9.531503	0.0	1.0	1716
GOLT1B	5.791350671611402	0.879830369295859	5.759031	2.3383787	9.238987	0.0	1.0	1718
PPOX	4.007494935660268	0.7409648770459549	3.9829662	1.5089812	7.976845	0.0	1.0	1715
CANT1	5.2534302573589295	0.9799385384546223	5.300292	1.6100101	8.528505	0.0	1.0	1717
HOMER2	2.9392604969412446	1.4396696936856004	3.0700698	0.0	7.568465	0.0005817335660267597	0.9994182664339732	1717
CLTB	5.714307955986038	0.9269125659636852	5.7141986	0.84731144	8.895969	0.0	1.0	1717
PHKA1	2.279543888340314	1.2358556295221756	2.5155938	0.0	5.6947575	0.02268760907504363	0.9773123909249564	1681
CYCS	7.800424560267597	0.7985883238761827	7.882961	3.5373583	9.919051	0.0	1.0	1715
MAP4K4	5.456758755148342	1.1876095685389887	5.576755	0.21345305	8.5694685	0.0	1.0	1717
PAN2	4.8056167730948225	1.112097961230334	4.795476	0.63400215	8.469873	0.0	1.0	1718
PPIC	4.58878703127516	2.2025446270429048	5.304577	0.0	8.837	0.027341477603257707	0.9726585223967423	1673
EIF5	7.613137656544502	0.8088289111008095	7.6980658	3.512366	9.867705	0.0	1.0	1713
GNAI1	4.1082599888522395	2.003728478787266	4.5908775	0.0	8.790221	0.02385107620709715	0.9761489237929029	1679
TM9SF3	6.550844424840022	0.7392941374540557	6.643995	2.491925	9.080605	0.0	1.0	1717
CCDC86	4.761980666433973	0.7401796288724592	4.7849803	1.5464722	7.69942	0.0	1.0	1714
SLC25A14	3.796696561279814	0.6665481243081912	3.7825553	0.99504304	6.5552626	0.0	1.0	1718
TBXA2R	0.7175769527318208	0.8264311080818687	0.37304568	0.0	4.685621	0.11809191390343222	0.8819080860965678	1517
FBXO11	5.250270582024432	0.6043346320159511	5.2809415	0.0	7.2322483	0.0011634671320535194	0.9988365328679465	1715
HERPUD1	6.413300331239092	1.0254251374183165	6.327612	2.8220224	10.779087	0.0	1.0	1718
RPL39L	4.221491522997673	2.1852763118756426	4.9714284	0.0	8.339231	0.062245491564863295	0.9377545084351367	1612
BPHL	3.6423608417102966	0.801315003975956	3.6614988	1.0060897	6.7930245	0.0	1.0	1714
MAPKAPK3	4.733441608627108	0.9923274624417429	4.725572	0.0	8.136638	0.0005817335660267597	0.9994182664339732	1718
MBOAT7	5.563401472774869	1.0134271498566676	5.629479	1.5470253	8.920853	0.0	1.0	1716
PNKP	4.868409217626527	0.8577135287350385	4.9654055	1.3678743	8.453629	0.0	1.0	1714
SLC35A3	4.568812435823153	0.7436172080577064	4.553342	0.08657998	7.6305656	0.0	1.0	1714
LSR	4.024815275893542	2.730612483798559	4.503069	0.0	9.831234	0.0011634671320535194	0.9988365328679465	1715
MEF2C	2.207073869115183	2.0761529919591473	1.5794408	0.0	9.605601	0.010471204188481676	0.9895287958115183	1701
KDM5A	3.9390239463467136	0.797576434847916	3.9952493	0.04223388	7.1321964	0.0	1.0	1710
MINDY1	2.6390684435392666	0.9756171978043097	2.6306896	0.0	6.214014	0.0005817335660267597	0.9994182664339732	1719
RAB4A	4.577062427901687	1.1024989391519064	4.72706	0.0	7.082426	0.004072134962187318	0.9959278650378127	1707
IFRD2	5.720264077230948	0.75630794188205	5.7824087	0.0	7.5755696	0.0005817335660267597	0.9994182664339732	1718
BACE2	4.080607256575335	2.3494080025279898	4.5801396	0.0	9.542446	0.03315881326352531	0.9668411867364747	1663
LYN	2.882667583812682	1.4544188050983122	2.9098883	0.0	7.3768024	0.0034904013961605585	0.9965095986038395	1713
ISOC1	4.296956154438627	0.8966802357149025	4.311474	0.0	7.9974446	0.0011634671320535194	0.9988365328679465	1717
DUSP3	4.487326041285631	1.1056148378366037	4.658314	0.0	7.5295944	0.0011634671320535194	0.9988365328679465	1716
MOK	3.8213165589546247	1.6804983615459266	3.702469	0.037952863	10.065201	0.0	1.0	1716
PPP1R13B	2.678818702920303	1.01746981980595	2.6471832	0.0	6.987787	0.0005817335660267597	0.9994182664339732	1719
DNAJB2	5.025343006951716	0.9190713025044565	5.1011457	0.59224415	8.132813	0.0	1.0	1717
CERK	3.983077972202443	1.0128798178003748	4.041646	0.0	7.4336023	0.0005817335660267597	0.9994182664339732	1716
LAP3	5.636259822222222	0.8038757154001572	5.6658335	1.7426703	8.6849375	0.0	1.0	1716
MAPKAPK5	4.774565300232693	0.5484164360466167	4.78576	2.0097055	7.334175	0.0	1.0	1714
PRKCH	2.361829408696335	1.4949219216016083	2.338912	0.0	8.775745	0.006980802792321117	0.9930191972076788	1707
RAB21	5.199529379697498	0.7068411222373414	5.2527413	1.1030679	8.023687	0.0	1.0	1716
PSIP1	5.899712639243747	1.1599619440177473	5.91372	0.69937396	10.256079	0.0	1.0	1719
CREB1	4.648148879697499	0.7753727928886238	4.7409167	1.0512816	7.0205355	0.0	1.0	1716
MBNL2	4.252245580876091	1.35917209569419	4.430031	0.0	7.576076	0.0005817335660267597	0.9994182664339732	1718
PACSIN3	3.812303659778941	1.3556071827525604	4.10629	0.0	7.68997	0.0011634671320535194	0.9988365328679465	1713
MTA1	5.631905962012798	0.8670606160287598	5.610945	2.355738	8.743421	0.0	1.0	1717
MACF1	5.923665686910995	1.0182004300386325	5.952804	1.0136194	10.209039	0.0	1.0	1718
CCNA1	1.077915097659104	1.5675236188826855	0.24871092	0.0	9.315507	0.13379872018615474	0.8662012798138452	1490
PCCB	5.105730164048865	0.7200850703052493	5.1345744	0.7799153	7.256303	0.0	1.0	1714
STAP2	2.88901560202327	1.8616454951245145	2.8077278	0.0	6.890021	0.006980802792321117	0.9930191972076788	1708
PMM2	5.350931316870273	0.5428567184391823	5.356408	2.146264	8.18546	0.0	1.0	1718
HSD17B11	5.045741276965096	1.4743792837144984	5.2594233	0.0	8.911829	0.0005817335660267597	0.9994182664339732	1718
FBXL12	4.263664554392088	0.5203556105234298	4.2821803	1.6495188	6.6411166	0.0	1.0	1713
FAS	3.6213369294072133	1.789101975166913	3.7351215	0.0	9.096912	0.0017452006980802793	0.9982547993019197	1715
CENPE	3.3324040918859805	0.9995514852854288	3.4523134	0.049874682	5.9111285	0.0	1.0	1719
CREG1	5.686981415026178	1.2602790096813672	5.7435637	0.05687481	10.74935	0.0	1.0	1718
PRR7	2.47591562958057	1.1293521814908163	2.550854	0.0	6.2544203	0.004653868528214078	0.995346131471786	1712
ZNF589	2.754746925386853	0.9388262817214585	2.6917799	0.21641886	6.604254	0.0	1.0	1717
BAX	6.874857605235602	0.7964583068315274	6.8809915	3.8946722	9.192369	0.0	1.0	1712
CNDP2	6.435753804537521	0.9115316238089683	6.4335136	0.8047103	10.515719	0.0	1.0	1715
TNIP1	5.252033702385107	1.0289217333549665	5.21058	1.6053616	8.808041	0.0	1.0	1718
P4HTM	3.4374228312716695	1.4791734257209652	3.826213	0.0	7.0360417	0.015125072716695753	0.9848749272833043	1690
REEP5	6.2831902068644565	0.8251890702973538	6.378444	0.5891019	9.139628	0.0	1.0	1715
BZW2	6.361997539552065	0.9042063756835337	6.4529643	0.0	9.351988	0.0005817335660267597	0.9994182664339732	1716
CGRRF1	3.806244203315881	0.6897441530118	3.8155344	1.2020667	8.210545	0.0	1.0	1715
AMDHD2	3.948461148278069	0.9617708519582957	4.011317	0.02165881	7.0201354	0.0	1.0	1715
PEX11A	2.6484812110465383	1.0222295574279137	2.7514102	0.0	6.883914	0.01687027341477603	0.983129726585224	1691
GFOD1	1.9279617760645724	1.0820184634843577	1.8413452	0.022207288	7.8887434	0.0	1.0	1715
PECR	3.394680248631181	1.1810452149529196	3.5206988	0.0	7.1258783	0.010471204188481676	0.9895287958115183	1696
SOCS2	3.163960868103549	1.7561882365017785	3.1589866	0.0	9.705707	0.0034904013961605585	0.9965095986038395	1714
ZDHHC6	4.823878414485166	0.6046835349083092	4.856886	2.0419893	7.4404125	0.0	1.0	1719
ITGAE	5.356465580046539	0.8051125947120575	5.4260263	0.0	7.466268	0.0005817335660267597	0.9994182664339732	1716
NGRN	6.331689007329844	0.7154331073452186	6.38368	3.5484366	8.882206	0.0	1.0	1715
HOXA5	1.8285485981419431	1.3468695849802548	1.7616768	0.0	6.523882	0.07388016288539849	0.9261198371146016	1593
GRN	7.59001938388598	1.0347515386742079	7.6652365	2.6552625	10.468084	0.0	1.0	1716
NUP85	5.557323311227457	0.7248035819148365	5.613414	1.8119519	7.984151	0.0	1.0	1717
GTPBP8	3.73893381803374	0.6623115130478232	3.783069	0.66153526	6.969749	0.0	1.0	1711
PTK2	5.734034518685864	1.6034421723631462	6.1082945	0.0	8.353496	0.0017452006980802793	0.9982547993019197	1716
EPN2	3.5149876261460156	1.1291204501661287	3.6654496	0.0	6.704955	0.0075625363583478765	0.9924374636416521	1707
MRPS16	6.529202338278069	0.5504768237772405	6.538628	3.219201	8.649857	0.0	1.0	1712
RPS5	10.41011943222804	0.681940514323581	10.412041	7.527743	12.5316105	0.0	1.0	1714
NOL3	4.070456984717858	1.1728259852168101	4.2303953	0.1882376	7.7149734	0.0	1.0	1715
NR1H2	5.156902519720768	0.7117729779821702	5.222074	2.1268342	7.2979617	0.0	1.0	1715
PLS1	3.392600067874927	1.6843561625931334	3.410402	0.011356801	8.260778	0.0	1.0	1716
DUSP22	3.8234895223036647	0.992688989976419	3.7076905	0.48362646	9.29257	0.0	1.0	1712
RPS6KA1	3.9914438935683534	1.2862378194437434	4.0548573	0.0	7.8454022	0.0005817335660267597	0.9994182664339732	1717
DCK	5.015370858696917	0.970840589285788	4.950809	0.9557941	9.395	0.0	1.0	1715
TRIM2	3.0803331213897613	1.6624861010523018	3.158862	0.0	7.45522	0.0017452006980802793	0.9982547993019197	1716
SNCA	2.4140529183694013	2.4525895295352016	1.6231036	0.0	9.89403	0.10063990692262943	0.8993600930773705	1547
VPS28	6.276066284933101	0.6431711922507317	6.2806425	3.58023	8.444547	0.0	1.0	1717
NR2F6	4.319114379904014	0.8967071682558747	4.372472	0.121372215	7.8802447	0.0	1.0	1717
EXOSC4	4.9664004632344385	0.8628108827961011	5.0265346	1.4074507	7.900136	0.0	1.0	1717
PDLIM1	5.744303059195463	2.2723025148015474	6.28939	0.0	10.949958	0.005235602094240838	0.9947643979057592	1709
CRELD2	4.579640185282141	0.9131629676824364	4.5890565	1.028859	8.116978	0.0	1.0	1715
RRP12	3.9906701043630024	0.6969351417479682	4.021675	1.1967582	6.50785	0.0	1.0	1717
ACAT2	5.86028210458406	1.1681453527238193	5.9353347	0.30059704	9.615155	0.0	1.0	1718
THAP11	4.487054602094241	0.5884340672456249	4.499176	1.342202	6.1247354	0.0	1.0	1713
CEBPD	3.1298869862454914	1.7375163202201922	3.1907287	0.0	8.526621	0.02501454333915067	0.9749854566608493	1677
MAST2	4.132599142931937	0.8874544735994704	4.143108	1.3547907	6.8746495	0.0	1.0	1715
DHDDS	4.835228538219896	0.6929453380019746	4.87431	1.8709605	7.0608907	0.0	1.0	1715
GADD45B	4.576240947991855	1.6178671699107996	4.8111677	0.021040456	9.9745865	0.0	1.0	1719
DYNLT3	4.682541190660849	1.5829799248614853	4.9072704	0.0	8.844226	0.019197207678883072	0.9808027923211169	1686
CHMP4A	5.805937153286794	0.6990337776737889	5.8627863	0.7989787	8.124338	0.0	1.0	1716
IPO13	3.7463574364165213	0.6781418492799346	3.7385085	1.5867696	6.5187316	0.0	1.0	1715
ITFG1	5.221399981210006	0.8230706796136157	5.234394	1.2721785	7.779529	0.0	1.0	1716
SPP1	3.247046259680047	3.3924357964777663	1.7460462	0.0	14.892101	0.05002908667830134	0.9499709133216987	1633
HYOU1	6.519692916230367	0.9533917707559452	6.5517836	2.0106688	10.4587345	0.0	1.0	1718
FOS	4.830913239792321	2.5325803750542892	4.689875	0.0	11.478942	0.0005817335660267597	0.9994182664339732	1719
MCOLN1	3.5964880559627694	0.8152907989915241	3.6000912	0.5205701	6.0580716	0.0	1.0	1717
ID2	5.439563953327515	2.068630330969641	5.6307955	0.3555655	10.690059	0.0	1.0	1718
KCNK1	2.7345135893257706	2.14994742726546	2.9582376	0.0	7.6314173	0.08900523560209424	0.9109947643979057	1567
AXIN1	3.6407698985863877	0.668696836925036	3.668641	0.07839943	6.0299144	0.0	1.0	1716
RAI14	4.359545995691681	2.0706491440861496	4.7995276	0.0	8.921311	0.018033740546829553	0.9819662594531704	1688
DNAJC15	3.30037784209075	1.7953260081195381	3.8189323	0.0	8.128345	0.01687027341477603	0.983129726585224	1691
HOXA10	2.488279461469459	1.9083027217312893	2.6971333	0.0	7.9856486	0.07504363001745201	0.924956369982548	1590
CASP2	4.283337738568935	0.8012629691410856	4.305263	1.444683	6.7591424	0.0	1.0	1716
CTNND1	5.567300489207097	1.560961657699175	5.9527225	0.016688857	8.790856	0.0	1.0	1717
ZNF131	4.826953578824898	0.5990046887971774	4.814571	2.256588	7.062327	0.0	1.0	1714
HOOK2	4.153006255148342	1.1319079430656662	4.080922	0.6720967	7.7427135	0.0	1.0	1717
ERBB2	4.331462038317045	1.7059248227712276	4.5246215	0.009954797	11.937146	0.0	1.0	1717
INTS3	4.5691991581151825	0.6672936069698545	4.561161	1.2449906	7.649608	0.0	1.0	1714
RFNG	4.363426642815591	0.6308237062158206	4.389725	1.8953491	6.4963923	0.0	1.0	1716
MICALL1	3.6208288856719024	0.9254032812738288	3.5999248	0.83428407	6.4681826	0.0	1.0	1715
KLHL21	3.8107331700174516	0.8716862603842611	3.814335	0.45531696	7.1819873	0.0	1.0	1717
TLE1	3.8680304664764398	1.5707123831256808	4.205236	0.0	7.769567	0.011052937754508435	0.9889470622454916	1696
FZD7	2.693158987589296	1.5475762031309	2.6895742	0.0	7.7235928	0.004072134962187318	0.9959278650378127	1713
COG2	3.959443532518906	0.599573725559509	3.971001	0.9814128	6.186015	0.0	1.0	1714
MRPS2	5.559634955555556	0.6107074829697875	5.564143	2.9937685	7.643106	0.0	1.0	1716
KCTD5	4.534214113903432	0.6111158937004344	4.524703	0.7853204	7.41301	0.0	1.0	1714
CNPY3	5.447703720942409	0.696964554784668	5.4294753	2.072672	8.372068	0.0	1.0	1717
ADAM10	6.65111059790576	1.081410219278723	6.7779455	0.981849	9.669753	0.0	1.0	1714
CD58	4.731870670145434	1.1443425119285071	4.813848	0.0	8.003203	0.0005817335660267597	0.9994182664339732	1716
KIF5C	1.3233723868568938	1.7302718122953367	0.5141354	0.0	8.245662	0.02675974403723095	0.9732402559627691	1668
HMG20B	5.656532001047121	0.9362256222976024	5.631279	2.641842	9.645423	0.0	1.0	1717
PIN1	5.865342703839442	0.7348251579442518	5.902025	2.7775354	9.09008	0.0	1.0	1717
LAGE3	4.844656746503782	0.8842035020096327	4.845676	0.82724994	8.28977	0.0	1.0	1714
TNFRSF21	4.206505010390925	1.9557384275764385	4.3406477	0.0	8.868612	0.004072134962187318	0.9959278650378127	1710
KIF14	3.2067062174473526	0.9274664082752265	3.3334796	0.010860026	5.681216	0.0	1.0	1715
DUSP6	4.552664457553229	2.0996508134867105	4.779081	0.0	9.493455	0.0005817335660267597	0.9994182664339732	1718
CYB561	4.379718337337987	1.8358379017388802	4.811276	0.0	9.58961	0.006399069226294357	0.9936009307737056	1708
HTRA1	3.4774385672326935	2.8056470294869533	3.4749682	0.0	11.173815	0.05235602094240838	0.9476439790575916	1630
WASF3	1.6971313356532867	1.364651380658178	1.7174252	0.0	6.3640437	0.05410122164048865	0.9458987783595113	1627
TSPAN6	3.652078838005817	1.738646008547515	4.1259403	0.0	8.37199	0.029086678301337987	0.970913321698662	1665
FBXO21	4.26218158124491	0.7692989499566013	4.3112707	0.0	6.9823775	0.0005817335660267597	0.9994182664339732	1713
PPP2R3C	4.723405477312391	0.8035532104675581	4.7570605	1.0670605	7.8507867	0.0	1.0	1719
ADRB2	1.7058377781151832	1.699713387232328	1.1520406	0.0	7.567249	0.048283885980221056	0.951716114019779	1637
GRB10	3.386169362748691	1.8119010624176364	3.8572843	0.0	7.321405	0.02152414194299011	0.9784758580570099	1683
MMP1	2.1385252054584063	2.7910953244290253	0.8523337	0.0	14.702405	0.07446189645142524	0.9255381035485748	1591
ZW10	3.924381805061082	0.6855558612261248	4.010431	1.0979748	6.470047	0.0	1.0	1717
CORO1A	3.5931433107934847	2.6408695719192035	2.8878274	0.0	11.1961775	0.002326934264107039	0.997673065735893	1716
XPNPEP1	5.751596956335079	0.7092860522391021	5.796356	0.34908214	8.250677	0.0	1.0	1718
MAMLD1	1.5122664381401976	1.280255830201045	1.3808014	0.0	6.5260015	0.02501454333915067	0.9749854566608493	1672
DSG2	4.062419505673066	2.524198232425534	4.8489685	0.0	8.865121	0.051192553810354854	0.9488074461896452	1632
SLC27A3	2.9282957200465387	1.3300867102510163	2.8596814	0.17774306	8.679646	0.0	1.0	1718
IL13RA1	4.395108275809191	1.7735666932192882	4.879696	0.0	8.785613	0.009889470622454915	0.9901105293775451	1702
AGL	3.0652810199627694	0.7606965182710923	3.0490034	0.0	8.6711445	0.0005817335660267597	0.9994182664339732	1719
CDC25B	5.457477542292031	0.9371206639827039	5.482777	2.4078584	8.716432	0.0	1.0	1718
GATA3	1.714625503895288	1.9464293590302217	0.98510325	0.0	9.798577	0.04537521815008726	0.9546247818499127	1641
RPA3	5.704135951541593	0.8432946348895316	5.766603	2.2370987	8.245263	0.0	1.0	1716
TES	5.06324723634904	2.189897489629735	5.7390327	0.0	10.754561	0.018033740546829553	0.9819662594531704	1689
SPR	4.462482038551483	1.3766201452210882	4.722417	0.0	7.338041	0.011634671320535195	0.9883653286794648	1699
RELB	3.0574614444764396	1.221031198499688	3.0275009	0.054139975	6.8121004	0.0	1.0	1718
EPHB2	2.534012913851658	1.7546717573366404	2.7239516	0.0	7.0157385	0.02501454333915067	0.9749854566608493	1676
RPIA	4.57699188388598	0.8179279682611994	4.5529366	1.8155098	8.347993	0.0	1.0	1713
NVL	4.421495623094822	0.6449186197495576	4.4216475	1.1946355	6.798841	0.0	1.0	1712
CHEK1	4.841937473187901	1.005091299239347	4.9849176	0.26505637	7.6829524	0.0	1.0	1718
ME2	5.006620870475858	1.0617041320354301	5.083026	0.0	7.9997015	0.0029086678301337987	0.9970913321698662	1711
PDGFA	2.7935803289790577	1.6960852392366015	2.9488382	0.0	8.137411	0.012798138452588714	0.9872018615474113	1696
RFC2	5.56908565148342	0.8243174776929312	5.6820955	1.6822901	7.730531	0.0	1.0	1717
TIMM9	5.8259024284467715	0.5685100031715792	5.8153577	2.8306246	8.442587	0.0	1.0	1716
ORC1	3.0521431268760906	1.0280758218453863	3.1728044	0.06535172	5.679801	0.0	1.0	1716
PARP2	5.140681685805701	0.7693377725180465	5.1965284	1.8737423	7.3745093	0.0	1.0	1717
FASTKD5	3.998545425014543	0.6030817242894615	4.028083	1.5571699	5.8395715	0.0	1.0	1713
MSRA	2.426352928598022	1.090978756836164	2.4663503	0.0	7.14372	0.006399069226294357	0.9936009307737056	1706
SYNE2	3.71304222859395	1.3992463691919064	3.7818317	0.0	7.7443495	0.0017452006980802793	0.9982547993019197	1715
UBE3C	5.335767044764397	0.7139711127647913	5.3962555	0.11619572	7.544972	0.0	1.0	1718
CCDC92	3.5184231354392086	1.0687992959403505	3.592804	0.03322775	7.8045955	0.0	1.0	1718
CXCL2	1.9792837271692845	2.0652295226754953	1.2382916	0.0	9.110097	0.12216404886561955	0.8778359511343804	1508
TIMM22	3.289752802675974	0.5949987921263938	3.3138437	0.8821672	5.0907135	0.0	1.0	1712
ATF5	5.19997468109366	1.4967275739737445	4.95347	1.4143629	10.919518	0.0	1.0	1717
NSDHL	4.605798429842932	0.7264813922612496	4.6162167	0.2654261	7.3376665	0.0	1.0	1717
ADI1	5.512599241128562	0.808832597342286	5.578347	2.3775125	11.12365	0.0	1.0	1717
GDPD5	2.627653144564863	1.3176560055404187	2.5390346	0.006293715	7.9769707	0.0	1.0	1714
TARBP1	4.407570153496219	0.9699508045821003	4.3963447	0.38068846	7.4522247	0.0	1.0	1715
RBKS	1.9858619261896453	0.9291653146822442	1.9026872	0.0	5.626845	0.0005817335660267597	0.9994182664339732	1718
KDM3A	4.34424738436882	0.6764787513709343	4.3408113	0.25787598	6.7212086	0.0	1.0	1714
BID	4.931934952955206	1.0026863648058588	5.033079	0.24795789	7.793389	0.0	1.0	1716
MTF2	4.373063746364165	0.8618403375684045	4.3647614	1.2644644	7.3220906	0.0	1.0	1716
HLA-DRA	2.396107352202443	3.2518228387413566	0.7152397	0.0	12.20266	0.08842350203606748	0.9115764979639325	1567
PIK3C2B	2.2522365323216986	1.151801164042651	2.186567	0.017176501	6.230015	0.0	1.0	1718
SLC25A46	4.911478722772543	0.8470466147107094	4.982574	0.0	7.4316816	0.0005817335660267597	0.9994182664339732	1714
CDK19	3.501109847324025	0.8591024953633302	3.4797866	0.99576235	6.5040135	0.0	1.0	1716
KIAA0753	3.0658378100407218	0.7180611314579618	3.093425	0.73915684	6.2986655	0.0	1.0	1719
KAT6B	2.774705242542176	0.7521515206884507	2.744908	0.6400424	6.2861805	0.0	1.0	1717
CHN1	3.201082068096568	1.97147708086585	3.2941854	0.0	9.139273	0.0005817335660267597	0.9994182664339732	1718
MAPK13	2.3771044894834206	1.7856623051865366	2.018894	0.0	7.040684	0.0005817335660267597	0.9994182664339732	1718
UFM1	5.729332637172774	0.6584196389800753	5.7171035	2.3486063	9.13787	0.0	1.0	1718
GNA15	1.3934103721820825	1.9181774936713007	0.17905492	0.0	8.369157	0.10005817335660268	0.8999418266433973	1545
IARS2	6.031224070506108	0.658698718242842	6.0589743	2.5585027	7.729118	0.0	1.0	1713
GATA2	2.6228766727975565	1.9333671779612969	2.477022	0.0	9.615015	0.03374054682955206	0.9662594531704479	1660
RALGDS	4.164612702617801	0.917893378010842	4.1265597	1.5809896	8.11796	0.0	1.0	1716
NRIP1	3.2517572879790575	1.4778912396195774	3.4366095	0.0	8.099874	0.012216404886561954	0.987783595113438	1696
CCNB2	6.116850634141943	1.0283565864796929	6.31643	0.17277424	8.377766	0.0	1.0	1719
RNPS1	7.0523550429901105	0.5758603582492704	7.062467	3.042422	8.955371	0.0	1.0	1711
SATB1	2.3458538733920884	1.6945869256175705	2.3231337	0.0	7.752247	0.0034904013961605585	0.9965095986038395	1714
ARID4B	3.897821987579988	0.6671089882518912	3.9126499	0.64570075	6.4173107	0.0	1.0	1715
GSTZ1	4.479394430715532	0.8488144819922373	4.4962196	0.6133308	7.2626305	0.0	1.0	1718
SESN1	3.192063943938337	1.0940541286170022	3.1489503	0.46396244	8.906043	0.0	1.0	1716
SPEN	4.314438605514834	0.8292319057013048	4.3742046	0.48328078	7.1209116	0.0	1.0	1715
PFKL	5.640323779173939	0.7982252276387893	5.6643634	1.0875103	9.103293	0.0	1.0	1714
PDHX	4.804246503839441	0.658428261981089	4.781087	2.3202682	9.903521	0.0	1.0	1712
DENND2D	2.515427835971495	1.9262077057297082	2.4908807	0.0	8.182444	0.011634671320535195	0.9883653286794648	1700
CTTN	6.4506255159831305	1.9029912603901515	6.938921	0.0	11.584535	0.0005817335660267597	0.9994182664339732	1716
UBR7	4.717395731006399	0.8163413097209398	4.7354574	1.1966511	7.3494005	0.0	1.0	1716
GRB7	2.1927293853129726	2.2073216110233993	1.2234658	0.0	11.123643	0.06108202443280977	0.9389179755671903	1613
CD44	6.743525237118091	2.948330384141014	7.685625	0.0	13.046927	0.005817335660267597	0.9941826643397323	1710
VAV3	1.8582334532978477	1.8639091978304718	1.1707903	0.0	8.040443	0.04421175101803374	0.9557882489819662	1644
ABHD6	2.5169784334066314	1.0470835239899585	2.446542	0.0	8.724067	0.0005817335660267597	0.9994182664339732	1717
MAPKAPK2	5.159192273554392	0.757878255679217	5.183419	0.0	8.310818	0.0005817335660267597	0.9994182664339732	1717
CAB39	5.356092032809774	0.7233278721243349	5.3602486	1.2183968	7.7138195	0.0	1.0	1718
TIAM1	2.084120547290867	1.3680388504694663	2.1550238	0.0	6.069732	0.009307737056428156	0.9906922629435718	1704
DNM1L	5.856070768935427	0.6879418158593436	5.8899846	2.969692	8.666675	0.0	1.0	1718
DERA	5.459864006631763	0.8253923314165772	5.474212	0.601571	8.778113	0.0	1.0	1716
PTPRK	4.04914615067132	1.812263456301583	4.538501	0.0	7.721079	0.02210587550901687	0.9778941244909831	1679
HERC6	2.123090786916812	1.325685980038521	2.03288	0.0	6.725823	0.0075625363583478765	0.9924374636416521	1706
MKNK1	4.261420131122746	0.6903875989150091	4.299281	0.6567773	6.531015	0.0	1.0	1716
ACOT9	4.9673869683222796	1.1044473936275139	5.139232	0.0	8.436849	0.0005817335660267597	0.9994182664339732	1716
ST3GAL5	3.1223928111105295	1.648158521049076	3.1117291	0.027040783	8.118999	0.0	1.0	1719
CTNNAL1	5.284110588417684	1.1412475745423414	5.3468575	0.07302499	8.474079	0.0	1.0	1718
ABHD4	3.9114317458138452	1.241043120350985	3.9852	0.0	7.2500615	0.0005817335660267597	0.9994182664339732	1718
INPP4B	2.3975637648202444	1.6604681017572633	2.4770763	0.0	6.688614	0.015706806282722512	0.9842931937172775	1691
ZMIZ1	4.108183010272251	1.1555320847889297	4.1456776	0.018520234	8.38701	0.0	1.0	1718
PPARG	2.5709104948394415	2.1557781302109764	2.2219667	0.0	9.674826	0.06050029086678301	0.939499709133217	1616
RPP38	4.291929038219895	0.5644834571499621	4.2972646	2.2978106	6.895097	0.0	1.0	1712
CAST	6.17688145727167	1.148973720174047	6.3766046	0.82016015	9.1124525	0.0	1.0	1718
BAG3	4.318619701315881	1.324643226538953	4.5912247	0.0	8.6700115	0.0011634671320535194	0.9988365328679465	1716
GNA11	4.279512661713787	1.1630187779295864	4.520875	0.0	7.2589054	0.0029086678301337987	0.9970913321698662	1713
TOR1A	5.263458511925538	0.6093687033036521	5.3020597	2.361176	6.8382206	0.0	1.0	1717
SLC25A13	4.486845626940081	1.0168798432745783	4.554288	0.0	7.5016384	0.0011634671320535194	0.9988365328679465	1712
TSPAN4	5.370653765735892	1.6601343464956373	5.6230707	0.24135941	9.415885	0.0	1.0	1718
NR3C1	3.9392891460570096	1.485385895240785	4.158733	0.0	8.45455	0.004653868528214078	0.995346131471786	1710
TRIB3	4.9737696366143105	1.530243037347145	4.8865113	0.0	9.51777	0.0005817335660267597	0.9994182664339732	1718
CXCR4	2.241981253072135	2.6714958680197376	0.9188129	0.0	10.787339	0.06689936009307737	0.9331006399069226	1605
FKBP14	4.234941579386271	1.27335851353302	4.2970667	0.0	9.159165	0.0029086678301337987	0.9970913321698662	1714
CIAPIN1	5.6175768913321695	0.6296970013314259	5.6739974	1.8581004	7.428402	0.0	1.0	1715
COG7	3.632624486910995	0.5980984090165471	3.6528306	1.2293787	5.875667	0.0	1.0	1707
TUBB6	6.36860989895288	1.7595759860016087	6.6266756	1.4987972	10.550276	0.0	1.0	1717
ABL1	4.494158838627109	0.7813769156887596	4.5372896	1.1690719	7.1107497	0.0	1.0	1714
CCNF	3.49244819205352	0.9049773476809616	3.595623	0.24848384	6.2027173	0.0	1.0	1717
HSPA1A	4.565940566577661	2.227042388468904	5.189224	0.0	11.86316	0.004653868528214078	0.995346131471786	1711
EVL	4.114547508111693	1.8777117972535917	4.2156396	0.0	10.571402	0.008726003490401396	0.9912739965095986	1705
EAPP	5.260801787667249	0.6877879298174997	5.224928	2.7662709	8.718177	0.0	1.0	1716
EXT1	4.8257002330011645	1.686005126684934	4.9488673	0.0	8.488909	0.004072134962187318	0.9959278650378127	1712
POLE2	3.776786243414776	0.9746615200816332	3.915301	0.10474861	6.377393	0.0	1.0	1715
PLCB3	3.4818488425770795	0.910544250200088	3.5804229	0.1343077	5.9307775	0.0	1.0	1716
C2CD2	2.9132798753833624	1.1630158738628815	3.0568557	0.0	7.6297793	0.004072134962187318	0.9959278650378127	1711
ANKRD10	5.527790258464224	0.9767367158206565	5.48711	2.5109441	9.012619	0.0	1.0	1715
DDX10	4.524263480221059	0.7959599332057528	4.5050464	1.9171071	8.881689	0.0	1.0	1713
CEP57	5.086168996567772	0.7399299982478486	5.1102796	1.7715518	7.4402795	0.0	1.0	1716
RAB31	3.4905691583164633	2.063902720834546	3.8297482	0.0	8.465236	0.015125072716695753	0.9848749272833043	1693
ABCC5	4.103055673240256	0.9858465340438031	4.0555515	0.837559	8.198907	0.0	1.0	1713
RFC5	4.865914926783014	0.8096115775964259	4.929791	0.87031424	7.635914	0.0	1.0	1713
HES1	3.7008082251751016	1.8462456508685912	4.1272287	0.0	8.8275585	0.008144269924374637	0.9918557300756253	1705
KLHL9	3.5203445765404306	1.197224783847269	3.7584205	0.0	6.831497	0.016288539848749273	0.9837114601512508	1688
UBE2J1	4.854564335753345	0.9480171694156017	4.792241	0.0	9.379671	0.0005817335660267597	0.9994182664339732	1716
SLC37A4	4.474177723463642	0.8866389162736271	4.5321984	0.072490014	7.199329	0.0	1.0	1717
PLK1	5.760202575258872	1.106222625720894	5.9930673	0.18289311	7.929708	0.0	1.0	1719
NPRL2	4.219375609144852	0.6204233719717984	4.250143	0.0	6.2310505	0.0005817335660267597	0.9994182664339732	1717
PWP1	5.731585110645724	0.6014940755809214	5.7902794	2.1258428	7.8507805	0.0	1.0	1717
PLEKHM1	3.4736890177428736	0.7132439389276725	3.4679446	1.0829818	6.614075	0.0	1.0	1715
VAT1	6.1281530973240255	1.3654365697553874	6.2284513	1.3337843	9.824183	0.0	1.0	1718
KIF20A	5.050813836646306	1.0833598711049843	5.1803308	0.043515295	7.913117	0.0	1.0	1717
CDH3	2.4378795739924373	2.667523818031447	0.94097555	0.0	9.733885	0.038394415357766144	0.9616055846422339	1653
SSBP2	3.827520589611984	1.623292060976055	3.867689	0.0	9.391424	0.0005817335660267597	0.9994182664339732	1719
SNX11	4.2143162094822575	0.6540321199177888	4.2123437	1.2432303	7.3175573	0.0	1.0	1717
SFN	3.525432333901687	3.236314461447791	2.4335444	0.0	10.950424	0.035485747527632346	0.9645142524723677	1658
RFX5	5.059771086759745	0.9275870503665969	5.0703807	0.3656332	8.675569	0.0	1.0	1719
PKIG	4.1482711514380455	1.5074001887443826	4.2632375	0.0	8.890416	0.0011634671320535194	0.9988365328679465	1717
FSD1	2.073197977268761	1.699313790544762	2.004451	0.0	6.759675	0.0564281559045957	0.9435718440954043	1623
ATP6V1D	5.945103473938336	0.8543905407456381	5.994007	2.7969236	8.13125	0.0	1.0	1711
CDC45	4.999563659269343	1.1851407573599197	5.183149	0.037868544	8.315698	0.0	1.0	1717
EDEM1	4.423433204886562	1.0572217365414824	4.405972	0.8684505	8.590003	0.0	1.0	1714
MYLK	3.0597018493833628	2.241489972729905	2.6364622	0.013746662	11.211024	0.0	1.0	1718
USP6NL	3.3625402841239094	0.8105051916369177	3.383696	0.008952939	6.015279	0.0	1.0	1716
NT5DC2	6.027116429079698	1.2427477206120867	6.1751714	0.0	9.047153	0.0005817335660267597	0.9994182664339732	1714
CCP110	3.709948395840605	0.9616528423967345	3.6754773	0.61068875	7.9253407	0.0	1.0	1715
STK10	3.921964005549738	1.1541151973265797	3.9223785	0.08217528	8.155486	0.0	1.0	1718
UGDH	5.3123577351367075	1.2097489250797184	5.217626	0.2835224	9.835651	0.0	1.0	1717
HEBP1	4.932818136011634	1.3037626309411432	5.138749	0.0	8.56562	0.005817335660267597	0.9941826643397323	1709
FGFR4	2.5992089632460735	1.9836199816223312	2.2160358	0.0	10.484994	0.0075625363583478765	0.9924374636416521	1706
CDKN2A	4.160068575474695	2.979922788879059	4.781302	0.0	10.138144	0.08260616637579989	0.9173938336242001	1577
ATP11B	4.653998983530541	0.8372985662382852	4.731292	0.017022526	7.4439135	0.0	1.0	1714
CD320	5.682805988371147	1.1387058792036155	5.7895365	0.10469494	9.593548	0.0	1.0	1715
CDKN1B	5.0683148291448505	0.8733767637974906	5.033718	0.0	7.858491	0.0005817335660267597	0.9994182664339732	1718
MLLT11	3.629792119621873	2.0771102714693916	3.59272	0.15074553	9.755212	0.0	1.0	1719
CEBPZ	5.182993810063991	0.5598510526994103	5.216699	2.925897	7.250052	0.0	1.0	1718
GAPDH	11.878309849621871	0.7196986205926239	11.915928	7.664874	14.305506	0.0	1.0	1715
CBR3	2.9801937995340313	1.6746050339010936	3.1889627	0.0	7.0261803	0.02675974403723095	0.9732402559627691	1670
